name,website,emails
Regentre Co,http://regentre.co/,"[""regent@regentre.co""]"
Brookrea,http://www.brookrea.com/,"[""info@cogentre.co.uk""]"
Capitalrealtyltd Co Uk,http://capitalrealtyltd.co.uk/,"[""info@cityaccommodations.co.uk""]"
Cogentre Co Uk,http://www.cogentre.co.uk/,[]
Cityaccommodations Co Uk,https://cityaccommodations.co.uk/,"[""info@finnerti.com""]"
Fraserbond Co Uk,http://fraserbond.co.uk/,"[""hector@marickrealestate.com"",""callum@marickrealestate.com"",""Daniel@marickrealestate.com"",""James@marickrealestate.com"",""James@marickps.com"",""info@marickrealestate.com""]"
Moveagain Co Uk,https://www.moveagain.co.uk/,[]
Virtualestate Co,http://www.virtualestate.co/,"[""bmg@goldenberg.co.uk"",""admin@goldenberg.co.uk""]"
Finnerti,http://www.finnerti.com/,"[""user@domain.com"",""londonbridge@nelsonssales.com""]"
Thepropertyagent Net,https://www.thepropertyagent.net/,[]
Marickrealestate,http://marickrealestate.com/,[]
Hoa Org Uk,https://hoa.org.uk/,[]
Goldenberg Co Uk,http://www.goldenberg.co.uk/,"[""hello@mazerealestate.co.uk""]"
Nelsonssales,http://www.nelsonssales.com/,"[""enquiries@farebrother.com""]"
Christie,http://www.christie.com/,"[""enquiries@christie.com""]"
Xix Co Uk,https://xix.co.uk/,"[""hello@xix.co.uk""]"
London Fs,http://london-fs.com/,"[""enquiries@london-fs.com""]"
Officefreedom,https://www.officefreedom.com/,"[""enquiry@officefreedom.com"",""website-enquiries@officefreedom.com"",""v@OfficeFreedom2025.WebUi.Services.AppVersion.Display"",""inquiry@officefreedom.com""]"
Longmill,http://longmill.com/,"[""omgmkt2019@gmail.com"",""-2@72x-8.png"",""-2@72x-8-573x600.png""]"
Onemovegroup,http://www.onemovegroup.com/,"[""info@hasrealestate.com"",""sajid@hasrealestate.com""]"
Hasrealestate Co Uk/?Page_Id=232?Loc=All,http://hasrealestate.co.uk/?page_id=232?loc=all,"[""enquiries@klm-re.com""]"
Dunesandtides Co Uk,http://www.dunesandtides.co.uk/,"[""info@savoystewart.co.uk""]"
Klm Re,http://www.klm-re.com/,[]
Savoystewart Co Uk,https://www.savoystewart.co.uk/,"[""info@redcardinal.co.uk"",""your@email.com""]"
Ldnrealtors Co Uk,http://ldnrealtors.co.uk/,[]
Stonelinkinternational,https://www.stonelinkinternational.com/,"[""aaron@hansonestates.com""]"
Redcardinal Co Uk,http://redcardinal.co.uk/,"[""info@madesimplemedia.co.uk"",""enquiries@restaurant-property.co.uk""]"
Businformaps Org/Details/Real Estate London Chijxdg,https://businformaps.org/details/real-estate-london-ChIJxdg,"[""Kennington@barnardmarcus.co.uk"",""kenningtonlet@barnardmarcus.co.uk""]"
Hansonestates,https://www.hansonestates.com/,"[""camden.sales@hotblack.co.uk"",""abigail.mills@hotblack.co.uk"",""Jessica.Samuels@hotblack.co.uk"",""mw@hotblack.co.uk"",""alasdair@hotblack.co.uk"",""Daniel.Fairbairn1@hotblack.co.uk"",""saskia@hotblack.co.uk"",""gino.gerardo@hotblack.co.uk"",""rachel.bird@hotblack.co.uk"",""laura.simpson@hotblack.co..uk"",""eric@hotblack.co.uk"",""stuart.shiers@hotblack.co.uk"",""diriye.warsame@hotblack.co.uk"",""adriana.daley@hotblack.co.uk"",""james.blissett@hotblack.co.uk"",""jake.perkins@hotblack.co.uk"",""jessica.pinnick@hotblack.co.uk"",""maya.hall@hotblack.co.uk"",""charlie.Sydee@hotblack.co.uk"",""samantha.johnson@hotblack.co.uk"",""alistair.mantle@hotblack.co.uk"",""u003ecamden.sales@hotblack.co.uk""]"
Restaurant Property Co Uk,https://www.restaurant-property.co.uk/,"[""robin@homeflow.co.uk"",""residential.management@chestertons.co.uk"",""hea.portals@chestertons.co.uk"",""dpo@campionsgroup.co.uk"",""james.rowland@chestertons.co.uk"",""newhomes@chestertons.co.uk"",""rachael.lloyd@campionsgroup.co.uk"",""pro.portals@chestertons.co.uk"",""replies@chestertons.co.uk"",""mary.umali@chestertons.co.uk"",""fion.wang@chestertons.co.uk"",""emma.wilbourne@chestertons.co.uk"",""events@chestertons.co.uk"",""sara.scasseddu@chestertons.co.uk"",""chesweb@portalenquiries.sms-speedway.co.uk"",""Angie.Oliver@chestertons.co.uk"",""Rebecca.Jones@campionsgroup.co.uk"",""hello@chestertons.co.uk"",""anna.belova@chestertons.co.uk"",""valuemyproperty@chestertons.co.uk"",""liam.riordan@campionsgroup.co.uk"",""jordana.miles@chestertons.co.uk"",""yuliya.shegay@chestertons.co.uk"",""short.lets@chestertons.co.uk"",""corporateservices@chestertons.co.uk"",""landlordservices@chestertons.co.uk"",""gully.shrew977@eagereverest.com"",""anna.belova@campionsgroup.co.uk"",""kerl@chestertons.co.uk"",""belay.cirque5128@eagereverest.com"",""amber.zhao@chestertons.co.uk"",""ahmad.alazem@chestertons.co.uk"",""bal.portals@chestertons.co.uk"",""may.portals@chestertons.co.uk"",""robot+chestertonsmayfair@salesrook.com""]"
Avisonyoung Co Uk/Web/London Gresham Street?Utm_Source=Google&Utm_Medium=Gmb,https://www.avisonyoung.co.uk/web/london-gresham-street?utm_source=google&utm_medium=gmb,"[""webleads-bcc@avisonyoung.com""]"
Citrusrelocation,https://www.citrusrelocation.com/,[]
Tuckerman Co Uk,http://www.tuckerman.co.uk/,"[""enquiries@tuckerman.co.uk""]"
Zipkin Co Uk,http://www.zipkin.co.uk/,[]
Sold Co Uk,https://www.sold.co.uk/,"[""info@sold.co.uk""]"
Rightmove Co Uk/Property/London Html,http://www.rightmove.co.uk/property/London.html,"[""wapping@benhams.com"",""wapping.sales@benhams.com""]"
Greenlivingglobal Co Uk,https://www.greenlivingglobal.co.uk/,"[""info@longrad.com""]"
Londonhomessearch Co Uk,https://www.londonhomessearch.co.uk/,"[""info@ecresidential.co.uk"",""enquiries@ecresidential.co.uk""]"
Benhams,https://www.benhams.com/estate-agents/wapping/?utm_source=gmb&utm_medium=seo&utm_campaign=Wapping,"[""info@rosecp.co.uk""]"
Constantinere,http://www.constantinere.com/,"[""info@abilityestateagents.com""]"
Longrad,http://www.longrad.com/,[]
Ecresidential Co Uk,https://ecresidential.co.uk/,"[""info@fraser.uk.com""]"
Rosecp Co Uk,https://rosecp.co.uk/,[]
Abilityestateagents,http://www.abilityestateagents.com/,[]
Black Brick,http://www.black-brick.com/,[]
Kontor,http://www.kontor.com/,"[""hello@kontor.com""]"
Galleonpropertysearch,https://galleonpropertysearch.com/,"[""info@galleonpropertysearch.com""]"
Jpropertymanagement Co Uk,http://www.jpropertymanagement.co.uk/,"[""info@jpropertymanagement.co.uk""]"
Realestatexchange It,https://realestatexchange.it/,"[""info@realestatexchange.co.uk""]"
Benhams,https://www.benhams.com/estate-agents/hampstead/?utm_source=gmb&utm_medium=seo&utm_campaign=Hampstead,"[""hamp@benhams.com"",""hampstead.sales@benhams.com""]"
Londonpropertybuying Co Uk,https://www.londonpropertybuying.co.uk/,[]
Sohopropertyagency,http://sohopropertyagency.com/,"[""info@as-financial.com""]"
Mayfairinternationalrealty,http://www.mayfairinternationalrealty.com/,[]
O J Co Uk/Estate Agents/Surrey Quays/?Utm_Source=Googlemybusiness&Utm_Medium=Surrey Quays,https://o-j.co.uk/estate-agents/surrey-quays/?utm_source=GoogleMyBusiness&utm_medium=surrey-quays,"[""keith.dowley@dtre.com"",""david.turner@dtre.com"",""natalie.barone@dtre.com"",""ben.sleath@dtre.com"",""jake.huntley@dtre.com"",""mark.webster@dtre.com"",""harry.glatman@dtre.com"",""tom.sarjant@dtre.com"",""richard.harman@dtre.com"",""matt.smith@dtre.com"",""dan@paragon-creative.com"",""hannah.smith@showandtell.agency"",""john.adcock@dtre.com"",""tom.fairlie@dtre.com"",""jamie.green@dtre.com"",""james.cook@dtre.com"",""jim.remfry@dtre.com"",""amelia.balkwill@dtre.com"",""paul.graham@dtre.com"",""florence.weston@dtre.com"",""jack.weatherilt@dtre.com"",""lily.freeman@dtre.com"",""polly.bennett@dtre.com"",""anton@impression.studio"",""robert.taylor@dtre.com"",""careers@dtre.com"",""info@dtre.com"",""hroxbrugh@nepean.co.uk"",""research@dtre.com""]"
As Financial,https://www.as-financial.com/,"[""info@viewlettings.com""]"
Instagram,https://www.instagram.com/KMIAI_properties,[]
Shortleasepropertysales Co Uk,https://shortleasepropertysales.co.uk/,"[""customercare@liferesidential.co.uk""]"
Dtre,http://www.dtre.com/,"[""info@99home.co.uk""]"
Shbre Co Uk,http://www.shbre.co.uk/,"[""info@bellmanlondon.com""]"
Viewlettings,http://www.viewlettings.com/,[]
Uklondonhomes,http://uklondonhomes.com/,"[""hello@noplacelikehomelondon.com""]"
Noplacelikehomelondon,http://www.noplacelikehomelondon.com/,"[""info@aeontrisl.com""]"
Re Search London,http://www.re-search.london/,"[""info@oceanwideproperties.co.uk""]"
Londonproperty Co Uk,http://www.londonproperty.co.uk/,[]
Aeontrisl Co Uk,http://www.aeontrisl.co.uk/,[]
Oceanwideproperties Co Uk,http://www.oceanwideproperties.co.uk/,"[""info@coreresidential.com"",""clientservices@coreresidential.com"",""complaints@coreresidential.com"",""pm@coreresidential.com""]"
Stirlingackroyd,https://www.stirlingackroyd.com/our-branches/west-end/?tel=3&utm_source=gmb&utm_medium=gmb&utm_campaign=west-end,[]
Stirlingackroyd,https://www.stirlingackroyd.com/our-branches/london-bridge/?tel=3&utm_source=gmb&utm_medium=gmb&utm_campaign=london_bridge,"[""info@lgkproperties.co.uk""]"
Coreresidential,https://www.coreresidential.com/contact/?utm_source=localmaps&utm_medium=gbp&utm_campaign=queens_park,[]
Thelondonbroker,http://www.thelondonbroker.com/,"[""david@davidadams.london""]"
Lgkproperties Co Uk,https://www.lgkproperties.co.uk/,[]
Coldwellbanker Co Uk/?Utm_Source=Localmaps&Utm_Medium=Gbp&Utm_Campaign=South_Bank,https://www.coldwellbanker.co.uk/?utm_source=localmaps&utm_medium=gbp&utm_campaign=south_bank,[]
Davidadams London,http://davidadams.london/,[]
Estatedevelopers,https://www.estatedevelopers.com.pk/,"[""info@lreo.co.uk"",""u003einfo@lreo.co.uk""]"
Bensons London,http://www.bensons.london/,[]
Maskells,https://www.maskells.com/contact-us/estate-agent-in-kensington/?utm_source=google&utm_medium=organic&utm_campaign=gbp_kensington,"[""saleskcs@maskells.com"",""lettingskcs@maskells.com""]"
Sellmyhome Co Uk,http://www.sellmyhome.co.uk/,[]
Marshandparsons Co Uk/Contact Us/Branches/Marylebone Estate Agents,https://www.marshandparsons.co.uk/contact-us/branches/marylebone-estate-agents/,"[""act@marshandparsons.co.uk"",""ask@marshandparsons.co.uk"",""bal@marshandparsons.co.uk"",""bar@marshandparsons.co.uk"",""bat@marshandparsons.co.uk"",""bis@marshandparsons.co.uk"",""brx@marshandparsons.co.uk"",""bkg@marshandparsons.co.uk"",""cam@marshandparsons.co.uk"",""chs@marshandparsons.co.uk"",""cwk@marshandparsons.co.uk"",""clp@marshandparsons.co.uk"",""ect@marshandparsons.co.uk"",""esh@marshandparsons.co.uk"",""ful@marshandparsons.co.uk"",""hol@marshandparsons.co.uk"",""isl@marshandparsons.co.uk"",""knn@marshandparsons.co.uk"",""kns@marshandparsons.co.uk"",""lve@marshandparsons.co.uk"",""mar@marshandparsons.co.uk"",""nkn@marshandparsons.co.uk"",""not@marshandparsons.co.uk"",""pim@marshandparsons.co.uk"",""qpk@marshandparsons.co.uk"",""ric@marshandparsons.co.uk"",""sho@marshandparsons.co.uk"",""skn@marshandparsons.co.uk"",""str@marshandparsons.co.uk"",""too@marshandparsons.co.uk"",""tpk@marshandparsons.co.uk"",""wil@marshandparsons.co.uk"",""customercare@marshandparsons.co.uk"",""guzman-barquin-FkKClUPUURU-unsplash@2x.png"",""david-ramirez-9pyvot7HKjk-unsplash@2x.png"",""minh-pham-OtXADkUh3-I-unsplash@2x.png"",""brad-starkey-9QczXovmzCk-unsplash@2x.png"",""xl_191182_637317179402670000@2x.png"",""exterior-london-new-homes-pod@2x.png"",""rsz_2mp_kennington_office-18@2x.png"",""staff-london-training-and-development-property-pod@2x.png"",""rsz_bhiu8067@2x.png""]"
Grantjbates,https://grantjbates.com/,"[""hello@grantjbates.com""]"
Morganpryce Co Uk,http://www.morganpryce.co.uk/,"[""info@morganpryce.co.uk"",""matthew-white@birketts.co.uk"",""jimmy@nicheprojects.net""]"
London Executive,https://www.london-executive.com/,"[""newhomes@stone.london""]"
Stone London,https://stone.london/,[]
Dijrealestate,http://www.dijrealestate.com/,[]
Savills Co Uk/Estate Agents/Savills Mayfair Aspx?Utm_Source=Google&Utm_Medium=Local&Utm_Term=Mayfair,https://www.savills.co.uk/estate-agents/savills-mayfair.aspx?utm_source=Google&utm_medium=Local&utm_term=Mayfair,"[""user@domain.com"",""info@londonpropertypartnersuk.com"",""4@150x.png"",""Logo@150x.png""]"
Dexters Co Uk/Contact Us/Our Offices/Mayfair,https://www.dexters.co.uk/contact-us/our-offices/mayfair,[]
Residential Jll Co Uk/Offices/Estate Agent London City,https://residential.jll.co.uk/offices/estate-agent-london-city,[]
Andrewreeves Co Uk,https://www.andrewreeves.co.uk/,"[""contact@leonewman.co.uk"",""newbusiness@leonewman.co.uk""]"
Londonpropertypartnersuk,http://www.londonpropertypartnersuk.com/,"[""alex.cabral@exp.uk.com""]"
Agestateagents Co Uk,http://agestateagents.co.uk/,[]
Inkworth Co Uk/Estate Agents/West End,http://www.winkworth.co.uk/estate-agents/west-end,"[""me@example.com"",""westend@winkworth.co.uk""]"
Primelondonresidential,http://www.primelondonresidential.com/,"[""CROffice@PrimeLondonResidential.com"",""CWOffice@PrimeLondonResidential.com"",""Jessica@PrimeLondonResidential.com"",""Adena@PrimeLondonResidential.com"",""Tori@PrimeLondonResidential.com"",""Joseph@PrimeLondonResidential.com"",""Bryce@PrimeLondonResidential.com"",""Daniel@PrimeLondonResidential.com"",""Ellie@PrimeLondonResidential.com"",""Charlie@PrimeLondonResidential.com"",""Devon@PrimeLondonResidential.com"",""Tom@PrimeLondonResidential.com"",""Shannon@PrimeLondonResidential.com"",""Matthew@PrimeLondonResidential.com"",""Gytis@PrimeLondonResidential.com"",""Aline@PrimeLondonResidential.com"",""Francesca@PrimeLondonResidential.com"",""Aria@PrimeLondonResidential.com"",""Taline@PrimeLondonResidential.com"",""Freya@PrimeLondonResidential.com"",""Cristina@PrimeLondonResidential.com"",""Simran@PrimeLondonResidential.com"",""Elinor@PrimeLondonResidential.com"",""Olivia@PrimeLondonResidential.com"",""Kate@PrimeLondonResidential.com""]"
Core London,http://core.london/,[]
Quintessentiallyestates,https://www.quintessentiallyestates.com/,"[""info@quintessentiallyestates.com"",""info@quintessentiallyestates.comHome""]"
Obprivate Co Uk/Property,https://www.obprivate.co.uk/property/,"[""info@obprivate.co.uk"",""Daisy@obprivate.co.uk"",""Beatrix@obprivate.co.uk"",""Harvey@obprivate.co.uk"",""Mark@obprivate.co.uk"",""Tish@obprivate.co.uk"",""charlie@obprivate.co.uk"",""talya@obprivate.co.uk"",""tara@obprivate.co.uk"",""jade@obprivate.co.uk"",""Ari@obprivate.co.uk"",""Tringa@obprivate.co.uk"",""elizabeth@obprivate.co.uk"",""Charlie.cunningham-reid@obprivate.co.uk"",""Tracy@obprivate.co.uk"",""Nathanial@obprivate.co.uk"",""Harry@obprivate.co.uk"",""Will@obprivate.co.uk"",""kim@obprivate.co.uk"",""PROPERTYMANAGEMENT@OBPRIVATE.CO.UK"",""olivia@obprivate.co.uk""]"
Douglasandgordon,https://www.douglasandgordon.com/contact/Pimlico-Westminster/?utm_campaign=Pimlico&utm_content=Douglas+%26+Gordon+Estate+Agents+Pimlico+%26+Westminster&utm_medium=organic&utm_source=google_gmb,"[""pimlicosales@dng.co.uk"",""pimlicolets@dng.co.uk""]"
Astonslondon,https://www.astonslondon.com/,[]
Dexters Co Uk/Contact Us/Our Offices/Marylebone,https://www.dexters.co.uk/contact-us/our-offices/marylebone,"[""user@domain.com"",""info@amarant.co.uk""]"
Beauchampestates,https://www.beauchampestates.com/?utm_source=gmb&utm_medium=organic,"[""info@novarealty.uk""]"
Burlingtonestateagents Co Uk,https://burlingtonestateagents.co.uk/,"[""robin@homeflow.co.uk"",""residential.management@chestertons.co.uk"",""hea.portals@chestertons.co.uk"",""dpo@campionsgroup.co.uk"",""james.rowland@chestertons.co.uk"",""newhomes@chestertons.co.uk"",""rachael.lloyd@campionsgroup.co.uk"",""pro.portals@chestertons.co.uk"",""replies@chestertons.co.uk"",""mary.umali@chestertons.co.uk"",""fion.wang@chestertons.co.uk"",""emma.wilbourne@chestertons.co.uk"",""events@chestertons.co.uk"",""sara.scasseddu@chestertons.co.uk"",""chesweb@portalenquiries.sms-speedway.co.uk"",""Angie.Oliver@chestertons.co.uk"",""Rebecca.Jones@campionsgroup.co.uk"",""hello@chestertons.co.uk"",""anna.belova@chestertons.co.uk"",""valuemyproperty@chestertons.co.uk"",""liam.riordan@campionsgroup.co.uk"",""jordana.miles@chestertons.co.uk"",""yuliya.shegay@chestertons.co.uk"",""short.lets@chestertons.co.uk"",""corporateservices@chestertons.co.uk"",""landlordservices@chestertons.co.uk"",""gully.shrew977@eagereverest.com"",""anna.belova@campionsgroup.co.uk"",""kerl@chestertons.co.uk"",""belay.cirque5128@eagereverest.com"",""amber.zhao@chestertons.co.uk"",""ahmad.alazem@chestertons.co.uk"",""bal.portals@chestertons.co.uk"",""shf.portals@chestertons.co.uk"",""robot+chestertonscoventgarden@salesrook.com""]"
Estateagentnearme,https://www.estateagentnearme.com/,"[""bf@sothebysrealty.co.uk"",""rsw@sothebysrealty.co.uk"",""rss@sothebysrealty.co.uk"",""skr@sothebysrealty.co.uk"",""bh@sothebysrealty.co.uk"",""lg@sothebysrealty.co.uk"",""spe@sothebysrealty.co.uk"",""jw@sothebysrealty.co.uk"",""jr@sothebysrealty.co.uk"",""tk@sothebysrealty.co.uk"",""ssp@sothebysrealty.co.uk"",""dj@sothebysrealty.co.uk"",""hw@sothebysrealty.co.uk"",""mo@sothebysrealty.co.uk"",""abo@sothebysrealty.co.uk"",""jmo@sothebysrealty.co.uk"",""jg@sothebysrealty.co.uk"",""catharine.che@sothebysrealty.co.uk"",""mc@sothebysrealty.co.uk"",""se@sothebysrealty.co.uk"",""dz@sothebysrealty.co.uk"",""dd@sothebysrealty.co.uk"",""customercare@sothebysrealty.co.uk""]"
Amarant Co Uk,https://www.amarant.co.uk/,"[""luke@valmontgroup.co.uk""]"
Novarealty Uk,http://www.novarealty.uk/,"[""info@oliverjames-london.com""]"
Chestertons Co Uk/En Gb/Network/Central London/Covent Garden?Utm_Source=Google&Utm_Medium=Local,https://www.chestertons.co.uk/en-gb/network/central-london/covent-garden?utm_source=Google&utm_medium=Local,[]
Sothebysrealty Co Uk,https://www.sothebysrealty.co.uk/,"[""city@benhams.com"",""city.sales@benhams.com""]"
Valmontgroup Co Uk,https://valmontgroup.co.uk/,"[""richard.aves@exp.uk.com""]"
Maskells,https://www.maskells.com/contact-us/estate-agent-in-chelsea/?utm_source=google&utm_medium=organic&utm_campaign=gbp_chelsea,"[""waltonstreetsales@maskells.com"",""lettings@maskells.com""]"
Residentialrealtors Co Uk,http://www.residentialrealtors.co.uk/,[]
Etherell Co Uk,https://wetherell.co.uk/,[]
Residential Jll Co Uk/Offices/Estate Agent Mayfair,https://residential.jll.co.uk/offices/estate-agent-mayfair,"[""office@londonestates.net""]"
London Estates Net,https://www.london-estates.net/,"[""CROffice@PrimeLondonResidential.com"",""CWOffice@PrimeLondonResidential.com"",""Jessica@PrimeLondonResidential.com"",""Adena@PrimeLondonResidential.com"",""Tori@PrimeLondonResidential.com"",""Joseph@PrimeLondonResidential.com"",""Bryce@PrimeLondonResidential.com"",""Daniel@PrimeLondonResidential.com"",""Ellie@PrimeLondonResidential.com"",""Charlie@PrimeLondonResidential.com"",""Devon@PrimeLondonResidential.com"",""Tom@PrimeLondonResidential.com"",""Shannon@PrimeLondonResidential.com"",""Matthew@PrimeLondonResidential.com"",""Gytis@PrimeLondonResidential.com"",""Aline@PrimeLondonResidential.com"",""Francesca@PrimeLondonResidential.com"",""Aria@PrimeLondonResidential.com"",""Taline@PrimeLondonResidential.com"",""Freya@PrimeLondonResidential.com"",""Cristina@PrimeLondonResidential.com"",""Simran@PrimeLondonResidential.com"",""Elinor@PrimeLondonResidential.com"",""Olivia@PrimeLondonResidential.com"",""Kate@PrimeLondonResidential.com""]"
Primelondonresidential,https://www.primelondonresidential.com/,[]
Peachproperties,http://www.peachproperties.com/,[]
Frankharris Co Uk/Branches/Bloomsbury And Kings Cross,https://www.frankharris.co.uk/branches/bloomsbury-and-kings-cross,[]
Jbrown,http://www.jbrown.com/,"[""londonliving@llre.ca""]"
Londonlivingrealestate,http://londonlivingrealestate.com/,[]
Acorngroup Co Uk/Our Offices/Estate Agents In London Bridge?Utm_Source=Localmaps&Utm_Medium=Gbp&Utm_Campaign=Gmb_London_Bridge,https://www.acorngroup.co.uk/our-offices/estate-agents-in-london-bridge?utm_source=localmaps&utm_medium=gbp&utm_campaign=gmb_london_bridge,"[""info@century21uk.com"",""londoncentral@century21uk.com""]"
Century21Uk,http://www.century21uk.com/london-central,"[""CoventGarden@barnardmarcus.co.uk"",""coventgardenlet@barnardmarcus.co.uk""]"
Barnardmarcus Co Uk/Estate Agents/Covent Garden?Utm_Source=Google&Utm_Medium=Main+Url&Utm_Campaign=Google+Knowledge+Panel&Utm_Id=Yext&Y_Source=1_Njuyntuxntmtnze1Lwxvy2F0Aw9Ulndlynnpdgu%3D,https://www.barnardmarcus.co.uk/estate-agents/covent-garden?utm_source=Google&utm_medium=Main+URL&utm_campaign=Google+Knowledge+Panel&utm_id=YEXT&y_source=1_NjUyNTUxNTMtNzE1LWxvY2F0aW9uLndlYnNpdGU%3D,"[""hello@tavistockbow.com""]"
Uniquepropertycompany Co Uk,http://uniquepropertycompany.co.uk/,[]
Tavistockbo,https://tavistockbow.com/,"[""youremail@example.com""]"
Danielcobb Co Uk/Our Offices/Kennington Estate Agents?Utm_Source=Gmb&Utm_Medium=Organic&Utm_Campaign=Gmb,https://www.danielcobb.co.uk/our-offices/kennington-estate-agents?utm_source=gmb&utm_medium=organic&utm_campaign=gmb,[]
Laurels Co Uk,https://laurels.co.uk/,"[""damien@jefferies.london"",""john@jefferies.london"",""siobhan@jefferies.london"",""alex@jefferies.london"",""richard@jefferies.london"",""marco@jefferies.london"",""lal@jefferies.london"",""daniele@jefferies.london"",""natasha@jefferies.london"",""ali@jefferies.london"",""xochitl@jefferies.london"",""joslin@jefferies.london"",""oscar@jefferies.london"",""adam@jefferies.london"",""james@jefferies.london"",""liana@jefferies.london"",""lamprini@jefferies.london"",""renee@jefferies.london"",""hello@jefferies.london""]"
Londonworldclass Co Uk,https://londonworldclass.co.uk/,"[""info@chbl.uk""]"
Chbl Uk,https://www.chbl.uk/,"[""ashley@forestrealestate.co.uk"",""casey@forestrealestate.co.uk"",""zach@forestrealestate.co.uk"",""ethan@forestrealestate.co.uk"",""info@forestrealestate.co.uk""]"
Forestrealestate Co Uk,http://www.forestrealestate.co.uk/,[]
Danielcobb Co Uk/Our Offices/London Bridge Estate Agents?Utm_Source=Gmb&Utm_Medium=Organic&Utm_Campaign=Gmb,https://www.danielcobb.co.uk/our-offices/london-bridge-estate-agents?utm_source=gmb&utm_medium=organic&utm_campaign=gmb,[]
Kfh Co Uk/Branches/London Bridge/?Utm_Source=Google&Utm_Medium=Local&Utm_Campaign=Gmb&Utm_Term=London_Bridge,https://www.kfh.co.uk/branches/london-bridge/?utm_source=google&utm_medium=local&utm_campaign=gmb&utm_term=london_bridge,"[""James@scale-re.com"",""tom@scale-re.com"",""Jack@scale-re.com"",""hello@scale-re.com""]"
Scale Re,https://scale-re.com/,[]
Londonapart,http://londonapart.com/,"[""sales@kayandco.com"",""lettings@kayandco.com""]"
Kayandco,https://www.kayandco.com/branch/hyde-park/?utm_source=googlemaps&utm_medium=organic,[]
Circalondon,http://www.circalondon.com/,"[""cropped-Artboard@2x-32x32.png"",""cropped-Artboard@2x-192x192.png"",""cropped-Artboard@2x-180x180.png"",""cropped-Artboard@2x-270x270.png"",""Artboard@2x-copy-2.png"",""hello@storyofhome.co.uk""]"
Greaterlondonproperties Co Uk/?Utm_Source=Google&Utm_Medium=Referal&Utm_Campaign=Soho&Utm_Term=Soho&Utm_Content=Soho,https://www.greaterlondonproperties.co.uk/?utm_source=google&utm_medium=referal&utm_campaign=soho&utm_term=soho&utm_content=soho,"[""name@domain.com"",""hello@properly.space""]"
Storyofhome Co Uk,http://www.storyofhome.co.uk/,[]
Knightfrank Co Uk/Offices/Mayfair Estate Agents?Utm_Source=Gmb&Utm_Medium=Organic&Utm_Campaign=Yext_Office_Listing&Utm_Content=Mayfair_Estate_Agents_Listing&Y_Source=1_Mtewnju3Mzktnze1Lwxvy2F0Aw9Ulndlynnpdgu%3D,https://www.knightfrank.co.uk/offices/mayfair-estate-agents?utm_source=gmb&utm_medium=organic&utm_campaign=yext_office_listing&utm_content=mayfair_estate_agents_listing&y_source=1_MTEwNjU3MzktNzE1LWxvY2F0aW9uLndlYnNpdGU%3D,[]
Properly Space,https://properly.space/,[]
Hudsonsproperty,https://www.hudsonsproperty.com/?utm_source=Google%20My%20Business&utm_medium=Website,"[""logo-houzez-white@2x.png""]"
Guardsrealestate,http://www.guardsrealestate.com/,"[""hello@theprivaterealtor.com""]"
Greaterlondonproperties Co Uk/?Utm_Source=Google&Utm_Medium=Referal&Utm_Campaign=Bloomsbury&Utm_Term=Bloomsbury&Utm_Content=Bloomsbury,https://www.greaterlondonproperties.co.uk/?utm_source=google&utm_medium=referal&utm_campaign=bloomsbury&utm_term=bloomsbury&utm_content=bloomsbury,"[""info@tyronash.com""]"
Dexters Co Uk/Contact Us/Our Offices/London Bridge,https://www.dexters.co.uk/contact-us/our-offices/london-bridge,[]
Realestateagentslondon Co Uk,https://realestateagentslondon.co.uk/,"[""info@realestateagentslondon.co.uk""]"
Danielfeau,https://danielfeau.com/fr/detail-agence-immobiliere/3159,"[""notif.leads.immeubles@danielfeau.com""]"
Kacius Fr,http://kacius.fr/,"[""contact@kacius.fr""]"
Lokim,http://www.lokim.com/,[]
Orpi,https://www.orpi.com/mcd/?utm_source=gmb&utm_medium=organic&utm_campaign=gmb_paris%2011eme%20arrondissement&utm_content=mcd,[]
Parisrentalservices Fr,http://www.parisrentalservices.fr/,"[""fabiano@international-home.net""]"
Parisrealty Fr/Contact 3,https://www.parisrealty.fr/contact-3,"[""hello@hellocourtier.fr""]"
International Home Net,http://international-home.net/,[]
Hellocourtier Fr,https://hellocourtier.fr/,[]
Immocity,https://immocity.com/agence-immobiliere/paris-12/142,"[""panameimmo@gmail.com""]"
Ateliers Lofts,https://www.ateliers-lofts.com/,"[""ALG-logo@2x.png""]"
Letsgoimmobilier,http://www.letsgoimmobilier.com/,"[""contact@fyneo.fr"",""votre@email.com""]"
Fr Foncia,https://fr.foncia.com/agence-immobiliere/paris-75003/agence-immobiliere/foncia-transaction-paris-rambuteau-1129,"[""paris.rive.droite@espaces-atypiques.com"",""contact@espaces-atypiques.com"",""chloe.guillaume@espaces-atypiques.com"",""simon.jego@espaces-atypiques.com"",""magaly.leygnac@espaces-atypiques.com"",""sandra.mascio@espaces-atypiques.com"",""ornella.galland@espaces-atypiques.com"",""feriel.hafsi@espaces-atypiques.com"",""charlotte.fauconnier@espaces-atypiques.com"",""alka.balbir@espaces-atypiques.com""]"
Espaces Atypiques,https://www.espaces-atypiques.com/paris-rive-droite/,"[""contact@paris-apts.com""]"
Paris Apts,http://www.paris-apts.com/,"[""rueilmalmaison@junot.fr"",""junot78-92@junot.fr"",""rgpd@junot.fr""]"
Junot Fr/Fr/Agences/Junot Rueil Malmaison?Utm_Source=Google&Utm_Medium=Organic&Utm_Campaign=Local&Utm_Content=Junot Rueil Malmaison,https://www.junot.fr/fr/agences/junot-rueil-malmaison?utm_source=google&utm_medium=organic&utm_campaign=local&utm_content=junot-rueil-malmaison,[]
Agence Etoile Fr/Author/Agent_75010,http://www.agence-etoile.fr/author/agent_75010/,"[""hello@helloagent.fr""]"
Paris Island,http://paris-island.com/,[]
Helloagent Fr,http://helloagent.fr/,"[""agence@isrimmo.com"",""amesha.leehul@isrfrance.com"",""frank.galloni@isrfrance.com"",""n.banguetandet@isrfrance.com""]"
Valeursactivesassociees,https://www.valeursactivesassociees.com/,"[""contact@promothome.com""]"
321International,http://www.321international.com/,[]
Isr Fr,https://isr-fr.com/fr/,[]
Promothome,https://www.promothome.com/,"[""contact@delachaiseimmo.fr""]"
Jeudiparis,http://jeudiparis.com/,[]
Highstay,https://highstay.com/,"[""l.nabede@terreis.fr""]"
Delachaiseimmobilier Fr,http://delachaiseimmobilier.fr/,"[""contact@regm.immo""]"
Pierre Pariscentre Naosimmobilier,https://pierre-pariscentre.naosimmobilier.com/,[]
Fr Foncia,https://fr.foncia.com/agence-immobiliere/paris-75003/agence-immobiliere/foncia-transaction-paris-rambuteau-1129,"[""lyon@espaces-atypiques.com"",""seine.et.marne@espaces-atypiques.com"",""essonne@espaces-atypiques.com"",""avignon@espaces-atypiques.com"",""paris.est@espaces-atypiques.com"",""toulon@espaces-atypiques.com"",""hyeres@espaces-atypiques.com"",""angers@espaces-atypiques.com"",""vendee@espaces-atypiques.com"",""marseille@espaces-atypiques.com"",""arles@espaces-atypiques.com"",""poitiers@espaces-atypiques.com"",""nantes@espaces-atypiques.com"",""nimes@espaces-atypiques.com"",""iledoleron@espaces-atypiques.com"",""iledere@espaces-atypiques.com"",""charentemaritime@espaces-atypiques.com"",""deauville-caen@espaces-atypiques.com"",""bourgogne@espaces-atypiques.com"",""alsace@espaces-atypiques.com"",""lorraine@espaces-atypiques.com"",""picardie@espaces-atypiques.com"",""yvelines@espaces-atypiques.com"",""nice@espaces-atypiques.com"",""blois@espaces-atypiques.com"",""niort@espaces-atypiques.com"",""albi@espaces-atypiques.com"",""alpes.de.haute.provence@espaces-atypiques.com"",""seine.saint.denis@espaces-atypiques.com"",""hauts.de.seine@espaces-atypiques.com"",""val.de.marne@espaces-atypiques.com"",""saint-malo@espaces-atypiques.com"",""montauban@espaces-atypiques.com"",""pornic@espaces-atypiques.com"",""saint.tropez@espaces-atypiques.com"",""finistere@espaces-atypiques.com"",""eure@espaces-atypiques.com"",""pau@espaces-atypiques.com"",""genevoisleman@espaces-atypiques.com"",""lemans@espaces-atypiques.com"",""besancon-doubs@espaces-atypiques.com"",""po@espaces-atypiques.com"",""chartres@espaces-atypiques.com"",""aude@espaces-atypiques.com"",""rouen@espaces-atypiques.com"",""dordogne@espaces-atypiques.com"",""paysdegex@espaces-atypiques.com"",""landes@espaces-atypiques.com"",""valdoise@espaces-atypiques.com"",""villefranche@espaces-atypiques.com"",""grenoble@espaces-atypiques.com"",""annecy@espaces-atypiques.com"",""savoie@espaces-atypiques.com"",""drome.ardeche@espaces-atypiques.com"",""biarritz@espaces-atypiques.com"",""montpellier@espaces-atypiques.com"",""la-baule@espaces-atypiques.com"",""cholet@espaces-atypiques.com"",""morbihan@espaces-atypiques.com"",""cotesdarmor@espaces-atypiques.com"",""orleans@espaces-atypiques.com"",""tours@espaces-atypiques.com"",""cherbourg@espaces-atypiques.com"",""toulouse@espaces-atypiques.com"",""rennes@espaces-atypiques.com"",""lille@espaces-atypiques.com"",""arcachon.cap.ferret@espaces-atypiques.com"",""bordeaux@espaces-atypiques.com"",""paris.ouest@espaces-atypiques.com"",""paris.rive.gauche@espaces-atypiques.com""]"
Espaces Atypiques,https://www.espaces-atypiques.com/paris-rive-droite/,[]
Paris Apts,http://www.paris-apts.com/,[]
Junot Fr/Fr/Agences/Junot Rueil Malmaison?Utm_Source=Google&Utm_Medium=Organic&Utm_Campaign=Local&Utm_Content=Junot Rueil Malmaison,https://www.junot.fr/fr/agences/junot-rueil-malmaison?utm_source=google&utm_medium=organic&utm_campaign=local&utm_content=junot-rueil-malmaison,[]
Agence Etoile Fr/Author/Agent_75010,http://www.agence-etoile.fr/author/agent_75010/,[]
Paris Island,http://paris-island.com/,[]
Helloagent Fr,http://helloagent.fr/,[]
Valeursactivesassociees,https://www.valeursactivesassociees.com/,[]
321International,http://www.321international.com/,"[""bienvenue@naosimmobilier.com""]"
Isr Fr,https://isr-fr.com/fr/,[]
Promothome,https://www.promothome.com/,[]
Jeudiparis,http://jeudiparis.com/,[]
Highstay,https://highstay.com/,"[""contact@yoloflat.com""]"
Delachaiseimmobilier Fr,http://delachaiseimmobilier.fr/,"[""bonjour@exemple.com""]"
Geryjulien Agentkw Fr,https://geryjulien.agentkw.fr/,[]
Myparisagency,http://www.myparisagency.com/,"[""eb@connexion.immo""]"
Connexion Immo,https://connexion.immo/,[]
Bemyflat Fr,https://www.bemyflat.fr/,"[""cannes@michaelzingraf.com"",""saintpaul@michaelzingraf.com"",""mougins@michaelzingraf.com"",""sainttropez@michaelzingraf.com"",""opio@michaelzingraf.com"",""capferrat@michaelzingraf.com"",""capdantibes@michaelzingraf.com"",""californie@michaelzingraf.com"",""palmbeach@michaelzingraf.com"",""nice@michaelzingraf.com"",""gordes@michaelzingraf.com"",""stremy@michaelzingraf.com"",""aixenprovence@michaelzingraf.com"",""megeve@michaelzingraf.com"",""ilemaurice@michaelzingraf.com"",""deauville@michaelzingraf.com"",""biarritz@michaelzingraf.com""]"
Fudo Invest,http://www.fudo-invest.com/,"[""info@example.com""]"
Michaelzingraf,https://www.michaelzingraf.com/fr/agence/michael-zingraf-paris-centre,[]
Livestyleparis,http://www.livestyleparis.com/,"[""bonjour@flathunter.com"",""_@astro.BcSQhSm2.css""]"
Yf Immo Lodgify,https://yf-immo.lodgify.com/,"[""your.hosts@yourperfectparis.com"",""user@domain.com""]"
Paris Arrow Enterprise Fr,https://paris.arrow-enterprise.fr/,"[""v.allouch@avicorporate.fr""]"
Flathunter,https://flathunter.com/,"[""vente@azoulay.net""]"
Yourperfectparis,https://www.yourperfectparis.com/,"[""info@leggett.fr""]"
Iadfrance Fr/Conseiller Immobilier/Audrey Cristina,https://www.iadfrance.fr/conseiller-immobilier/audrey.cristina,[]
Gestcoloc Fr,http://www.gestcoloc.fr/,"[""agencelecourbe@deferla.com"",""agencemonge@deferla.com"",""agenceconvention@deferla.com"",""agence@deferla.com"",""agencedaguerre@deferla.com"",""agencechampdemars@deferla.com"",""agencevavin@deferla.com"",""agencepantheon@deferla.com""]"
Geryjulien Agentkw Fr,https://geryjulien.agentkw.fr/,[]
Myparisagency,http://www.myparisagency.com/,[]
Connexion Immo,https://connexion.immo/,[]
Bemyflat Fr,https://www.bemyflat.fr/,[]
Fudo Invest,http://www.fudo-invest.com/,[]
Michaelzingraf,https://www.michaelzingraf.com/fr/agence/michael-zingraf-paris-centre,[]
Livestyleparis,http://www.livestyleparis.com/,[]
Yf Immo Lodgify,https://yf-immo.lodgify.com/,[]
Paris Arrow Enterprise Fr,https://paris.arrow-enterprise.fr/,[]
Flathunter,https://flathunter.com/,[]
Elysee International,http://www.elysee-international.com/,"[""contact@elysee-international.com""]"
Matiss Immobilier Fr,https://www.matiss-immobilier.fr/,"[""logo@2x.png"",""alfa-concept-white@2.png""]"
Coldwellbankerprestige Fr,https://www.coldwellbankerprestige.fr/,"[""demo@example.com"",""contact@lazareestates.com""]"
Lazareestates,https://www.lazareestates.com/,"[""contact@engelvoelkers.com"",""paris.leads@engelvoelkers.com"",""belgium@engelvoelkers.com"",""schweiz@engelvoelkers.com"",""andorra.dpd@engelvoelkers.com"",""paris@engelvoelkers.com""]"
Engelvoelkers,https://www.engelvoelkers.com/fr/fr/shops/champ-de-mars,[]
Agencedesartsetmetiers Fr/Fr,https://agencedesartsetmetiers.fr/fr/,"[""infos@varenne.fr""]"
Varenne Fr/Fr,https://www.varenne.fr/fr,[]
Parisimmobilier Fr,http://www.parisimmobilier.fr/,"[""fiona.costello@expfrance.fr""]"
Mon Expfrance Fr/Fionacostello,https://mon.expfrance.fr/fionacostello,"[""exemple@mail.com""]"
Cabcourtois,http://www.cabcourtois.com/,"[""contact@district-immo.com"",""a.flichy@district-immo.com"",""t.goepp@district-immo.com"",""jessie.amanou@district-immo.com"",""fc.favreuille@district-immo.com"",""h.brain@district-immo.com"",""r.chartier@district-immo.com"",""pierre.amanou@district-immo.com""]"
District Immo,https://www.district-immo.com/agences/ile-saint-louis/,[]
Danteimmobilier,https://danteimmobilier.com/fr/,"[""l.castel@district-immo.com"",""g.defranssu@district-immo.com"",""g.guennec@district-immo.com"",""s.jumel@district-immo.com"",""h.pernot@district-immo.com""]"
District Immo,https://www.district-immo.com/agences/saint-germain/,"[""contact@progessimmo.fr""]"
Progessimo Fr,https://www.progessimo.fr/,"[""info@cabinetmouyal.fr""]"
Parisetailleurs Fr,http://www.parisetailleurs.fr/,"[""contact@safeinvestproperty.com""]"
Cabinetmouyal Fr,http://www.cabinetmouyal.fr/,"[""concierge@larochegroupe.com""]"
Safe Invest Property Vercel App,https://safe-invest-property.vercel.app/,[]
Fabioborges Paris,https://www.fabioborges.paris/,[]
Lagencedeparis,http://www.lagencedeparis.com/,"[""frederic.fauchon@casavo.com"",""barbara.facque-maupas@casavo.com"",""elio.kalyl@casavo.com"",""kassius.bondieu@casavo.com"",""lea.battaglia@casavo.com"",""perle.miny@casavo.com"",""ramon.villain@casavo.com"",""rosalie.hamon@casavo.com"",""sack.lectakone@casavo.com"",""sebastien.judas@casavo.com"",""stephanie.yeung@casavo.com"",""talal.bourgi@casavo.com"",""thibault.hoffman@casavo.com"",""victoria.berenguer@casavo.com"",""ziad.atallah@casavo.com"",""tech@proprioo.fr"",""u003etech@proprioo.fr""]"
Casavo,https://casavo.com/fr/nos-agents/135/frederic-fauchon/,"[""Fichier-1@3x-8.png"",""Fichier-1@3x-8-300x89.png"",""Fichier-1@3x-8-1024x302.png"",""Fichier-1@3x-8-768x227.png"",""Fichier-1@3x-8-1536x453.png""]"
Lessecretsdelimmo Fr,https://lessecretsdelimmo.fr/,"[""contact@agentmandataire.fr"",""sites-amf-300x123@2x.jpg"",""back-conciergerie-demenagement-300x53@2x.jpg"",""agent-mandataire-fr-300x300@2x.png""]"
Agentmandataire Fr,https://www.agentmandataire.fr/,"[""village.montorgueil@gmail.com""]"
Village Montorgueil,http://www.village-montorgueil.com/,"[""notif.leads.ruedubac@danielfeau.com""]"
Danielfeau,https://danielfeau.com/fr/detail-agence-immobiliere/20863,"[""contact@vaneau.fr""]"
Apartofparis Fr,https://apartofparis.fr/,[]
Vaneau Fr,https://www.vaneau.fr/,[]
Reseau Brokers,https://www.reseau-brokers.com/,"[""notif.leads.stpaul@danielfeau.com""]"
Monchasseurimmo,https://www.monchasseurimmo.com/achat-immobilier/ile-de-france/paris/paris,"[""paris10bonnenouvelle@guyhoquet.com"",""informatique-et-libertes@guy-hoquet.com""]"
Eureka Paris,http://www.eureka.paris/,"[""philippe.hubert@laplace-immobilier.fr""]"
Danielfeau,https://danielfeau.com/fr/detail-agence-immobiliere/3197,[]
Paris 10 Bonne Nouvelle Guy Hoquet,https://paris-10-bonne-nouvelle.guy-hoquet.com/,[]
Laplace Immobilier Fr,https://www.laplace-immobilier.fr/,"[""notif.leads.passy@danielfeau.com""]"
Vaneau Fr,http://www.vaneau.fr/,[]
Breteuilhomes,https://breteuilhomes.com/,"[""donyphane.hadzic@hb-immobilier.com"",""kevin.bayon@hb-immobilier.com"",""valentin.filis@hb-immobilier.com"",""daniel.pereira@hb-immobilier.com"",""theo.lopes@hb-immobilier.com"",""marion.bognitscheff@hb-immobilier.com"",""theo.hausherr@hb-immobilier.com"",""tiphany.carre@hb-immobilier.com"",""valentin.benguigui@hb-immobilier.com"",""lohann.jouet@hb-immobilier.com"",""ines.ble@hb-immobilier.com"",""myra.kerbouche@hb-immobilier.com"",""contact@hb-immobilier.com"",""stambroise@hb-immobilier.com"",""republique@hb-immobilier.com""]"
Fabioborges Paris,https://www.fabioborges.paris/,[]
Lagencedeparis,http://www.lagencedeparis.com/,[]
Casavo,https://casavo.com/fr/nos-agents/135/frederic-fauchon/,[]
Lessecretsdelimmo Fr,https://lessecretsdelimmo.fr/,[]
Agentmandataire Fr,https://www.agentmandataire.fr/,[]
Village Montorgueil,http://www.village-montorgueil.com/,[]
Danielfeau,https://danielfeau.com/fr/detail-agence-immobiliere/20863,[]
Apartofparis Fr,https://apartofparis.fr/,[]
Vaneau Fr,https://www.vaneau.fr/,[]
Reseau Brokers,https://www.reseau-brokers.com/,[]
Monchasseurimmo,https://www.monchasseurimmo.com/achat-immobilier/ile-de-france/paris/paris,[]
Eureka Paris,http://www.eureka.paris/,[]
Engelvoelkers,https://www.engelvoelkers.com/,"[""180911_DRE_Livre-blanc-V@-BD.pdf""]"
Diderot Realestate Fr,https://www.diderot-realestate.fr/,[]
Horizon De Paris Fr,https://horizon-de-paris.fr/,"[""notif.leads.turenne@danielfeau.com""]"
Ruemadame Paris,http://www.ruemadame-paris.com/,"[""bretagne@agencedesenfantsrouges.com""]"
Danielfeau,https://danielfeau.com/fr/detail-agence-immobiliere/22089,[]
Agencedesenfantsrouges,https://www.agencedesenfantsrouges.com/lagence/le-marais/?utm_source=google&utm_medium=organic&utm_campaign=gbp-listing&utm_content=paris3-marais,[]
Laforet,https://www.laforet.com/agence-immobiliere/paris4-marais?utm_source=google&utm_medium=mybusiness,"[""user@domain.com""]"
Paris Housing,https://www.paris-housing.com/,"[""contact@agenceathome.com""]"
Iadfrance Fr/Conseiller Immobilier/Sophie Bovy,https://www.iadfrance.fr/conseiller-immobilier/sophie.bovy,"[""contact.mcp.paris@gmail.com""]"
Agencedesenfantsrouges,https://www.agencedesenfantsrouges.com/lagence/#bretagne?utm_source=gmb&utm_medium=organic&utm_campaign=paris3_bretagne,"[""cabinet@immovictoires.com""]"
Milieuxproperty,http://milieuxproperty.com/,"[""nborge@valeurimmoparis.com""]"
Realestateworld Fr,https://www.realestateworld.fr/,"[""contact@agenceclaret.com""]"
Engelvoelkers,https://www.engelvoelkers.com/,"[""vosges@agencedesenfantsrouges.com"",""oberkampf@agencedesenfantsrouges.com"",""saintmartin@agencedesenfantsrouges.com"",""cherchemidi@agencedesenfantsrouges.com"",""canal@agencedesenfantsrouges.com""]"
Diderot Realestate Fr,https://www.diderot-realestate.fr/,[]
Horizon De Paris Fr,https://horizon-de-paris.fr/,[]
Ruemadame Paris,http://www.ruemadame-paris.com/,[]
Danielfeau,https://danielfeau.com/fr/detail-agence-immobiliere/22089,[]
Agencedesenfantsrouges,https://www.agencedesenfantsrouges.com/lagence/le-marais/?utm_source=google&utm_medium=organic&utm_campaign=gbp-listing&utm_content=paris3-marais,[]
Laforet,https://www.laforet.com/agence-immobiliere/paris4-marais?utm_source=google&utm_medium=mybusiness,[]
Paris Housing,https://www.paris-housing.com/,[]
Iadfrance Fr/Conseiller Immobilier/Sophie Bovy,https://www.iadfrance.fr/conseiller-immobilier/sophie.bovy,[]
Agencedesenfantsrouges,https://www.agencedesenfantsrouges.com/lagence/#bretagne?utm_source=gmb&utm_medium=organic&utm_campaign=paris3_bretagne,[]
Milieuxproperty,http://milieuxproperty.com/,[]
Realestateworld Fr,https://www.realestateworld.fr/,[]
Laforet,https://www.laforet.com/agence-immobiliere/paris5-monge?utm_source=google&utm_medium=mybusiness,[]
Agenceathome,https://www.agenceathome.com/fr/,[]
Ladresse,https://www.ladresse.com/agence/l-adresse-de-prestige-paris-7-rue-cler/383?utm_source=gmb,[]
Theplacetobefrance Fr,https://theplacetobefrance.fr/,[]
Dsrealestate Fr/Fr,https://www.dsrealestate.fr/fr/,[]
Agencedesenfantsrouges,https://www.agencedesenfantsrouges.com/lagence/saint-martin/?utm_source=google&utm_medium=organic&utm_campaign=gbp-listing&utm_content=paris10,"[""saintmartin@agencedesenfantsrouges.com""]"
Paris 5 Maubert Guy Hoquet,https://paris-5-maubert.guy-hoquet.com/,"[""paris5maubert@guyhoquet.com"",""informatique-et-libertes@guy-hoquet.com""]"
Guestapartment,https://www.guestapartment.com/,[]
Carolinechateau,https://www.carolinechateau.com/,"[""arthur@carolinechateau.com"",""bienvenue@carolinechateau.com"",""my-icon@2x.png"",""my-icon-shadow@2x.png""]"
Fredelion,https://www.fredelion.com/agences/paris-10-saint-martin/,"[""contact@imop.fr""]"
Imop Fr,https://www.imop.fr/,[]
Coteacheteur,https://www.coteacheteur.com/fr/chasseur-immobilier-PARIS.html?utm_source=googlemybusiness&utm_medium=googlemap&utm_campaign=paris,[]
Proprietesparisiennes Sothebysrealty,https://www.proprietesparisiennes-sothebysrealty.com/?utm_source=google&utm_medium=organic&utm_campaign=GMB,[]
Parisestateservices Fr,http://www.parisestateservices.fr/,"[""contact@rentyourparis.com""]"
Paris Seine Immobilier,http://www.paris-seine-immobilier.com/,"[""champdemars@fredelion.com"",""sentiermontorgueil@fredelion.com"",""haut-marais@fredelion.com"",""europe@fredelion.com"",""canal@fredelion.com"",""saint-martin@fredelion.com"",""louisblanc@fredelion.com"",""oberkampf@fredelion.com"",""voltaire@fredelion.com"",""aligre@fredelion.com"",""y.picat@fredelion.com"",""butteauxcailles@fredelion.com"",""alesia@fredelion.com"",""didot-plaisance@fredelion.com"",""convention@fredelion.com"",""saint-charles@fredelion.com"",""sevres.lecourbe@fredelion.com"",""auteuil@fredelion.com"",""ternes@fredelion.com"",""villiers@fredelion.com"",""montmartre@fredelion.com"",""butteschaumont@fredelion.com"",""gambetta@fredelion.com"",""boulogne@fredelion.com"",""neuilly@fredelion.com"",""levallois@fredelion.com""]"
Sixiemeavenue,https://www.sixiemeavenue.com/agences/paris4/,"[""agence@paris.immo""]"
Patrimoine Immo,https://patrimoine-immo.com/,"[""reservations@parisperfect.com""]"
Fredelion,http://www.fredelion.com/,"[""contact@ulys.immo""]"
Laforet,https://www.laforet.com/agence-immobiliere/paris1?utm_source=google&utm_medium=mybusiness,"[""mathieu.velluet@expertimo.com""]"
Paris Immo,https://paris.immo/,"[""ruben@parisfudosangestion.com""]"
Dsrealestate Fr/Fr,https://www.dsrealestate.fr/fr/,"[""bretagne@agencedesenfantsrouges.com"",""vosges@agencedesenfantsrouges.com"",""oberkampf@agencedesenfantsrouges.com"",""cherchemidi@agencedesenfantsrouges.com"",""canal@agencedesenfantsrouges.com""]"
Agencedesenfantsrouges,https://www.agencedesenfantsrouges.com/lagence/saint-martin/?utm_source=google&utm_medium=organic&utm_campaign=gbp-listing&utm_content=paris10,[]
Paris 5 Maubert Guy Hoquet,https://paris-5-maubert.guy-hoquet.com/,[]
Guestapartment,https://www.guestapartment.com/,[]
Carolinechateau,https://www.carolinechateau.com/,[]
Fredelion,https://www.fredelion.com/agences/paris-10-saint-martin/,[]
Imop Fr,https://www.imop.fr/,[]
Coteacheteur,https://www.coteacheteur.com/fr/chasseur-immobilier-PARIS.html?utm_source=googlemybusiness&utm_medium=googlemap&utm_campaign=paris,[]
Proprietesparisiennes Sothebysrealty,https://www.proprietesparisiennes-sothebysrealty.com/?utm_source=google&utm_medium=organic&utm_campaign=GMB,[]
Parisestateservices Fr,http://www.parisestateservices.fr/,[]
Paris Seine Immobilier,http://www.paris-seine-immobilier.com/,[]
Sixiemeavenue,https://www.sixiemeavenue.com/agences/paris4/,[]
Patrimoine Immo,https://patrimoine-immo.com/,[]
Fredelion,http://www.fredelion.com/,[]
Laforet,https://www.laforet.com/agence-immobiliere/paris1?utm_source=google&utm_medium=mybusiness,[]
Paris Immo,https://paris.immo/,[]
Mon Expfrance Fr/Christophelejeune,https://mon.expfrance.fr/christophelejeune,"[""christophe.lejeune@expfrance.fr""]"
Laforet,https://www.laforet.com/agence-immobiliere/paris3-marais?utm_source=google&utm_medium=mybusiness,"[""contact@french-estate.fr""]"
Laforet,https://www.laforet.com/agence-immobiliere/paris2?utm_source=google&utm_medium=mybusiness,[]
Laforet,https://www.laforet.com/agence-immobiliere/paris6?utm_source=google&utm_medium=mybusiness,"[""paul.aubourg@size-re.fr"",""matthieu.robert@size-re.fr"",""benjamin.bonfils@size-re.fr"",""edouard.feuillet@size-re.fr"",""nicolas.pilliard@size-re.fr"",""contact@size-re.fr""]"
French Estate Fr,http://french-estate.fr/,"[""sammy@getremy.ai"",""support@getremy.ai""]"
District Immo,https://www.district-immo.com/?utm_source=gmb&utm_medium=annonces,[]
Size Re Fr,https://www.size-re.fr/,[]
Nomadhomes Fr/Beta?Utm_Medium=Google_My_Business&Utm_Source=Marketing,https://www.nomadhomes.fr/beta?utm_medium=google_my_business&utm_source=marketing,[]
Vingtparis,https://www.vingtparis.com/,"[""mail@parisattitude.com""]"
Parisluxeproperties Fr,http://www.parisluxeproperties.fr/,[]
Lamaisonimmo Fr,http://www.lamaisonimmo.fr/,[]
Agencerealestateimmo,http://www.agencerealestateimmo.com/,"[""contact@parisrental.fr""]"
Detillyparis,https://www.detillyparis.com/,"[""marais@junot.fr"",""rgpd@junot.fr""]"
Parisattitude,https://www.parisattitude.com/,[]
Engelvoelkers,https://www.engelvoelkers.com/fr/fr/shops/paris,"[""contact@engelvoelkers.com"",""paris.leads@engelvoelkers.com"",""belgium@engelvoelkers.com"",""schweiz@engelvoelkers.com"",""andorra.dpd@engelvoelkers.com"",""paris@engelvoelkers.com""]"
Agentsurmesure Fr/?Utm_Source=Gmb,https://www.agentsurmesure.fr/?utm_source=gmb,"[""contact@agentsurmesure.fr""]"
Vie Immobiliere Fr,https://www.vie-immobiliere.fr/,[]
Proprietesparisiennes Sothebysrealty,https://www.proprietesparisiennes-sothebysrealty.com/fr/?utm_source=google&utm_medium=organic&utm_campaign=GMB,[]
Hosman Co,https://www.hosman.co/,"[""contact@delachaiseimmo.fr""]"
Delachaiseimmobilier Fr,http://www.delachaiseimmobilier.fr/,"[""contact@parisbuyer.com""]"
Parisbuyer,https://www.parisbuyer.com/,[]
Vendome Estate,http://www.vendome-estate.com/,"[""benoit.foucher@expertimo.com""]"
Luxuryproperties Fr,https://luxuryproperties.fr/,"[""privateoffice@junot.fr"",""rgpd@junot.fr""]"
Reseau Expertimo Fr/1857 Mandataire/1,https://www.reseau-expertimo.fr/1857-mandataire/1,[]
Junot Fr/Fr/Agences/Junot Private Office 6 Eme Arrondissement Rue Tournon Paris?Utm_Source=Google&Utm_Medium=Organic&Utm_Campaign=Local&Utm_Content=Junot Private Office Rue Tournon Paris 6E,https://www.junot.fr/fr/agences/junot-private-office-6-eme-arrondissement-rue-tournon-paris?utm_source=google&utm_medium=organic&utm_campaign=local&utm_content=junot-private-office-rue-tournon-paris-6e,[]
56Paris,https://www.56paris.com/,[]
Engelvoelkers,https://www.engelvoelkers.com/fr/fr/shops/paris-le-marais,[]
Realtyz Fr,http://www.realtyz.fr/,[]
Haussmannprestige,http://www.haussmannprestige.com/,"[""contact@maelysimmobilier.com""]"
Mragencyrealestate,https://www.mragencyrealestate.com/,"[""bonjour@fairwayluxuryrealestate.com""]"
Maelysimmobilier,http://www.maelysimmobilier.com/,[]
Engelvoelkers,https://www.engelvoelkers.com/fr/fr/shops/paris,[]
Agentsurmesure Fr/?Utm_Source=Gmb,https://www.agentsurmesure.fr/?utm_source=gmb,[]
Vie Immobiliere Fr,https://www.vie-immobiliere.fr/,[]
Proprietesparisiennes Sothebysrealty,https://www.proprietesparisiennes-sothebysrealty.com/fr/?utm_source=google&utm_medium=organic&utm_campaign=GMB,[]
Hosman Co,https://www.hosman.co/,[]
Delachaiseimmobilier Fr,http://www.delachaiseimmobilier.fr/,[]
Parisbuyer,https://www.parisbuyer.com/,[]
Vendome Estate,http://www.vendome-estate.com/,"[""contact@luxuryproperties.fr""]"
Luxuryproperties Fr,https://luxuryproperties.fr/,[]
Reseau Expertimo Fr/1857 Mandataire/1,https://www.reseau-expertimo.fr/1857-mandataire/1,[]
Junot Fr/Fr/Agences/Junot Private Office 6 Eme Arrondissement Rue Tournon Paris?Utm_Source=Google&Utm_Medium=Organic&Utm_Campaign=Local&Utm_Content=Junot Private Office Rue Tournon Paris 6E,https://www.junot.fr/fr/agences/junot-private-office-6-eme-arrondissement-rue-tournon-paris?utm_source=google&utm_medium=organic&utm_campaign=local&utm_content=junot-private-office-rue-tournon-paris-6e,[]
56Paris,https://www.56paris.com/,[]
Engelvoelkers,https://www.engelvoelkers.com/fr/fr/shops/paris-le-marais,[]
Realtyz Fr,http://www.realtyz.fr/,[]
Haussmannprestige,http://www.haussmannprestige.com/,"[""contact@mragencyrealestate.com""]"
Mragencyrealestate,https://www.mragencyrealestate.com/,[]
Maelysimmobilier,http://www.maelysimmobilier.com/,[]
Laforet,https://www.laforet.com/agence-immobiliere/paris10saintmartin?utm_source=google&utm_medium=mybusiness,"[""contact@yannrogue.com""]"
A1Realestate Paris,https://www.a1realestate.paris/,"[""user@domain.com"",""sylvain@talvans.com""]"
Yannrogue,https://www.yannrogue.com/,"[""john@antoninisf.com""]"
Metrorealty Fr,https://www.metrorealty.fr/,[]
Talvans,https://www.talvans.com/,[]
Antoninisf,http://www.antoninisf.com/contact/,"[""michaellee@zephyrsf.com""]"
Justinacolunga Co,http://justinacolunga.co/,"[""team@acrelandbuyers.com""]"
Mikeyrazabal,http://www.mikeyrazabal.com/,"[""dan@danslaughtersf.com""]"
Baypropertygroup,http://www.baypropertygroup.com/,[]
Huangregroup,http://www.huangregroup.com/,"[""MEJIAGROUP@VANGUARDSF.COM""]"
Mikeleerealestate,http://mikeleerealestate.com/,"[""Rhea@Rentalsinc.com"",""jane@example.com""]"
Acrelandbuyers,https://acrelandbuyers.com/sell-my-land-fast-for-cash-san-francisco-california/,[]
Laforet,https://www.laforet.com/agence-immobiliere/paris10saintmartin?utm_source=google&utm_medium=mybusiness,[]
A1Realestate Paris,https://www.a1realestate.paris/,"[""daniel@danielfoley.com"",""matt@healysf.com"",""%20matt@healysf.com"",""adam@adampickuscre.com"",""lena.kwang@compass.com""]"
Yannrogue,https://www.yannrogue.com/,[]
Metrorealty Fr,https://www.metrorealty.fr/,[]
Talvans,https://www.talvans.com/,[]
Antoninisf,http://www.antoninisf.com/contact/,[]
Justinacolunga Co,http://justinacolunga.co/,[]
Mikeyrazabal,http://www.mikeyrazabal.com/,[]
Baypropertygroup,http://www.baypropertygroup.com/,[]
Huangregroup,http://www.huangregroup.com/,[]
Mikeleerealestate,http://mikeleerealestate.com/,[]
Acrelandbuyers,https://acrelandbuyers.com/sell-my-land-fast-for-cash-san-francisco-california/,[]
,https://www.compass.com/agents/marianne-schier/,[]
Dereklangfield Exprealty,https://dereklangfield.exprealty.com/,[]
Danslaughtersf,https://danslaughtersf.com/,[]
,https://www.compass.com/agents/frans-ryssemus,[]
Bornstein Law,http://www.bornstein.law/,"[""gabriella.fracchia@compass.com""]"
Gabriellafracchia,http://www.gabriellafracchia.com/,[]
Garcia Diaz,https://www.garcia-diaz.com/,"[""support@agentfire.com""]"
Ceily,https://www.ceily.com/,[]
Core7Realestate,http://www.core7realestate.com/,"[""integrations-styles.js@0.2.DbeaBGos.mjs""]"
Alanmorcos,https://www.alanmorcos.com/,[]
Radiusagent,http://www.radiusagent.com/,[]
Vanguardproperties,https://vanguardproperties.com/,"[""info@joshvrealty.com"",""john@doe.com""]"
,https://www.compass.com/agents/guy-hardi/,[]
Anchorealtyinc,http://www.anchorealtyinc.com/,"[""tim.carrico@cbnorcal.com""]"
Joshvrealty,https://joshvrealty.com/,[]
Baldinirealty,http://baldinirealty.com/,"[""properties@bonniespindler.com""]"
Chrisraelhomes,https://chrisraelhomes.com/?utm_source=gbp&utm_medium=organic,[]
Coldwellbankerhomes,https://www.coldwellbankerhomes.com/ca/san-francisco/agent/tim-carrico/aid_23886/,"[""user@domain.com"",""gary@garysnowsf.com""]"
Srsre,https://srsre.com/locations/san-francisco,[]
Groupmb,http://groupmb.com/,"[""info@leylaalhosseini.com""]"
Leylaalhosseini,https://leylaalhosseini.com/,"[""dan.bonett@compass.com""]"
Linktr Ee/Danbonett,https://linktr.ee/danbonett,"[""larocca@vanguardsf.com"",""adam.cooper@royale.com"",""jamie.taylor@royale.com"",""dave.wong@royale.com"",""madilyn.runolfsdottir@royale.com"",""eduardo.reichel@royale.com"",""laura.morgan@royale.com"",""agent@access.com""]"
Alexhachiya,http://alexhachiya.com/,[]
Bayareahomesbylarocca,https://www.bayareahomesbylarocca.com/,[]
Mccarthymoe,https://mccarthymoe.com/,"[""user@domain.com"",""petra.langer@compass.com""]"
,https://www.compass.com/agents/ken-gendemann/,"[""jesse@jessefowler.com"",""julie@juliepeisner.com""]"
Jordangolanisf,https://jordangolanisf.com/?utm_source=gbp&utm_medium=organic,"[""cynthia@cynthiakellogg.com""]"
Annieroensch K,https://annieroensch.kw.com/,"[""info@brickandmortarsf.com""]"
Agentcaitlyn,http://agentcaitlyn.com/,[]
Debbierutledge,http://www.debbierutledge.com/,"[""robertg@vanguardsf.com""]"
Groupmb,http://groupmb.com/,[]
Leylaalhosseini,https://leylaalhosseini.com/,[]
Linktr Ee/Danbonett,https://linktr.ee/danbonett,[]
Alexhachiya,http://alexhachiya.com/,[]
Bayareahomesbylarocca,https://www.bayareahomesbylarocca.com/,[]
Mccarthymoe,https://mccarthymoe.com/,[]
,https://www.compass.com/agents/ken-gendemann/,[]
Jordangolanisf,https://jordangolanisf.com/?utm_source=gbp&utm_medium=organic,[]
Annieroensch K,https://annieroensch.kw.com/,[]
Agentcaitlyn,http://agentcaitlyn.com/,[]
Debbierutledge,http://www.debbierutledge.com/,[]
Petralanger,https://www.petralanger.com/,[]
Jessefowler,http://jessefowler.com/,[]
Cynthiakellogg,http://www.cynthiakellogg.com/,[]
,https://www.compass.com/agents/ricky-lee/,[]
Remax,https://www.remax.com/real-estate-offices/remax-prestigious-properties-san-francisco-ca/102139005#bio-navigation,[]
Brickandmortarsf,http://www.brickandmortarsf.com/,[]
Coldwellbankerhomes,https://www.coldwellbankerhomes.com/ca/san-francisco/office/s-f-pacific-heights/oid_5798/?utm_source=google&utm_medium=organic&utm_campaign=gmb&utm_content=NorCal_SanFran_PacificHeights,[]
Cameronbamberger,http://www.cameronbamberger.com/,[]
Montgomeryleesf,http://www.montgomeryleesf.com/,"[""db02329e4d63f0061fb2c9af139b3b79@o4506950598787072.ingest.us.sentry.io"",""terinelson@sereno.com"",""fduqmaq@sereno.com"",""dan@sereno.com"",""derrick@sereno.com"",""caroline.macnab@sereno.com"",""basak@sereno.com"",""jekara@sereno.com"",""angiechallenor@sereno.com"",""wendym@sereno.com"",""andreabicskei@sereno.com"",""leslie@sereno.com"",""gyla.becks@sereno.com"",""rsusoeff@sereno.com"",""mthomas@sereno.com"",""stephanie.lanza@sereno.com"",""jenny.russo@sereno.com"",""ncrawford@sereno.com"",""kevinpickett@sereno.com"",""kelly.goni@sereno.com"",""belinda.adams@sereno.com""]"
Sereno,https://www.sereno.com/directory/agents/christopher-lim-1,[]
Vanguardproperties,https://vanguardproperties.com/agents/mike-stack,[]
Binningsteam,https://binningsteam.com/,"[""jsabeh@gmail.com""]"
Streetsofsanfrancisco,http://www.streetsofsanfrancisco.com/,[]
Josephsabeh,https://josephsabeh.com/,[]
Marshaabrahams,https://marshaabrahams.com/?utm_source=gbp&utm_medium=organic,[]
Legacysfhomes,https://legacysfhomes.com/agents/judy-lin,"[""Alex@AlexSF.com""]"
Bellgroup Realestate/?Utm_Source=Gbp&Utm_Medium=Organic,https://bellgroup.realestate/?utm_source=gbp&utm_medium=organic,"[""paulo@levelupgroup.com""]"
Laurakaufman,http://laurakaufman.com/,[]
Alexmaltez,https://alexmaltez.com/,[]
Kevinwakelin,http://www.kevinwakelin.com/,"[""team@kevinwakelin.com""]"
Redfin,https://www.redfin.com/city/17151/CA/San-Francisco/real-estate/agents?utm_source=gmb&utm_medium=organic&utm_campaign=gmb_sf,[]
Michaelharringtonre,https://michaelharringtonre.com/,"[""alex@broker415.com""]"
Broker415,http://broker415.com/,[]
Rogerlandryhomes,http://www.rogerlandryhomes.com/,[]
Realdatasf,http://www.realdatasf.com/,[]
Ericjohnsonsf,http://www.ericjohnsonsf.com/,[]
Selinazhao,http://www.selinazhao.com/,[]
Simranalden,https://www.simranalden.com/,"[""allison@allisonchapleau.com""]"
Hanjimcallister,https://hanjimcallister.com/?utm_source=gbp&utm_medium=organic,[]
Calstreet,https://www.calstreet.com/,[]
Thefonggroup,http://www.thefonggroup.com/,"[""mls@sfrealtors.com"",""membership@sfrealtors.com"",""ar@sfrealtors.com"",""jay.cheng@sfrealtors.com"",""communications@sfrealtors.com"",""prostandards@sfrealtors.com"",""foundation@sfrealtors.com""]"
Hsmsf,http://www.hsmsf.com/,"[""support@moxiworks.com"",""mail-service@platform.moxiworks.com"",""info@windermere.com"",""mail-service@platform1.moxiworks.com"",""campaigns@info.properties"",""ramon.estevez@cbrealty.com"",""ramon@ramonestevez.com"",""900625.lead.lag.100970304@leads.leadrouter.com"",""ramon@harperre.com""]"
Mattwoebckerealestate,https://mattwoebckerealestate.com/,"[""mattwoebcke@vanguardsf.com""]"
Search Charliebrownsf,https://search.charliebrownsf.com/,"[""charlie@charliebrownsf.com""]"
Annelaury,http://www.annelaury.com/,"[""todd@sanfranciscorealestategroup.com"",""kim@sanfranciscorealestategroup.com""]"
Sanfranciscorealestategroup,http://www.sanfranciscorealestategroup.com/,[]
Hoodfarrellgroup,https://hoodfarrellgroup.com/agent/karina-tran,"[""info@cityrealestateSF.com""]"
Shalinisf,https://shalinisf.com/,"[""Luba@Lubasf.com"",""user@domain.com""]"
Lubasf,http://lubasf.com/,[]
Zillo,https://www.zillow.com/profile/Mari%20C%20Greene/,"[""linda.leblanc@compass.com""]"
Daleandalla,http://www.daleandalla.com/,"[""support@realestateagents.com""]"
Matthewchoiteam,https://matthewchoiteam.com/,[]
Lindaleblanc,https://www.lindaleblanc.com/,[]
Realestateagents,https://www.realestateagents.com/,[]
Teamhatvany,http://teamhatvany.com/,[]
Uprealproperty,https://www.uprealproperty.com/,[]
Sellingsanfrancisco,https://sellingsanfrancisco.com/,"[""hello@teamhowe.com""]"
Deanbadessa,https://www.deanbadessa.com/,[]
Simonshue,https://www.simonshue.com/,"[""bugreport@moatable.com""]"
Sterlinghomesre,http://www.sterlinghomesre.com/,[]
Sequoia Re,http://sequoia-re.com/,[]
Awesomepropertyexperts,https://www.awesomepropertyexperts.com/,[]
Suna Yournorthpoint,http://suna.yournorthpoint.com/,[]
Starboardcre,http://www.starboardcre.com/,[]
Realestatenovo,https://realestatenovo.com/?utm_source=gbp&utm_medium=organic,[]
Realestatesf,http://www.realestatesf.com/,[]
Reenakimsfhomes Carrd Co,https://reenakimsfhomes.carrd.co/,[]
Learadeane,http://learadeane.com/,[]
Salma Team,https://salma-team.com/,"[""alex@alexepsteinre.com""]"
Lisazahner,http://www.lisazahner.com/,"[""info@cityrealestateSF.com""]"
Vanguardproperties,https://vanguardproperties.com/agents/alexander-epstein,[]
,https://www.compass.com/agents/frank-villanueva,[]
Luriegroup,http://luriegroup.com/,[]
Discoversfhomes,https://www.discoversfhomes.com/,"[""richard@discoversfhomes.com""]"
Beverlybarnett,https://beverlybarnett.com/?utm_source=gbp&utm_medium=organic,[]
Maggievisser,https://www.maggievisser.com/,"[""user@domain.com"",""maggie@maggievisser.com""]"
Realsfproperties,https://realsfproperties.com/,[]
Linktr Ee/Ronnieescalante?Fbclid=Paaaalxq88Oqdjvdc54Rht2Bpufmltf1F7Ifz3Wxpgawb3Uri0Ul5Xvby Vyc_Aem_Ayi5Pieceee0Dgzgdypo2Xnwjf6Bv8 Uapxdlnrjqlv9Lbjw2U82Uvcuxgkltp8N5Y0,https://linktr.ee/ronnieescalante?fbclid=PAAaaLXq88oqdJVDc54rHt2bPufmLtf1f7ifz3WXpgAWB3uRi0UL5xvbY-vyc_aem_AYI5PIeCEeE0DgzGdYPo2XNwjF6BV8-UApxDlNrjqlv9LBjW2U82UVcUxgkLTp8n5Y0,"[""Escalanterestate@gmail.com"",""nEscalanterestate@gmail.com""]"
Stephenjbartlett,http://www.stephenjbartlett.com/,[]
Flatfeebuyers,https://www.flatfeebuyers.com/,"[""philip@philipfarrproperties.com""]"
Philipfarrproperties,http://philipfarrproperties.com/,"[""nona.ehyaei@compass.com""]"
Nonaehyaei,https://nonaehyaei.com/,[]
Janhomes,https://janhomes.com/,[]
Erinthompson,http://www.erinthompson.com/,[]
Maxarmour,http://www.maxarmour.com/?utm_source=gbp&utm_medium=organic,"[""info@cityrealestateSF.com""]"
Cityrealestatesf,http://www.cityrealestatesf.com/?utm_source=google-business-profile&utm_medium=referral&utm_campaign=gbp,[]
Ascendre,http://ascendre.com/,[]
Legacysfhomes,https://www.legacysfhomes.com/,[]
Isabellegrotte,https://isabellegrotte.com/,"[""filler@godaddy.com""]"
Sellsfhome,https://sellsfhome.com/,"[""aaron@bellingsbrothers.com"",""michael@bellingsbrothers.com""]"
Bellingsbrothers,http://www.bellingsbrothers.com/,[]
Fiftyhills,https://www.fiftyhills.com/,[]
Elevationrealestate,https://www.elevationrealestate.com/,[]
Facebook,https://www.facebook.com/annashearealestate/,"[""john@havengroupsf.com"",""george@havengroupsf.com"",""lance@havengroupsf.com"",""marcelo@havengroupsf.com"",""hui@havengroupsf.com"",""anand@havengroupsf.com"",""alex@havengroupsf.com"",""jacob@havengroupsf.com"",""your@email.com""]"
Kindredsfhomes,http://www.kindredsfhomes.com/,"[""nsuki@chancere.com""]"
Helmrealestate,https://www.helmrealestate.com/,"[""support@moxiworks.com"",""mail-service@platform.moxiworks.com"",""info@windermere.com"",""mail-service@platform1.moxiworks.com"",""campaigns@info.properties"",""janice.lee@cbnorcal.com"",""janiceflee@gmail.com"",""900625.lead.lag.100650662@leads.leadrouter.com""]"
Jingfangrealestate,http://www.jingfangrealestate.com/,"[""christopherleesf@gmail.com""]"
Missywinssf,http://www.missywinssf.com/,"[""mia@takamihomes.com""]"
Fiftyhills,https://www.fiftyhills.com/,[]
Elevationrealestate,https://www.elevationrealestate.com/,[]
Facebook,https://www.facebook.com/annashearealestate/,[]
Kindredsfhomes,http://www.kindredsfhomes.com/,[]
Helmrealestate,https://www.helmrealestate.com/,[]
Jingfangrealestate,http://www.jingfangrealestate.com/,[]
Missywinssf,http://www.missywinssf.com/,[]
Tracyhsieh,https://www.tracyhsieh.com/,[]
Havengroupsf,http://havengroupsf.com/,[]
Daniellelazier,https://daniellelazier.com/,"[""danielle@vivrerealestate.com""]"
Kinokorealestate,https://kinokorealestate.com/sell-or-buy?utm_source=google&utm_medium=organic&utm_campaign=gmb_listing,"[""info@ruthkrishnan.com""]"
Pacificedgesf,https://pacificedgesf.com/?utm_source=gbp&utm_medium=organic,"[""brandon@igniumconsulting.io""]"
Ruthkrishnan,https://www.ruthkrishnan.com/,[]
Igniumconsulting Io,https://igniumconsulting.io/,"[""clientservices@theplanningcenter.com""]"
Remax,https://www.remax.com/,"[""cameron.budzius@tmf.mortgage"",""info@tmf.mortgage""]"
Sweetivorypearl,http://www.sweetivorypearl.com/,[]
Hbgrouprealestate,https://www.facebook.com/HBgrouprealestate/,"[""prieurprop@gmail.com"",""compliance@placester.com""]"
Candacehamm Remax Louisiana,http://www.candacehamm.remax-louisiana.com/,[]
Theplanningcenter,https://www.theplanningcenter.com/location/new-orleans-la-financial-planners/,[]
Themortgagefirm,https://www.themortgagefirm.com/cameronbudzius,"[""jaustinllc@gmail.com""]"
Freedommentor,https://www.freedommentor.com/,"[""info@anchorsouthre.com"",""Christian@AnchorSouthRE.com""]"
Lisaday Exprealty,http://lisaday.exprealty.com/,"[""user@domain.com"",""info@betterwithbecker.com""]"
Prieurprop,https://www.prieurprop.com/,"[""impallari@gmail.com"",""team@latofonts.com"",""Jessie@webuyneworleans.com"",""Josh@webuyneworleans.com""]"
Agentfire,https://agentfire.com/,"[""jane@brokerage.com""]"
Essentiallivingrealty,http://www.essentiallivingrealty.com/,"[""info@elrnola.com"",""compliance@placester.com""]"
Findyournola Co,https://findyournola.co/,[]
Srichardsrealtor,https://www.srichardsrealtor.com/,[]
Thesagefirm Co,https://www.thesagefirm.co/,"[""olivia.tati1@gmail.com"",""olivia@oliviatati.com"",""user@domain.com""]"
Theraebroussardteam K,https://theraebroussardteam.kw.com/,"[""support@moxiworks.com"",""mail-service@platform.moxiworks.com"",""info@windermere.com"",""mail-service@platform1.moxiworks.com"",""campaigns@info.properties"",""info@jcarterandco.com"",""C21JCarteralabama@gmail.com""]"
Calendly,https://calendly.com/treuxnorth,"[""bugreport@moatable.com""]"
Oliviatati,http://oliviatati.com/,[]
Jcarterandco,http://jcarterandco.com/,[]
Stephanie Reverealtors,https://stephanie.reverealtors.com/,"[""icon-24hours-gray@2x.png"",""icon-options-gray@2x.png"",""icon-sell-your-terms-gray@2x.png"",""icon-sell-your-house-gray@2x.png"",""icon-list-your-house-gray@2x.png"",""icon-analyze-property-gray@2x.png"",""icon-fair-offer-gray@2x.png"",""icon-sell-vs-list-gray@2x.png""]"
Lookbuylive,https://lookbuylive.com/,"[""kari@neworleanspropertyservices.com""]"
Holisticpersonal Finance/Coaching,https://www.holisticpersonal.finance/coaching,[]
Justlistedlouisiana,http://justlistedlouisiana.com/,"[""flags@2x.png""]"
Agentfire,https://agentfire.com/,[]
Essentiallivingrealty,http://www.essentiallivingrealty.com/,[]
Findyournola Co,https://findyournola.co/,[]
Srichardsrealtor,https://www.srichardsrealtor.com/,[]
Thesagefirm Co,https://www.thesagefirm.co/,[]
Theraebroussardteam K,https://theraebroussardteam.kw.com/,[]
Calendly,https://calendly.com/treuxnorth,[]
Oliviatati,http://oliviatati.com/,[]
Jcarterandco,http://jcarterandco.com/,"[""jane@email.com""]"
Stephanie Reverealtors,https://stephanie.reverealtors.com/,[]
Lookbuylive,https://lookbuylive.com/,[]
Holisticpersonal Finance/Coaching,https://www.holisticpersonal.finance/coaching,[]
Justlistedlouisiana,http://justlistedlouisiana.com/,[]
Nolahousebuyers,http://www.nolahousebuyers.com/,[]
Maribel Thepuckettteam,https://maribel.thepuckettteam.com/,[]
1 Percent Lists,http://1-percent-lists.com/,"[""SUPPORT@YESMASTERS.COM""]"
Nolalivingrealty,https://www.nolalivingrealty.com/tony-bertucci,"[""eric@nolaliving.com""]"
Buffini,https://www.buffini.com/,[]
504Homebuyers,https://www.504homebuyers.com/,"[""gustavo-alves-YOXSC4zRcxw-unsplash@3x.webp""]"
Primerealestatenola,http://primerealestatenola.com/,"[""joy@joypatin.com""]"
Legacyproperty Team,https://legacyproperty.team/,"[""01_Krista_Logo@2x.png"",""krista@d1yifztffe.wpdns.site""]"
,https://www.compass.com/agents/home-team-nola/,"[""user@domain.com"",""info@504realestatemedia.com""]"
Realty,https://www.realty.com/a/tamike-veal,[]
Sothebysrealty,https://www.sothebysrealty.com/crescentsir/eng/associate/802-a-df2107130934109661/rachel-perkoff,"[""bugreport@moatable.com""]"
Kristamashore,https://kristamashore.com/,"[""Spotifyicon1@2xlatest-200x200.png"",""Spotifyicon1@2xlatest.png""]"
504Realestatemedia,http://www.504realestatemedia.com/,"[""Info@facetofacerealty.com""]"
Nolalivingrealty,https://www.nolalivingrealty.com/tony-bertucci,[]
Buffini,https://www.buffini.com/,[]
504Homebuyers,https://www.504homebuyers.com/,"[""tyler@504homebuyers.com""]"
Primerealestatenola,http://primerealestatenola.com/,"[""california-association-of-realtors@2x.png"",""top-agent-magazine@2x.png"",""national_association-of-retailers@2x.png""]"
Legacyproperty Team,https://legacyproperty.team/,"[""krista@kristamashore.com""]"
,https://www.compass.com/agents/home-team-nola/,[]
Realty,https://www.realty.com/a/tamike-veal,[]
Sothebysrealty,https://www.sothebysrealty.com/crescentsir/eng/associate/802-a-df2107130934109661/rachel-perkoff,[]
Kristamashore,https://kristamashore.com/,[]
504Realestatemedia,http://www.504realestatemedia.com/,[]
Nola Homes,https://www.nola-homes.com/,[]
Fqr,http://www.fqr.com/,[]
Kellyrichardson Exprealty,http://kellyrichardson.exprealty.com/,[]
Aaronrosshomes,http://aaronrosshomes.com/,"[""tom@timandjulieharris.com""]"
Timandjulieharris,https://timandjulieharris.com/,[]
,https://www.compass.com/,"[""you@email.com""]"
Jessicabordelon Bhhs Preferred,https://jessicabordelon.bhhs-preferred.com/,"[""eric@nolaliving.com""]"
Rossrealtynola,https://www.rossrealtynola.com/,"[""bianca@bayoubrokerage.com""]"
Nolaliving,http://nolaliving.com/,"[""ben@benburka.com"",""casey@benburka.com"",""aaron@benburka.com"",""cameron@benburka.com""]"
Linktr Ee/Bbaham?Utm_Source=Linktree_Profile_Share&Ltsid=25992E59 8893 4F75 9813 E72Af72E1A30,https://linktr.ee/bbaham?utm_source=linktree_profile_share&ltsid=25992e59-8893-4f75-9813-e72af72e1a30,"[""cathy@alexcate.com""]"
Coolmurphy,http://coolmurphy.com/jess-rocco,"[""brett@planetguide.com"",""Info@SnapNola.com""]"
Benburka,http://www.benburka.com/,[]
Alexcate,http://www.alexcate.com/,"[""bugreport@moatable.com""]"
Kaylalovesnola,https://kaylalovesnola.com/,"[""teamnugentfreeland@gmail.com""]"
Snaprealtynola,http://www.snaprealtynola.com/,[]
Erealestatecoach2,https://www.erealestatecoach2.com/,[]
Tegan Reverealtors,http://tegan.reverealtors.com/,[]
Metro New Orleans,https://www.metro-new-orleans.com/,"[""melaina@upperllc.com"",""user@domain.com""]"
Zachary Reverealtors,http://zachary.reverealtors.com/,"[""bugreport@moatable.com""]"
Smartrealestatecoach,https://www.smartrealestatecoach.com/,[]
Cnola,https://wcnola.com/agent/josh-walther/,[]
Teamrightside,http://teamrightside.com/,"[""eric@nolaliving.com""]"
Lisajulien,http://www.lisajulien.com/,[]
Dorislumpkin,https://dorislumpkin.com/,[]
Nolalivingrealty,https://www.nolalivingrealty.com/melissa-shaw,"[""ernst@ListingNOLA.com""]"
Jonathan Reverealtors,http://jonathan.reverealtors.com/,[]
Reverealtors,https://reverealtors.com/,[]
Labauvegrp,https://www.labauvegrp.com/,"[""leslieheindel@gmail.com"",""teambeneworleans@gmail.com""]"
Athenare,http://www.athenare.com/,[]
Listingnola,https://listingnola.com/,[]
Zachary Reverealtors,http://zachary.reverealtors.com/,[]
Smartrealestatecoach,https://www.smartrealestatecoach.com/,[]
Cnola,https://wcnola.com/agent/josh-walther/,[]
Teamrightside,http://teamrightside.com/,[]
Lisajulien,http://www.lisajulien.com/,[]
Dorislumpkin,https://dorislumpkin.com/,[]
Nolalivingrealty,https://www.nolalivingrealty.com/melissa-shaw,[]
Jonathan Reverealtors,http://jonathan.reverealtors.com/,[]
Reverealtors,https://reverealtors.com/,[]
Labauvegrp,https://www.labauvegrp.com/,[]
Athenare,http://www.athenare.com/,[]
Cnola,http://www.wcnola.com/,[]
Christalks,https://www.christalks.com/?utm_source=google&utm_medium=organic&utm_term=gbp-listing-donaldson-re-coach,[]
Coachco Ca,https://coachco.ca/,"[""matthew@coachco.ca""]"
Fultongrace,https://www.fultongrace.com/realtors/irais-torres/realtor-in-chicago-il/,"[""iraist@fultongrace.com""]"
Homesnap,https://www.homesnap.com/Mircea-Campean/gmb2,[]
Nikkikofkinrealestate,https://www.nikkikofkinrealestate.com/,[]
Homesnap,https://www.homesnap.com/Wayne-Beals/gmb,"[""admin@prellorealty.com"",""admin@test.prellorealty.com""]"
Jordan Pyle,https://www.compass.com/agents/jordan-pyle/,"[""info@chicagomultifamilybroker.com"",""ivan@chicagomultifamilybroker.com""]"
Ashley Smith C,https://www.compass.com/agents/ashley-smith-c/,[]
Prellorealty,http://www.prellorealty.com/,"[""user@domain.com"",""info@doraziorealestate.com""]"
Cnola,http://www.wcnola.com/,[]
Christalks,https://www.christalks.com/?utm_source=google&utm_medium=organic&utm_term=gbp-listing-donaldson-re-coach,[]
Coachco Ca,https://coachco.ca/,"[""chris@donaldsoneducation.com""]"
Fultongrace,https://www.fultongrace.com/realtors/irais-torres/realtor-in-chicago-il/,[]
Homesnap,https://www.homesnap.com/Mircea-Campean/gmb2,[]
Nikkikofkinrealestate,https://www.nikkikofkinrealestate.com/,[]
Homesnap,https://www.homesnap.com/Wayne-Beals/gmb,[]
Jordan Pyle,https://www.compass.com/agents/jordan-pyle/,[]
Ashley Smith C,https://www.compass.com/agents/ashley-smith-c/,[]
Prellorealty,http://www.prellorealty.com/,[]
Form Jotform,http://form.jotform.com/230325962881157,[]
Zillo,https://www.zillow.com/profile/Al%20Zoubi,[]
Kelsey Shah,https://www.compass.com/agents/kelsey-shah/,[]
Ashley Donat,https://www.compass.com/agents/ashley-donat/,[]
Chicagomultifamilybroker,https://chicagomultifamilybroker.com/,[]
Buzzerrealestate,http://www.buzzerrealestate.com/,[]
Chicagonorthsiderealty,https://www.chicagonorthsiderealty.com/,[]
Sarah Jenema,https://www.compass.com/agents/chicago/sarah-jenema/,[]
Fachicago,http://fachicago.com/,"[""faustinoaguilera@gmail.com""]"
262 Realty,http://262-realty.com/,[]
Chicago Evrealestate,https://chicago.evrealestate.com/,"[""db02329e4d63f0061fb2c9af139b3b79@o4506950598787072.ingest.us.sentry.io"",""kshaw@atproperties.com""]"
Aptamigo,https://www.aptamigo.com/IL/Chicago?utm_medium=gmb,"[""support@moxiworks.com"",""mail-service@platform.moxiworks.com"",""info@windermere.com"",""mail-service@platform1.moxiworks.com"",""campaigns@info.properties"",""krystal.ruggiero@cbrealty.com"",""900618.lead.lag.101023041@leads.leadrouter.com"",""krystalclearagent@gmail.com""]"
Atproperties,https://www.atproperties.com/agents/5433/kelsey-shaw,"[""ashleybell@atproperties.com"",""swrohloff@gmail.com"",""dominique.harris@kearney.com"",""nmouawad@gmail.com"",""john.c.petersen@gmail.com"",""jillasider@gmail.com"",""jcorgel@gmail.com"",""npearce1@gmail.com"",""jbednar@umich.edu"",""LISABECKETTSAUL@GMAIL.COM"",""Josephspatt@gmail.com"",""lypieper@gmail.com"",""rebecca_blair@hotmail.com"",""ktuttle22@hotmail.com"",""janicemhay@gmail.com"",""benzfin@aol.com"",""davidelkayam@me.com"",""ellen.morris33@gmail.com"",""pai.tina.pai@gmail.com"",""thuynh85@yahoo.com"",""aerotaylor@yahoo.com"",""acohen19@gmail.com"",""laurencaptain1@gmail.com"",""seb.marin29@gmail.com"",""bmurphy.info@gmail.com"",""jessica.pratt9416@gmail.com"",""avald29@gmail.com"",""agarc048@gmail.com"",""dlhc2016@gmail.com"",""kalpatel2009@gmail.com"",""emilynisson@gmail.com"",""jvinck@umich.edu"",""callistalay@gmail.com"",""amy.buban89@ymail.com""]"
Eddiediazrealtor,http://www.eddiediazrealtor.com/,[]
Krystalruggiero Sites Cbmoxi,https://krystalruggiero.sites.cbmoxi.com/,[]
Atproperties,https://www.atproperties.com/agents/4644/ashley-bell,"[""daisy@daisymaza.com""]"
Chicago Il,https://www.compass.com/agents/locations/chicago-il/37237/,[]
Vergiseiland,https://vergiseiland.com/?utm_source=gbp&utm_medium=organic,"[""INFO@CHICAGO-RENTALS.COM"",""aheredia@chicagorentals.org""]"
Fultongrace,https://www.fultongrace.com/?utm_source=GMB&utm_medium=organic,"[""DBarakat@atproperties.com"",""rachel.meyers@ymail.com""]"
Daisymaza,https://www.daisymaza.com/,[]
Captainrealty Net,http://www.captainrealty.net/,"[""cure-header-logo-mobile@2x.png"",""info@urbanrealestate.com""]"
Chicago Rentals,http://www.chicago-rentals.com/,"[""zade.lecaj@thenavagency.com""]"
Atproperties,https://www.atproperties.com/agents/20465/deanna-barakat,"[""cengel@atproperties.com""]"
Michaelscavogroup,http://michaelscavogroup.com/,[]
Realtyofamerica,https://www.realtyofamerica.com/,"[""user@domain.com"",""mike.samm@kw.com""]"
Missirliangroup,http://www.missirliangroup.com/,[]
Lincolnparkrealestateteam,https://www.lincolnparkrealestateteam.com/,"[""bugreport@moatable.com""]"
Aptamigo,https://www.aptamigo.com/jfriedman?utm_content=Google,[]
Patriciapulido,http://www.patriciapulido.com/,"[""Shay@BuySellLoveChicago.com"",""shay@shayhata.com""]"
Serenerealtyinc,https://www.serenerealtyinc.com/,[]
Plus Cre,https://www.plus-cre.com/,"[""info@world1realty.com""]"
Buyselllovechicago,http://www.buyselllovechicago.com/,[]
Greenbetsy,http://greenbetsy.com/,"[""you@domain.com"",""tiffany@fultongrace.com""]"
Yourcrossstreet,https://yourcrossstreet.com/cross-street-sales-division/,[]
Kendricrichardson,http://kendricrichardson.com/,[]
Orld1Realty,https://world1realty.com/,[]
Michaelscavogroup,http://michaelscavogroup.com/,[]
Realtyofamerica,https://www.realtyofamerica.com/,[]
Missirliangroup,http://www.missirliangroup.com/,[]
Lincolnparkrealestateteam,https://www.lincolnparkrealestateteam.com/,[]
Aptamigo,https://www.aptamigo.com/jfriedman?utm_content=Google,[]
Patriciapulido,http://www.patriciapulido.com/,[]
Serenerealtyinc,https://www.serenerealtyinc.com/,[]
Plus Cre,https://www.plus-cre.com/,[]
Buyselllovechicago,http://www.buyselllovechicago.com/,[]
Greenbetsy,http://greenbetsy.com/,[]
Yourcrossstreet,https://yourcrossstreet.com/cross-street-sales-division/,[]
Kendricrichardson,http://kendricrichardson.com/,[]
Orld1Realty,https://world1realty.com/,[]
Joekotoch,https://joekotoch.com/,[]
Poolsharkbroker,http://www.poolsharkbroker.com/,[]
Kyleharvey Bairdwarner,https://kyleharvey.bairdwarner.com/,[]
Thequesadagroup,http://www.thequesadagroup.com/,[]
Danielvannarealtor,http://www.danielvannarealtor.com/,[]
Theacdgroup,http://theacdgroup.com/,"[""Logo-WP-180w@4x.png"",""Logo-WP-180w@4x-300x44.png"",""info@realtyofchicago.com"",""lynbanker@aol.com"",""jean@jeanferron.com"",""lisac21@msn.com"",""tim@theschillerteam.com"",""donnabayler@gmail.com"",""amandakandreoni@gmail.com"",""lizstephenson@johngreenerealtor.com"",""Liz@Liz-Sells.com"",""tigi@johngreenRealtor.com"",""rbutler@jamesonsir.com"",""96olympian@gmail.com"",""michaelwoloszczuk@gmail.com"",""pereza322@icloud.com""]"
Carmenandtony,https://www.carmenandtony.com/,"[""info@pearsonrealtygroup.com""]"
Realtyofchicago,http://realtyofchicago.com/,"[""4e376b84dfa54d438285936f87ce3cfe@o477720.ingest.sentry.io""]"
Pearsonrealtygroup,http://www.pearsonrealtygroup.com/,"[""db02329e4d63f0061fb2c9af139b3b79@o4506950598787072.ingest.us.sentry.io"",""abbykelley@atproperties.com"",""medio847@aol.com"",""saraheazzone@gmail.com"",""dray.patterson16@gmail.com"",""samanthamlane@yahoo.com"",""jordan.watkins@icloud.com"",""aqauthor@gmail.com"",""arkadiygertsman@gmail.com"",""loganmwilliams02@gmail.com""]"
About Me/Howardthomasrealestate,https://about.me/howardthomasrealestate.com,"[""homes@brightfuturerealty.net""]"
Abbykelley,http://abbykelley.com/,[]
Brightfuturerealty Net/Index Html,https://brightfuturerealty.net/index.html,"[""azin@azinamiran.com""]"
Edmottoproperties,https://edmottoproperties.com/,"[""user@domain.com"",""aaron@record-realty.com""]"
Soldbyazin,http://www.soldbyazin.com/,[]
Record Realty,http://record-realty.com/,"[""ledio@samargroupre.com""]"
Realtyofchicagosouthside,https://www.facebook.com/Realtyofchicagosouthside,"[""Terri-Buseman@2x.png"",""terri@terribuseman.com""]"
Tagcommercialbroker,http://tagcommercialbroker.com/,"[""wendya@atproperties.com""]"
Santiagoandelizabeth,http://www.santiagoandelizabeth.com/,"[""info@kmrealtygroup.net""]"
Samargroupre,http://www.samargroupre.com/,"[""info@TheFRJgroup.com""]"
Terribuseman,http://www.terribuseman.com/,"[""anastasiia.hurtova@compass.com""]"
Atproperties,https://www.atproperties.com/site/wendyandrade,"[""crystalsellschicago@gmail.com"",""hans@landstarrealty.com"",""JosephChicagoRealEstate@gmail.com"",""barbarawagner.realty@gmail.com"",""KrisChicagoSells@gmail.com"",""esanches.apts@gmail.com"",""rentwithbrett@gmail.com"",""isaacjolcover@landstarrealty.com"",""jrkrealtygroup@gmail.com"",""RealtorMichaelRobinson@gmail.com"",""rozielreyes23@outlook.com"",""sivezic90@gmail.com"",""karolina.landstar@gmail.com"",""MoLandstarRealty@gmail.com"",""MeShowRents@yahoo.com"",""UiFonaLeasing@gmail.com""]"
Zenlist,https://zenlist.com/a/edgar.zelaya,"[""zelayarealty@gmail.com""]"
Laurentraficantorealestate,http://www.laurentraficantorealestate.com/,[]
Nbeliterealty,https://nbeliterealty.com/,"[""info@nbeliterealty.com"",""name@company.com""]"
Leadingre,https://www.leadingre.com/,[]
Shieldrealestate Net,https://shieldrealestate.net/,[]
Theresahahn,http://www.theresahahn.com/contact/,"[""theresa.hahn@cbexchange.com"",""theresa.hahn@compass.com"",""user@domain.com""]"
Mattayorealtor,https://www.mattayorealtor.com/,[]
Chicagoluxurylistings,https://www.chicagoluxurylistings.com/,"[""info@chicagoluxuryrealty.com""]"
Saladinosells,http://www.saladinosells.com/,"[""mike@saladinosells.homes""]"
Lisa Kalous,https://www.compass.com/agents/chicago/lisa-kalous/,[]
Erin Ivey,https://www.compass.com/agents/erin-ivey/,[]
Antoniosellshomes,https://antoniosellshomes.com/?utm_source=gbp&utm_medium=organic,[]
Homeasap,https://homeasap.com/rossietherealtor,"[""jwebb@bairdwarner.com""]"
Rmluxurygroup,https://rmluxurygroup.com/,[]
Universitycommonschicago,http://universitycommonschicago.com/,[]
Urlluxurygroup,http://www.wurlluxurygroup.com/,"[""consult@muvrealestate.com""]"
Michaelhallgroup,https://michaelhallgroup.com/?utm_source=gbp&utm_medium=organic,[]
Mi Casa Chicago Il Remax,https://mi-casa-chicago-il.remax.com/,[]
Linktr Ee/Kenreeder Realestate,https://linktr.ee/kenreeder.realestate,[]
Millierosenbloom,https://millierosenbloom.com/?utm_source=gbp&utm_medium=organic,[]
Abode Realestate,http://abode.realestate/,[]
Chicagohomepartner,https://chicagohomepartner.com/?utm_source=gbp&utm_medium=organic,"[""kandrews@bairdwarner.com""]"
Zachkronsnoble,https://zachkronsnoble.com/,"[""cropped-Favicon@2x-32x32.webp"",""cropped-Favicon@2x-192x192.webp"",""cropped-Favicon@2x-180x180.webp"",""cropped-Favicon@2x-270x270.webp"",""Updated-Cloud-Gate-Realty-Logo@3x-1024x579.webp"",""Updated-Cloud-Gate-Realty-Logo@3x-300x170.webp"",""Updated-Cloud-Gate-Realty-Logo@3x-768x434.webp"",""Updated-Cloud-Gate-Realty-Logo@3x-1536x868.webp"",""Updated-Cloud-Gate-Realty-Logo@3x.webp"",""Google-Review@3x.webp"",""Speed-5@4x.png"",""strategy-1@4x.png"",""conversation@3x.webp"",""Buy-3@4x.png"",""Sell-3@4x.png"",""Luis-Amaya_1@2x.webp"",""Luis-Amaya_1@2x-300x300.webp"",""Luis-Amaya_1@2x-150x150.webp"",""Emily-Roman@3x.webp"",""Emily-Roman@3x-300x300.webp"",""Emily-Roman@3x-150x150.webp"",""Emily-Roman@3x-768x768.webp"",""Fredy-Dominguez@3x.webp"",""Fredy-Dominguez@3x-300x300.webp"",""Fredy-Dominguez@3x-150x150.webp"",""Fredy-Dominguez@3x-768x768.webp"",""Jacky-Pantoja@3x.webp"",""Jacky-Pantoja@3x-300x300.webp"",""Jacky-Pantoja@3x-150x150.webp"",""Jacky-Pantoja@3x-768x768.webp"",""Brian-Garza@3x.webp"",""Brian-Garza@3x-300x300.webp"",""Brian-Garza@3x-150x150.webp"",""Brian-Garza@3x-768x768.webp"",""Fabiola-Mata@3x.webp"",""Fabiola-Mata@3x-300x300.webp"",""Fabiola-Mata@3x-150x150.webp"",""Fabiola-Mata@3x-768x768.webp"",""target@3x.webp"",""unlock@3x.webp"",""Guide@3x.webp"",""cloudgate@cgrchicago.com"",""marisela.realestate@gmail.com"",""mschiavone70@hotmail.com"",""scostello@citypoint.com""]"
Jovankanovakovic,https://www.jovankanovakovic.com/,"[""support@moxiworks.com"",""mail-service@platform.moxiworks.com"",""info@windermere.com"",""mail-service@platform1.moxiworks.com"",""campaigns@info.properties"",""MarkAllenRealtyLeads@gmail.com""]"
Katieandrewshomes,https://www.katieandrewshomes.com/,[]
Rcirealtyllc,https://rcirealtyllc.com/,[]
Cgrchicago,https://www.cgrchicago.com/,"[""sharon.gillman@compass.com""]"
Markallenrealty,http://www.markallenrealty.com/,[]
Lakegroupchicago,http://www.lakegroupchicago.com/,[]
Ainhoagarcia Co,https://www.ainhoagarcia-co.com/contact,"[""user@domain.com"",""team@ainhoagarcia-co.com"",""teamainhoa@ainhoagarcia-co.com""]"
Downtownrealtycompany,https://downtownrealtycompany.com/,"[""mark@markjavier.realtor""]"
Markjavier Realtor,http://www.markjavier.realtor/,"[""sales@edyramirez.com""]"
Edyramirez,http://www.edyramirez.com/,[]
Tony Captivatereg,https://tony.captivatereg.com/,"[""mike.samm@kw.com""]"
Christinemei Exprealty,https://christinemei.exprealty.com/,[]
Lesleysweeney,https://lesleysweeney.com/?utm_source=gbp&utm_medium=organic,"[""melissad@atproperties.com""]"
Esttownteam,http://www.westtownteam.com/,[]
Century21Sgr,http://www.century21sgr.com/?utm_source=google&utm_medium=local&utm_campaign=localmaps&utm_content=2107580007,"[""hello@theeverettgroup.com""]"
Melissadondalski,http://www.melissadondalski.com/,[]
Cbcworldwide,https://www.cbcworldwide.com/professionals/lFa1antpv/jesus-garcia,"[""hello@luxurylivingchicago.com""]"
Theeverettgroup,https://www.theeverettgroup.com/,[]
Mychicagobrokers,http://www.mychicagobrokers.com/,[]
Inbusinessrealestate,http://www.inbusinessrealestate.com/,"[""bugreport@moatable.com""]"
Zenlist,https://zenlist.com/a/mauricio.lopez,"[""mauricio@cobblestonerealtygroup.com""]"
Nicklibert,https://www.nicklibert.com/,"[""nick@nicklibert.com""]"
Morechicagohomes,http://morechicagohomes.com/,"[""eric@morechicagohomes.com"",""ericsmarcus@gmail.com""]"
Deesavic,http://deesavic.com/?utm_source=gbp&utm_medium=organic,[]
Brooksellschicago,https://brooksellschicago.com/,"[""user@domain.com"",""tom@tcgroup.realty""]"
Carljohnsonrealestateagent,http://carljohnsonrealestateagent.com/,"[""julie.chesne@compass.com""]"
Tomcampone,http://www.tomcampone.com/,[]
Jdc Group,https://www.jdc.group/,"[""ajax-loader@2x.gif""]"
Thescottgrp,https://www.thescottgrp.com/,[]
Captivatereg,https://captivatereg.com/,"[""gabriel.1.gomez@chase.com"",""mario@chicagocityproperties.com""]"
Asknagel,https://www.asknagel.com/,"[""support@agentfire.com"",""info@chicagoprg.com""]"
Leslieglaziergroup,https://leslieglaziergroup.com/,"[""brad.zibung@compass.com"",""dm.markus@compass.com"",""kristin.donohue@compass.com"",""neha.sheth@compass.com"",""melissa.kusack@compass.com"",""kay.yasin@compass.com"",""nikkistoner@compass.com"",""cory.kohut@gmail.com"",""akey@compass.com"",""edward.baronia@compass.com""]"
Search Chicagocityproperties,https://search.chicagocityproperties.com/,[]
Chicagoprg,https://chicagoprg.com/,[]
Cheekyrealtor,http://www.cheekyrealtor.com/,[]
Zenlist,https://zenlist.com/a/mauricio.lopez,[]
Nicklibert,https://www.nicklibert.com/,[]
Morechicagohomes,http://morechicagohomes.com/,[]
Deesavic,http://deesavic.com/?utm_source=gbp&utm_medium=organic,[]
Brooksellschicago,https://brooksellschicago.com/,[]
Carljohnsonrealestateagent,http://carljohnsonrealestateagent.com/,[]
Tomcampone,http://www.tomcampone.com/,[]
Jdc Group,https://www.jdc.group/,[]
Thescottgrp,https://www.thescottgrp.com/,[]
Captivatereg,https://captivatereg.com/,[]
Asknagel,https://www.asknagel.com/,[]
Leslieglaziergroup,https://leslieglaziergroup.com/,[]
Search Chicagocityproperties,https://search.chicagocityproperties.com/,[]
Chicagoprg,https://chicagoprg.com/,[]
Cheekyrealtor,http://www.cheekyrealtor.com/,[]
Chicagoresidentialpartners,http://chicagoresidentialpartners.com/,[]
Ccg Chicago,http://ccg-chicago.com/,[]
Thenavagency,https://www.thenavagency.com/,"[""hayley.w@compass.com""]"
Howieandron Sites Erarealestate,https://howieandron.sites.erarealestate.com/,"[""support@moxiworks.com"",""mail-service@platform.moxiworks.com"",""info@windermere.com"",""mail-service@platform1.moxiworks.com"",""campaigns@info.properties"",""howie@markallenrealty.com"",""010241.lead.0014@leads.leadrouter.com""]"
Joannesellschicago,http://www.joannesellschicago.com/,[]
Irpinorealestate,http://www.irpinorealestate.com/,[]
Dreamsweetrealty,http://dreamsweetrealty.com/,"[""tony@togarco.com"",""user@domain.com""]"
Rileyhextell,https://rileyhextell.com/,[]
Togarco,http://www.togarco.com/,"[""DMCAnotice@theMLSGRID.com"",""chicagoagent312@gmail.com""]"
Eswchicago,http://www.eswchicago.com/,[]
Chicagorealestatesource,https://www.chicagorealestatesource.com/,"[""flags@2x.webp"",""globe@2x.webp"",""ben.lalez@compass.com""]"
Yubrealty,http://www.yubrealty.com/,[]
Leighmarcus,https://leighmarcus.com/?utm_source=gbp&utm_medium=organic,[]
Benlalez,https://benlalez.com/about/,"[""sam@chiprop.com""]"
Yeagerteam,https://www.yeagerteam.com/,[]
Anirealestate,http://www.anirealestate.com/,"[""dj@kalerealty.com"",""careers@kalerealty.com""]"
Zagataproperties,https://zagataproperties.com/,[]
Secondcityagents,https://secondcityagents.com/?utm_source=gbp&utm_medium=organic,[]
Bestchicagoproperties,https://www.bestchicagoproperties.com/,"[""info@bestchicagoproperties.com""]"
Vestapreferred,https://vestapreferred.com/?utm_source=gbp&utm_medium=organic,"[""info@vestapreferred.com""]"
Mattlaricy,https://mattlaricy.com/?utm_source=gbp&utm_medium=organic,"[""mlaricy@americorpre.com""]"
Markbucknergroup Net,http://www.markbucknergroup.net/,"[""user@domain.com"",""mark.buckner@compass.com"",""bbdigitallab@gmail.com"",""eliza.buckner@compass.com"",""Celeste.chicas@compass.com"",""kim.lynch@compass.com"",""malik.smith@compass.com""]"
Fultongrace,https://www.fultongrace.com/realtors/patrick-shino/realtor-in-chicago-il/,"[""patrick@fultongrace.com""]"
Chicagopropertysisters,https://chicagopropertysisters.com/,"[""Carrie@atproperties.com""]"
Debradobbs,https://debradobbs.com/,"[""tpichet@globaltyinvestment.com""]"
Huntchicago,https://huntchicago.com/,"[""info@nbeliterealty.com"",""name@company.com""]"
Ryanhardychicago,https://ryanhardychicago.com/,[]
Millionluxury,https://www.millionluxury.com/,"[""charterclubrlty@gmail.com"",""bayagent1@gmail.com"",""johnsmith@myemail.com""]"
Charterclubrealty,http://charterclubrealty.com/,"[""arlo@camposcommercial.com"",""info@camposcommercial.com""]"
Camposcommercial,https://camposcommercial.com/,[]
Jonathanbigelman,https://jonathanbigelman.com/,[]
Adolfopenagos,https://www.adolfopenagos.com/,[]
Floridarealtyofmiami,https://www.floridarealtyofmiami.com/,"[""hello@sfrealestate.us""]"
Sfrealestate Us,https://www.sfrealestate.us/,"[""steven@stevenvargas.com"",""chloe@chloevargas.com""]"
Stevenvargas,http://stevenvargas.com/,"[""you@example.com"",""info@mybrokerone.com""]"
Mybrokerone,http://www.mybrokerone.com/,"[""info@eliteoceanviewrealty.com""]"
Eliteoceanviewrealty,http://www.eliteoceanviewrealty.com/,"[""bugreport@moatable.com""]"
Luxuryhomesinmiamiforsale,http://luxuryhomesinmiamiforsale.com/,"[""txwinner-white-horizontal@4x.png"",""txwinner-white-horizontal@4x-200x94.png"",""txwinner-white-horizontal@4x-400x188.png"",""txwinner-white-horizontal@4x-600x282.png"",""txwinner-white-horizontal@4x-800x376.png"",""txwinner-white-horizontal@4x-1200x565.png"",""winner-color-horizontal@4x.png"",""winner-color-horizontal@4x-200x108.png"",""winner-color-horizontal@4x-400x216.png"",""winner-color-horizontal@4x-600x324.png"",""winner-color-horizontal@4x-800x432.png"",""winner-color-horizontal@4x-1200x648.png"",""mkuzina@miamiluxuryrealestate.com"",""info@miamiluxurymiami.com"",""ana@atrluxuryhomes.com"",""charlette.seidel@floridamoves.com"",""Lourdes.Alatriste@Elliman.com"",""martha.pomares@elliman.com"",""anna@annasherrill.com"",""MLS@onesothebysrealty.com"",""info@dorapuig.com"",""oliver.lloyd@elliman.com"",""judithcorcos@gmail.com"",""albert@albertjusto.com"",""jille@jillszeder.com"",""Darrell.Burks@Floridamoves.com"",""realestate@fgdgroup.com"",""Devin.Kay@Elliman.com"",""miamiportfoliomanager@bespokerealestate.com"",""kayt@besokerealestate.com"",""Ruthie.assouline@elliman.com"",""iakhrass@elliman.com"",""phoberman@urbis-realestate.com"",""diana.garchitorena@elliman.com""]"
Miamiluxuryrealestates,http://miamiluxuryrealestates.com/,"[""heloisa@amgintrealty.com""]"
Amgintrealty,https://amgintrealty.com/,[]
Livingpremises,http://livingpremises.com/,"[""info@costagroupmiami.com""]"
Costagroupmiami,http://www.costagroupmiami.com/,[]
Lmrealtygroup Net,https://www.lmrealtygroup.net/,"[""info@ofcoursemiami.fr"",""brigitte@ofcoursemiami.fr"",""bigillc@yahoo.com"",""xavier@ofcoursemiami.fr"",""kevin@ofcoursemiami.fr""]"
Ofcoursemiami,http://ofcoursemiami.com/,"[""emesa@onesothebysrealty.com""]"
Eliterealestateassociates,http://eliterealestateassociates.com/,"[""ibis@ibisegozi.com""]"
Makeyourmovemia,http://makeyourmovemia.com/,"[""bugreport@moatable.com""]"
Miamirealestatebroker,http://www.miamirealestatebroker.com/,"[""jim@hitchcocksolutions.com"",""testlg@idxboost.com""]"
Superluxurygroup,http://www.superluxurygroup.com/,[]
Arnaudhomburger,https://arnaudhomburger.com/,"[""arnaudhomburger@gmail.com""]"
Thesignaturerealty,https://www.thesignaturerealty.com/,"[""brett@thesigcre.com""]"
Pilarsaravia Exprealty,https://pilarsaravia.exprealty.com/seller/valuation/,"[""support@agentfire.com""]"
Ericfarmelant,http://www.ericfarmelant.com/,[]
Riserealty,https://riserealty.com/,[]
Roccasellsflorida,https://roccasellsflorida.com/,[]
Addressmiami,http://www.addressmiami.com/,"[""Carole@PropertiesofMiami.com""]"
Abnerglobal,http://www.abnerglobal.com/,"[""rileys@rileysmithgroup.com"",""Riley@RileySmithGroup.com"",""Amy@RileySmithGroup.com"",""Ana@RileySmithGroup.com"",""Andres@RileySmithGroup.com"",""Anthony@RileySmithGroup.com"",""Carlos@RileySmithGroup.com"",""Carolina@RileySmithGroup.com"",""Emily@RileySmithGroup.com"",""Giuliana@RileySmithGroup.com"",""Guillermo@RileySmithGroup.com"",""Heather@RileySmithGroup.com"",""Ian@RileySmithGroup.com"",""Jen@RileySmithGroup.com"",""Liz@RileySmithGroup.com"",""Maria@RileySmithGroup.com"",""Mary@RileySmithGroup.com"",""Rafael@RileySmithGroup.com"",""Randi@RileySmithGroup.com"",""Rebeca@RileySmithGroup.com"",""Silvina@RileySmithGroup.com"",""Tayreen@RileySmithGroup.com"",""Victor@RileySmithGroup.com"",""Nicole@RileySmithGroup.com"",""Brian@RileySmithGroup.com"",""Kelsey@RileySmithGroup.com"",""Natalia@RileySmithGroup.com"",""Elli@RileySmithGroup.com"",""JessicaD@RileySmithGroup.com"",""Gemma@RileySmithGroup.com"",""Amanda@RileySmithGroup.com"",""Kelly@RileySmithGroup.com"",""Rosie@RileySmithGroup.com"",""Mike@RileySmithGroup.com"",""Jason@RileySmithGroup.com"",""Ivana@RileySmithGroup.com"",""Cristina@RileySmithGroup.com"",""Valerie@RileySmithGroup.com"",""Odalys@RileySmithGroup.com"",""James@RileySmithGroup.com"",""Daniela@RileySmithGroup.com"",""Derek@RileySmithGroup.com"",""Alonso@RileySmithGroup.com"",""Elizabeth@RileySmithGroup.com"",""Jayson@RileySmithGroup.com"",""Christopher@RileySmithGroup.com"",""Sarahy@RileySmithGroup.com"",""Brian.S@RileySmithGroup.com"",""Amy.o@RileySmithGroup.com"",""Katriina@RileySmithGroup.com"",""Theo@RileySmithGroup.com"",""Jessica.DelaE@RileySmithGroup.com"",""Alexandra@RileySmithGroup.com"",""Jeff@RileySmithGroup.com"",""Karina@RileySmithGroup.com"",""JDF@RileySmithGroup.com"",""Angel@RileySmithGroup.com"",""Damaris@RileySmithGroup.com"",""Cynthia@RileySmithGroup.com"",""Kiara@RileySmithGroup.com"",""Jay@RileySmithGroup.com"",""Brenda@RileySmithGroup.com"",""Michael@RileySmithGroup.com"",""AnaClarke@RileySmithGroup.com"",""Linda@RileySmithGroup.com"",""David@RileySmithGroup.com"",""Andrea@RileySmithGroup.com""]"
Propertiesforsaleandrent,https://www.propertiesforsaleandrent.com/,"[""alek@aleksandrateam.com""]"
Southfloridaoffmarket,https://southfloridaoffmarket.com/,"[""danmaza@miamirealestatetrends.com""]"
Propertiesofmiami,https://www.propertiesofmiami.com/,[]
Klerosre,http://www.klerosre.com/,"[""midtownmiamirealty@gmail.com""]"
Alexasierra,https://alexasierra.com/,"[""alexandra.sierra@compass.com""]"
Miamihomequeen,https://www.miamihomequeen.com/,"[""rhondakohn@kw.com"",""adam.cooper@quantum.com"",""jamie.smith@quantum.com"",""dave.wong@quantum.com"",""madilyn.runolfsdottir@quantum.com"",""eduardo.reichel@quantum.com"",""laura.morgan@quantum.com"",""agent@access.com""]"
Miacitylife,http://www.miacitylife.com/,"[""miacitylife.re@gmail.com""]"
Gravityrealestate,http://www.gravityrealestate.com/,[]
Bestamericanrealty,http://www.bestamericanrealty.com/,[]
Centennialrealtygroup,https://centennialrealtygroup.com/,"[""centennialrealtymiami@gmail.com"",""mejiajcarlos@yahoo.com""]"
Abrahamash,https://abrahamash.com/,"[""abraham@abrahamash.com"",""abe@abeashmiami.com""]"
Apexcapitalrealty,http://apexcapitalrealty.com/,"[""info@apexcapitalrealty.com""]"
Miamirealestateopportunities,https://www.facebook.com/miamirealestateopportunities/,[]
Alexandriarealtygroup,https://alexandriarealtygroup.com/,"[""Alex@AlexandriaRealtyGroup.com"",""testlg@idxboost.com""]"
Rinasellsmiami,https://rinasellsmiami.com/?utm_source=gbp&utm_medium=organic,[]
Laurenhershey,https://www.laurenhershey.com/,"[""laurenhersheyrealtor@gmail.com""]"
Jackcodengroup,http://www.jackcodengroup.com/,"[""joseluis@realtygroup.miami""]"
Lgrealtygroup,https://www.lgrealtygroup.com/,[]
Realtygroup Miami,https://realtygroup.miami/,[]
Miamibeachluxuryliving,https://miamibeachluxuryliving.com/?utm_source=gbp&utm_medium=organic,"[""gteran@avantiway.com""]"
Dimitri Sdgroupmiami,https://dimitri.sdgroupmiami.com/,"[""alek@aleksandrateam.com""]"
Gteran,https://www.gteran.com/,[]
Seanmichaelfitzgerald,http://www.seanmichaelfitzgerald.com/,"[""sean@fitzrealdev.com""]"
Oliversellsmiami,https://oliversellsmiami.com/?utm_source=gbp&utm_medium=organic,"[""support@moxiworks.com"",""mail-service@platform.moxiworks.com"",""info@windermere.com"",""mail-service@platform1.moxiworks.com"",""campaigns@info.properties"",""oliver.ruiz@cbrealty.com"",""gloria.morales@cbrealty.com"",""900615.lead.lag.101014932@leads.leadrouter.com""]"
Ivanandmike,https://www.ivanandmike.com/,"[""Martirena96@gmail.com"",""mlsfl@compass.com"",""christel.renaud@compass.com"",""ivan.chorney@compass.com"",""cindy.perez@compass.com""]"
Miamirealtysolution,http://miamirealtysolution.com/,"[""info@chariff.com""]"
Chariff,http://www.chariff.com/,"[""sacosta@onesothebysrealty.com"",""n@brickell.news""]"
Sebastianacosta,http://www.sebastianacosta.com/,"[""info@homemiamire.com""]"
Beacons Ai/Mrdreammaker_,https://beacons.ai/mrdreammaker_,"[""info@realbrokers.miami""]"
Homemiamire,http://www.homemiamire.com/,[]
Condoblackbook,https://www.condoblackbook.com/,[]
Realbrokersmiami,https://realbrokersmiami.com/,"[""theivyteam@gmail.com""]"
Miamishome,https://miamishome.com/?utm_source=gbp&utm_medium=organic,[]
Stuartstjames,https://stuartstjames.com/,[]
Ivyboston,https://www.ivyboston.com/contact/,"[""info@ixactcontact.com""]"
Thebostonrealtygroup,https://www.thebostonrealtygroup.com/,[]
Dorothymanning Exprealty,http://dorothymanning.exprealty.com/,"[""sprites@2x.png"",""KBrown@BrownWagner.com""]"
Greenwayrealtygroupllc,https://greenwayrealtygroupllc.com/contact-us,[]
Remax,https://www.remax.com/real-estate-agents/amanda-travassos-new-bedford-ma/102266386,"[""contact@bradvisors.com""]"
Bradvisors,http://www.bradvisors.com/,[]
Cushmanwakefield,https://www.cushmanwakefield.com/en/united-states/offices/boston?utm_source=google&utm_medium=organic&utm_campaign=gmb_uberall_USA040,"[""support@moxiworks.com"",""mail-service@platform.moxiworks.com"",""info@windermere.com"",""mail-service@platform1.moxiworks.com"",""campaigns@info.properties"",""roy.schwartz@cbrealty.com"",""roy@bostonsbestrealty.com"",""900601.lead.lag.101023119@leads.leadrouter.com"",""info@bostonsbestrealty.com""]"
Bostonsbestrealty,http://bostonsbestrealty.com/,"[""paul@fairfieldrealtyboston.com""]"
Placester,https://placester.com/,"[""user@domain.com"",""dave@prosellrealty.com""]"
Fairfieldrealtyboston,http://www.fairfieldrealtyboston.com/,[]
Prosellrealty,https://www.prosellrealty.com/,"[""anthony.menounos@nemoves.com"",""Ken.Tutunjian@NEMoves.com"",""900601.lead.lag.100715212@leads.leadrouter.com"",""anthony.menounos@gmail.com""]"
Firstrealtymgt,https://www.firstrealtymgt.com/,"[""2da842c767f04973985018dd9924b335@sentry.io""]"
Bostonpads,https://bostonpads.com/,[]
Raveis,https://www.raveis.com/Office/MA/Boston-South-End/22155?utm_source=google-my-business&utm_medium=organic&utm_campaign=BostonSouthEndMA,[]
Leerealtyboston,http://www.leerealtyboston.com/,[]
Cynergyrealty,https://cynergyrealty.com/,[]
Meichelle5 Wixsite,https://meichelle5.wixsite.com/site,"[""Kimberlyclark123z@gmail.com""]"
Nexthomeurs,http://nexthomeurs.com/,"[""info@TheStrategyStreet.com"",""Frank@TheStrategyStreet.com"",""compliance@placester.com""]"
Homeendeavorsrealty,http://www.homeendeavorsrealty.com/,"[""info@luxurylivingre.com""]"
Mrsbrownstoneboston,https://mrsbrownstoneboston.com/,"[""info@indiantypefoundry.com"",""Gregory@herringboneboston.com"",""celina@herringboneboston.com"",""daniel@herringboneboston.com""]"
Thestrategystreet,http://thestrategystreet.com/,"[""user@domain.com""]"
Luxurylivingre,http://www.luxurylivingre.com/,"[""bugreport@moatable.com""]"
Modernre,http://modernre.com/,[]
Casey Martin,https://www.compass.com/agents/casey-martin/,[]
Herringboneboston,https://herringboneboston.com/the-team,[]
Marinirealestate,http://www.marinirealestate.com/,"[""haley.cutter@gmail.com"",""duglas1010@gmail.com"",""meaghan.realestate@gmail.com"",""Jferrisliving@gmail.com"",""kjriveroll@gmail.com"",""alexcoxallre@gmail.com"",""mario.luxeliving@gmail.com"",""jmckenzie4505@gmail.com"",""annaliseinboston@gmail.com"",""adam.cooper@metropolis.com"",""jamie.smith@metropolis.com"",""dave.wong@metropolis.com"",""madilyn.runolfsdottir@metropolis.com"",""eduardo.reichel@metropolis.com"",""laura.morgan@metropolis.com"",""agent@access.com"",""cutterluxe@compass.com"",""realestate.shahabmadadi@gmail.com""]"
Jaynekramer,https://jaynekramer.com/,"[""lisa@lisahaboston.com""]"
Newwavebostonre,http://www.newwavebostonre.com/,[]
Club Realty,http://club-realty.com/,"[""shoreyrealestate@gmail.com""]"
Leerealtyboston,http://www.leerealtyboston.com/,[]
Cynergyrealty,https://cynergyrealty.com/,[]
Meichelle5 Wixsite,https://meichelle5.wixsite.com/site,[]
Nexthomeurs,http://nexthomeurs.com/,[]
Homeendeavorsrealty,http://www.homeendeavorsrealty.com/,[]
Mrsbrownstoneboston,https://mrsbrownstoneboston.com/,[]
Thestrategystreet,http://thestrategystreet.com/,[]
Luxurylivingre,http://www.luxurylivingre.com/,[]
Modernre,http://modernre.com/,[]
Casey Martin,https://www.compass.com/agents/casey-martin/,[]
Herringboneboston,https://herringboneboston.com/the-team,[]
Marinirealestate,http://www.marinirealestate.com/,[]
Jaynekramer,https://jaynekramer.com/,[]
Newwavebostonre,http://www.newwavebostonre.com/,[]
Club Realty,http://club-realty.com/,[]
Candorinvestmentgroup,https://candorinvestmentgroup.com/,"[""yassien.youssef@compass.com""]"
Cutterluxe,http://www.cutterluxe.com/,[]
Lisahaboston,http://www.lisahaboston.com/,[]
Yygroupre,https://yygroupre.com/,[]
Remax,https://www.remax.com/real-estate-offices/remax-realty-plus-boston-ma/100427783,"[""user@domain.com"",""toni.gilardi@gibsonsir.com"",""lauren.newton@gibsonsir.com"",""michael.salvati@gibsonsir.com""]"
Jaxcrerar Exprealty,https://jaxcrerar.exprealty.com/,"[""Norman@PrimeRealtyGrp.com""]"
Thegilardigroup,http://www.thegilardigroup.com/,"[""help@cityrealtyboston.com"",""accounting@cityrealtyboston.com"",""ap@cityrealtyboston.com"",""ar@cityrealtyboston.com"",""citykids@cityrealtyboston.com"",""hoa@cityrealtyboston.com"",""rentals@cityrealtyboston.com"",""reschool@cityrealtyboston.com"",""605a7baede844d278b89dc95ae0a9123@sentry-next.wixpress.com"",""18d2f96d279149989b95faf0a4b41882@sentry-next.wixpress.com"",""dd0a55ccb8124b9c9d938e3acf41f8aa@sentry.wixpress.com"",""c183baa23371454f99f417f6616b724d@sentry.wixpress.com"",""8c30b2581acc426badc414e8a5dc04ef@sentry.wixpress.com"",""8eb368c655b84e029ed79ad7a5c1718e@sentry.wixpress.com"",""2062d0a4929b45348643784b5cb39c36@sentry.wixpress.com"",""5d1795a2db124a268f1e1bd88f503500@sentry.wixpress.com""]"
Instagram,https://www.instagram.com/svetti_realtor/,[]
Gibsonsothebysrealty,http://gibsonsothebysrealty.com/,[]
Primerealtygrp,https://www.primerealtygrp.com/,[]
Cityrealtyboston,http://www.cityrealtyboston.com/,[]
Monterore,https://monterore.com/?utm_source=gbp&utm_medium=organic,[]
Rooney Re,https://rooney-re.com/?utm_source=gbp&utm_medium=organic,"[""manager@bostonmovesre.com"",""alex@bostonmovesre.com""]"
Fiorellirealtyassociates,http://www.fiorellirealtyassociates.com/,[]
Amaurydelabbey,http://amaurydelabbey.com/,"[""Sgrossack@617regroup.com""]"
Bostonrealestatepros,https://bostonrealestatepros.com/?utm_source=gbp&utm_medium=organic,"[""info@insightrealtygroup.com"",""karen8red@gmail.com"",""bryan.loveliveboston@gmail.com"",""lmayajp@gmail.com"",""rachael@rachaelkulik.com"",""kris@krismacdonald.com"",""jamaicaplain@gmail.com"",""irishpaula@gmail.com"",""offergood@aol.com"",""yourname@youremail.com""]"
Tylerbenner Exprealty,https://tylerbenner.exprealty.com/,"[""email@example.com"",""mbkelley@kw.com""]"
Burnsinvestments,http://www.burnsinvestments.com/,[]
Entryonlynewengland,https://entryonlynewengland.com/,"[""cbrayrealestate@gmail.com""]"
Collinbray,http://www.collinbray.com/,[]
Adam Shamus,https://www.compass.com/agents/adam-shamus/,"[""AnthonyL@LamacchiaRealty.com"",""info@lamacchiarealty.com""]"
Juanrealestate,https://juanrealestate.com/?utm_source=gbp&utm_medium=organic,"[""realtyford@yahoo.com"",""J.fordrealtyinc@gmail.com""]"
Lamacchiarealty,http://www.lamacchiarealty.com/,[]
Elliman,https://www.elliman.com/agent/nicole-paler/1193583,[]
Bostonreb,http://www.bostonreb.com/,"[""support@moxiworks.com"",""mail-service@platform.moxiworks.com"",""info@windermere.com"",""mail-service@platform1.moxiworks.com"",""campaigns@info.properties"",""rich.hornblower@nemoves.com"",""Ken.Tutunjian@NEMoves.com"",""900601.lead.lag.100710160@leads.leadrouter.com""]"
Bethdickerson,https://bethdickerson.com/,"[""info@thecharlesrealty.com"",""sarah@thecharlesrealty.com""]"
Collinfishman,http://www.collinfishman.com/,"[""user@domain.com"",""josh@joshEsantana.com""]"
Alexanderlisek Exprealty,https://alexanderlisek.exprealty.com/,[]
Burnsinvestments,http://www.burnsinvestments.com/,[]
Entryonlynewengland,https://entryonlynewengland.com/,[]
Collinbray,http://www.collinbray.com/,"[""DSC00033@05x.jpg""]"
Adam Shamus,https://www.compass.com/agents/adam-shamus/,"[""Info@LamacchiaCares.org""]"
Juanrealestate,https://juanrealestate.com/?utm_source=gbp&utm_medium=organic,"[""jrealtyford@yahoo.com"",""lamb.janet@yahoo.com""]"
Lamacchiarealty,http://www.lamacchiarealty.com/,[]
Elliman,https://www.elliman.com/agent/nicole-paler/1193583,[]
Bostonreb,http://www.bostonreb.com/,[]
Bethdickerson,https://bethdickerson.com/,[]
Collinfishman,http://www.collinfishman.com/,[]
Alexanderlisek Exprealty,https://alexanderlisek.exprealty.com/,[]
Richardhornblower,http://www.richardhornblower.com/,[]
Thecharlesrealty,https://www.thecharlesrealty.com/realestate/agent/sarah-glovsky/,[]
Joshesantana,http://joshesantana.com/,[]
Citycentralre,https://citycentralre.com/,"[""info@citycentralre.com""]"
Movinggreaterboston,https://movinggreaterboston.com/?utm_source=gbp&utm_medium=organic,[]
Thewhaleyringteam,https://thewhaleyringteam.com/agent/paul-whaley,[]
Boston Evrealestate,http://boston.evrealestate.com/,"[""amy@carlislegrouprealestate.com"",""user@domain.com"",""emily@carlislegrouprealestate.com""]"
Carlislegrouprealestate,https://www.carlislegrouprealestate.com/our-team/emily-nichols,[]
Bostononeteam,https://bostononeteam.com/?utm_source=gbp&utm_medium=organic,"[""thesarkisteam@elliman.com""]"
Sarkisboston,http://sarkisboston.com/,"[""sales@seaportrealtygroup.com""]"
Seaportrealtygroup,http://www.seaportrealtygroup.com/,[]
Joycelebedewrealestate,https://www.joycelebedewrealestate.com/,[]
Mgsgrouprealestate,http://mgsgrouprealestate.com/,[]
Thebostonhometeam,https://thebostonhometeam.com/?utm_source=gbp&utm_medium=organic,"[""choicehomesma@gmail.com""]"
Bulfinchbostonrealty,https://www.bulfinchbostonrealty.com/,"[""bugreport@moatable.com""]"
Greaterbostonrealestateagents,https://www.greaterbostonrealestateagents.com/,"[""eben@eyebytes.com"",""filler@godaddy.com"",""contact@oakfr.com""]"
Deanofresults,http://www.deanofresults.com/,[]
Theoakforest,https://theoakforest.com/,"[""support@agentfire.com""]"
Oconnorandhighland,http://www.oconnorandhighland.com/,[]
Csluxurygroup,http://www.csluxurygroup.com/,[]
Bostonmove,https://www.bostonmove.com/,[]
Stephcrawfordgroup,https://stephcrawfordgroup.com/?utm_source=gbp&utm_medium=organic,[]
Kenmoreproperties,http://www.kenmoreproperties.com/,"[""Info@KenmoreProperties.com""]"
Rpgroupatcompass,https://www.rpgroupatcompass.com/,"[""user@domain.com"",""RPGroup@compass.com""]"
Movingtonewtonma,https://movingtonewtonma.com/,"[""bugreport@moatable.com""]"
Raveis,https://www.raveis.com/Agent/stevefacelle,"[""team@adamsand.co"",""trevor@adamsand.co"",""ashlee@adamsand.co""]"
Conceptpropertiesre,https://conceptpropertiesre.com/,[]
Adamsand Co,https://adamsand.co/,[]
Evoboston,https://evoboston.com/?utm_source=gbp&utm_medium=organic,"[""info@thecharlesrealty.com""]"
Lesliemackinnon,https://lesliemackinnon.com/,[]
Thecharlesrealty,https://www.thecharlesrealty.com/,[]
Scarletttamburro,https://scarletttamburro.com/,"[""logo@2x.jpg"",""email@email.com""]"
Arborviewrealtyinc,http://www.arborviewrealtyinc.com/,"[""name@website.com"",""goodrich@compass.com""]"
C21Cityside,http://www.c21cityside.com/,[]
Goodrichboston,https://www.goodrichboston.com/?utm_source=gbp&utm_medium=local&utm_campaign=website_clicks,"[""commongroundcollective@compass.com"",""compliance@placester.com"",""logan.jacobs@compass.com""]"
Homesnap,https://www.homesnap.com/Michael-MacDonald-4/gmb2,[]
Ellenandjanisrealestate,https://www.ellenandjanisrealestate.com/,"[""info@broadsoundre.com""]"
Guysellshomes,https://guysellshomes.com/,"[""nico@realty.boston""]"
Amandawoodwardhomes,https://www.amandawoodwardhomes.com/,"[""brian@briangagnonre.com""]"
Darnellrealty,https://www.darnellrealty.com/,"[""amgroup@compass.com""]"
Briangagnonre,https://briangagnonre.com/,[]
Amgboston,http://amgboston.com/,"[""bugreport@moatable.com""]"
Jackieorealestate,https://www.jackieorealestate.com/,[]
Listwithjameslynch,https://listwithjameslynch.com/,"[""A.SMITH@CBREALTY.COM""]"
Clproperties,http://www.clproperties.com/,[]
Coldwellbankerhomes,https://www.coldwellbankerhomes.com/ma/boston/agent/adam-smith/aid_267339/,[]
Mbrgboston,http://www.mbrgboston.com/,[]
Fitzpatrickre,http://www.fitzpatrickre.com/,"[""single-family-home-map-icon@2x.png""]"
Broadwaygroupboston,http://broadwaygroupboston.com/,[]
Douglaspaulre,http://www.douglaspaulre.com/,"[""team@sazamare.com""]"
Zackharwood,http://zackharwood.com/,"[""2da842c767f04973985018dd9924b335@sentry.io""]"
Therealtyconcierge,https://www.therealtyconcierge.com/homes-and-houses-worcester-massachusetts/,"[""darcy@bentorealestate.com"",""Accessibility@incomrealestate.com""]"
Karinademurchyan,https://karinademurchyan.com/,"[""dan@gorfinklegroup.com""]"
Amandawoodwardhomes,https://www.amandawoodwardhomes.com/,[]
Darnellrealty,https://www.darnellrealty.com/,[]
Briangagnonre,https://briangagnonre.com/,[]
Amgboston,http://amgboston.com/,[]
Jackieorealestate,https://www.jackieorealestate.com/,[]
Listwithjameslynch,https://listwithjameslynch.com/,[]
Clproperties,http://www.clproperties.com/,[]
Coldwellbankerhomes,https://www.coldwellbankerhomes.com/ma/boston/agent/adam-smith/aid_267339/,[]
Mbrgboston,http://www.mbrgboston.com/,[]
Fitzpatrickre,http://www.fitzpatrickre.com/,[]
Broadwaygroupboston,http://broadwaygroupboston.com/,[]
Douglaspaulre,http://www.douglaspaulre.com/,[]
Zackharwood,http://zackharwood.com/,[]
Therealtyconcierge,https://www.therealtyconcierge.com/homes-and-houses-worcester-massachusetts/,[]
Karinademurchyan,https://karinademurchyan.com/,[]
Bostongrandrealty,http://bostongrandrealty.com/,"[""info@bostongrandrealty.com""]"
Bostonproperrealestate,https://www.bostonproperrealestate.com/,[]
Danielacafaro,http://www.danielacafaro.com/,"[""support@moxiworks.com"",""mail-service@platform.moxiworks.com"",""info@windermere.com"",""mail-service@platform1.moxiworks.com"",""campaigns@info.properties"",""katelyn.sullivan@cbrealty.com"",""realtorkatelyne@gmail.com"",""Ken.Tutunjian@NEMoves.com"",""900601.lead.lag.100933847@leads.leadrouter.com""]"
Katelynesullivan,https://www.katelynesullivan.com/,[]
Formanrealtors,https://formanrealtors.com/,[]
Columbuscastles,http://www.columbuscastles.com/,"[""sales@vntgrealestate.com"",""sold@vntgrealestate.com"",""user@domain.com""]"
Remaxallegianceohio,https://www.remaxallegianceohio.com/jennydowney,"[""support@agentfire.com""]"
Vntgrealestate,https://vntgrealestate.com/,"[""2da842c767f04973985018dd9924b335@sentry.io""]"
Barryhall Red1Realty,https://barryhall.red1realty.com/?fbclid=IwAR3ISdd0CJxPHURb0rDEPyTjsoy9l1gXV48NiIXPzoIDlJKTnolj10omOSk,[]
Styerrep,https://styerrep.com/libby-hainrihar/,[]
Faor,https://faor.com/,"[""michael.schmidt@cbrealty.com"",""900617.lead.lag.101024671@leads.leadrouter.com""]"
Jimsulay,http://jimsulay.com/,[]
Farmgroundagent,http://farmgroundagent.com/,"[""matt@mattmitchellhomes.com""]"
Shannonbrewster,http://www.shannonbrewster.com/,"[""bugreport@moatable.com""]"
Propertiesbygabriel,https://www.propertiesbygabriel.com/,"[""pventohiorealty@gmail.com""]"
Paulventrealestate,http://paulventrealestate.com/,"[""dhamilton@cutlerhomes.com"",""danhamilton614@gmail.com""]"
Centralohiohomeconnection,https://centralohiohomeconnection.com/,"[""stephanie@teampagac.com""]"
Cbushomes,https://www.cbushomes.com/,[]
Leading Edge London Oh Remax,https://leading-edge-london-oh.remax.com/,[]
Ebusser Kw,http://ebusser.kw.com/,[]
Century21,http://www.century21.com/,"[""reshowcasemarion@gmail.com""]"
Howardhanna,https://www.howardhanna.com/Agent/Detail/Edward-Robson/70604,"[""marnita@buckeyelake.com"",""name@website.com""]"
Pattijackson,http://pattijackson.com/,"[""sara@sarawalsh.com""]"
Shannonbrewster,http://www.shannonbrewster.com/,[]
Propertiesbygabriel,https://www.propertiesbygabriel.com/,[]
Paulventrealestate,http://paulventrealestate.com/,[]
Centralohiohomeconnection,https://centralohiohomeconnection.com/,[]
Cbushomes,https://www.cbushomes.com/,[]
Leading Edge London Oh Remax,https://leading-edge-london-oh.remax.com/,[]
Ebusser Kw,http://ebusser.kw.com/,[]
Century21,http://www.century21.com/,[]
Howardhanna,https://www.howardhanna.com/Agent/Detail/Edward-Robson/70604,[]
Pattijackson,http://pattijackson.com/,[]
Realestateconnections Org,http://www.realestateconnections.org/,[]
Theohiohomegroup,http://theohiohomegroup.com/,[]
Marialetechipia,https://marialetechipia.com/?utm_source=gbp&utm_medium=organic,[]
Tonydangelo Navxrealty,https://tonydangelo.navxrealty.com/,[]
Realtortoddburns,http://www.realtortoddburns.com/,[]
Bio Site/Traceyedwards,https://bio.site/traceyedwards,"[""traceyedwards@kw.com""]"
Generations Realty,https://www.generations-realty.com/,"[""user@domain.com"",""Beckett@beckettrg.com""]"
Howardhanna,https://www.howardhanna.com/Office/Detail/Westerville-Northeast/013177,[]
Www,https://www.com.ohio.gov/dico/contacts.aspx,"[""bugreport@moatable.com""]"
Delenaciamaccowesterville,https://www.delenaciamaccowesterville.com/,[]
Bio Site/Traceyedwards,https://bio.site/traceyedwards,[]
Generations Realty,https://www.generations-realty.com/,[]
Howardhanna,https://www.howardhanna.com/Office/Detail/Westerville-Northeast/013177,[]
Www,https://www.com.ohio.gov/dico/contacts.aspx,[]
Delenaciamaccowesterville,https://www.delenaciamaccowesterville.com/,[]
Beckettrg,http://www.beckettrg.com/,[]
Agencyrealestategroup,https://agencyrealestategroup.com/agent/joshua-cox,[]
Ashmontrealty,http://www.ashmontrealty.com/,[]
Onereal,https://onereal.com/trey-bolin,"[""marcom@allegrorealty.com"",""ap@allegrorealty.com"",""legal@allegrorealty.com"",""accessibility@allegrorealty.com"",""media@allegrorealty.com"",""info@allegrorealty.com""]"
614Happyplacefinder,http://614happyplacefinder.com/,"[""support@moxiworks.com"",""mail-service@platform.moxiworks.com"",""info@windermere.com"",""mail-service@platform1.moxiworks.com"",""campaigns@info.properties"",""casey.ganger@kingthompson.com"",""0783.lead.901187@leads.leadrouter.com""]"
Red1Realty,https://www.red1realty.com/agents/1006598/Mark+Dandrea,[]
Takealookbrokers,http://takealookbrokers.com/,"[""josie.derstine@cbrealty.com"",""900617.lead.lag.100963442@leads.leadrouter.com""]"
Ohiosedgerealty,https://ohiosedgerealty.com/,"[""bugreport@moatable.com""]"
Josiederstine Sites Cbmoxi,https://josiederstine.sites.cbmoxi.com/,[]
Relocatetoohio,http://www.relocatetoohio.com/,"[""workwithyoshi@gmail.com""]"
Beacons Ai/The Amberjohnson,https://beacons.ai/the.amberjohnson,"[""willevans@auctionohio.com""]"
Ohiorealestateauctions,http://www.ohiorealestateauctions.com/,"[""nicole@nicoleharrison.com""]"
Linktr Ee/Collectivehomegroup?Utm_Source=Linktree_Profile_Share&Ltsid=007C6497 A888 4424 B1F0 A22144C0Dd21,https://linktr.ee/collectivehomegroup?utm_source=linktree_profile_share&ltsid=007c6497-a888-4424-b1f0-a22144c0dd21,[]
Willevansauctions,https://willevansauctions.com/,[]
Nicoleharrison,http://www.nicoleharrison.com/,[]
Columbusrealtors,http://www.columbusrealtors.com/,[]
El1Tecollective,http://el1tecollective.com/,"[""jamie@jamiemaze.com""]"
Moreohio,https://moreohio.com/?utm_source=gbp&utm_medium=organic,"[""user@domain.com""]"
614Happyplacefinder,http://614happyplacefinder.com/,[]
Red1Realty,https://www.red1realty.com/agents/1006598/Mark+Dandrea,[]
Takealookbrokers,http://takealookbrokers.com/,[]
Ohiosedgerealty,https://ohiosedgerealty.com/,[]
Josiederstine Sites Cbmoxi,https://josiederstine.sites.cbmoxi.com/,"[""Info@OhioRealEstateAuctions.com""]"
Relocatetoohio,http://www.relocatetoohio.com/,[]
Beacons Ai/The Amberjohnson,https://beacons.ai/the.amberjohnson,[]
Ohiorealestateauctions,http://www.ohiorealestateauctions.com/,[]
Linktr Ee/Collectivehomegroup?Utm_Source=Linktree_Profile_Share&Ltsid=007C6497 A888 4424 B1F0 A22144C0Dd21,https://linktr.ee/collectivehomegroup?utm_source=linktree_profile_share&ltsid=007c6497-a888-4424-b1f0-a22144c0dd21,[]
Willevansauctions,https://willevansauctions.com/,[]
Nicoleharrison,http://www.nicoleharrison.com/,[]
Columbusrealtors,http://www.columbusrealtors.com/,[]
El1Tecollective,http://el1tecollective.com/,[]
Moreohio,https://moreohio.com/?utm_source=gbp&utm_medium=organic,[]
Linktr Ee/Floridaohiohomes,https://linktr.ee/floridaohiohomes,[]
E Merge,http://www.e-merge.com/,[]
Norbysellsohio,https://norbysellsohio.com/,[]
Mazeandcompany,https://www.mazeandcompany.com/,[]
Aricarobbinsworth Howardhanna,https://aricarobbinsworth.howardhanna.com/,[]
Ceciliastoever E Merge,https://ceciliastoever.e-merge.com/,[]
Matchmakerofre,http://www.matchmakerofre.com/,"[""majupflasterer@howardhanna.com""]"
Barrettault Howardhanna,http://barrettault.howardhanna.com/,"[""Mike@WhitemanGroup.com"",""Andy@WhitemanGroup.com""]"
Stablerealty Realestate,http://stablerealty.realestate/,[]
Thelorilynngroup,http://www.thelorilynngroup.com/,"[""team@latofonts.com"",""anapbm@gmail.com"",""cavenrisk@woh.rr.com"",""armstrongpattie@yahoo.com"",""karmstrong0920@gmail.com"",""CodyBradley@realtor.com"",""debprater20@gmail.com"",""rita.thurman4@gmail.com"",""alishawallace84@gmail.com"",""don.ritter.45365@gmail.com""]"
Majupflasterer,https://majupflasterer.com/,[]
Nancyantwi Red1Realty,https://nancyantwi.red1realty.com/,"[""JMAHLER1@GMAIL.COM"",""compliance@placester.com""]"
Whitemangroup,http://www.whitemangroup.com/,"[""BSYOH11@gmail.com""]"
Ludwigrealestategroup,https://ludwigrealestategroup.com/?utm_source=gbp&utm_medium=organic,"[""christin.mullins@realtyohio.com""]"
Brokersrealestateinc,http://www.brokersrealestateinc.com/,"[""bugreport@moatable.com""]"
Bhhspro,http://www.bhhspro.com/,"[""customercare@realtyohio.com""]"
Ceciliastoever E Merge,https://ceciliastoever.e-merge.com/,[]
Matchmakerofre,http://www.matchmakerofre.com/,[]
Barrettault Howardhanna,http://barrettault.howardhanna.com/,[]
Stablerealty Realestate,http://stablerealty.realestate/,[]
Thelorilynngroup,http://www.thelorilynngroup.com/,[]
Majupflasterer,https://majupflasterer.com/,[]
Nancyantwi Red1Realty,https://nancyantwi.red1realty.com/,[]
Whitemangroup,http://www.whitemangroup.com/,[]
Ludwigrealestategroup,https://ludwigrealestategroup.com/?utm_source=gbp&utm_medium=organic,[]
Brokersrealestateinc,http://www.brokersrealestateinc.com/,[]
Bhhspro,http://www.bhhspro.com/,[]
Conniesadowski,https://conniesadowski.com/?utm_source=gbp&utm_medium=organic,[]
Jeffmahlerhomes,https://www.jeffmahlerhomes.com/,[]
Juliemacala Red1Realty,https://juliemacala.red1realty.com/,[]
Buysellyourohiohome,http://www.buysellyourohiohome.com/,"[""name@website.com""]"
Christinmullins Realtyohio,http://christinmullins.realtyohio.com/,[]
Belenrodriguez Columbushomeownership,http://belenrodriguez.columbushomeownership.com/,[]
Ohiorealestatellc,http://www.ohiorealestatellc.com/,[]
Realtyohio,https://www.realtyohio.com/,[]
Remaxallegianceohio,http://www.remaxallegianceohio.com/,[]
Bhhspro,http://bhhspro.com/,"[""bugreport@moatable.com""]"
Generations Realty,http://www.generations-realty.com/,[]
Ohiolegacyhomegroup,https://www.ohiolegacyhomegroup.com/,"[""customercare@realtyohio.com""]"
Ashgale Kw,https://ashgale.kw.com/,[]
Nathanielhall Red1Realty,https://nathanielhall.red1realty.com/,"[""TeamResultsOhio@gmail.com""]"
Liveincentralohio,https://www.liveincentralohio.com/,[]
Linkedin,http://www.linkedin.com/in/markrlangdon,"[""oar@ohiorealtors.org"",""name@example.com""]"
Bhhspro,http://bhhspro.com/,[]
Generations Realty,http://www.generations-realty.com/,[]
Ohiolegacyhomegroup,https://www.ohiolegacyhomegroup.com/,[]
Ashgale Kw,https://ashgale.kw.com/,[]
Nathanielhall Red1Realty,https://nathanielhall.red1realty.com/,[]
Liveincentralohio,https://www.liveincentralohio.com/,[]
Linkedin,http://www.linkedin.com/in/markrlangdon,[]
Workwithchrismassey,http://www.workwithchrismassey.com/,[]
Ritaboswellgroup,http://ritaboswellgroup.com/,[]
Genesisgrouprealestate,https://genesisgrouprealestate.com/,[]
Plowmanproperties,https://www.plowmanproperties.com/,[]
Brokerssold,http://www.brokerssold.com/,[]
Realtyohio,http://www.realtyohio.com/,[]
Jassonfarrier,http://www.jassonfarrier.com/,[]
Ohioteamresults,https://ohioteamresults.com/,[]
Michellecosner Kw,https://michellecosner.kw.com/,[]
Linktr Ee/Collectivehomegroup,https://linktr.ee/collectivehomegroup,"[""workwithyoshi@gmail.com""]"
Theohiohomestore,http://www.theohiohomestore.com/,"[""RobbandTera@theohiohomestore.com""]"
Ninacampbell Red1Realty,http://ninacampbell.red1realty.com/,"[""sold@buysellohio.com""]"
Buysellohio,https://www.buysellohio.com/,"[""wendy@eskerteam.com""]"
Eskerteam,https://www.eskerteam.com/,[]
Websterrealestate Org,https://websterrealestate.org/,[]
Jennmorgan Myflodesk,https://jennmorgan.myflodesk.com/jenn,"[""support@moxiworks.com"",""mail-service@platform.moxiworks.com"",""info@windermere.com"",""mail-service@platform1.moxiworks.com"",""campaigns@info.properties"",""laura.foster@cbrealty.com"",""900617.lead.lag.101023106@leads.leadrouter.com""]"
Joshirealestategroup,https://joshirealestategroup.com/,"[""bugreport@moatable.com""]"
Laurafoster Sites Cbmoxi,https://laurafoster.sites.cbmoxi.com/,[]
Thefarmingrealtor,http://www.thefarmingrealtor.com/,[]
Debbiemcnichols,http://debbiemcnichols.com/,[]
Rustichomegroup,https://rustichomegroup.com/,[]
Clemoves,https://clemoves.com/?utm_source=gbp&utm_medium=organic,"[""chase.vance@cbrealty.com"",""900617.lead.lag.101014720@leads.leadrouter.com""]"
Deliciousrealestate,http://deliciousrealestate.com/,[]
Linktr Ee/Collectivehomegroup,https://linktr.ee/collectivehomegroup,[]
Theohiohomestore,http://www.theohiohomestore.com/,[]
Ninacampbell Red1Realty,http://ninacampbell.red1realty.com/,[]
Buysellohio,https://www.buysellohio.com/,[]
Eskerteam,https://www.eskerteam.com/,[]
Websterrealestate Org,https://websterrealestate.org/,[]
Jennmorgan Myflodesk,https://jennmorgan.myflodesk.com/jenn,[]
Joshirealestategroup,https://joshirealestategroup.com/,[]
Laurafoster Sites Cbmoxi,https://laurafoster.sites.cbmoxi.com/,"[""ARNAVJOSHI.REALTOR@GMAIL.COM"",""MAYAJOSHI.REALTOR@GMAIL.COM""]"
Thefarmingrealtor,http://www.thefarmingrealtor.com/,[]
Debbiemcnichols,http://debbiemcnichols.com/,[]
Rustichomegroup,https://rustichomegroup.com/,[]
Clemoves,https://clemoves.com/?utm_source=gbp&utm_medium=organic,[]
Deliciousrealestate,http://deliciousrealestate.com/,[]
Brandonclarkhomes,http://www.brandonclarkhomes.com/,[]
Strangehomerealestate,http://www.strangehomerealestate.com/,[]
Heatherkamann,https://www.heatherkamann.com/,"[""heatherkamann@howardhanna.com""]"
Newnestandco,https://newnestandco.com/,"[""team@latofonts.com"",""anapbm@gmail.com"",""info@newnestandco.com"",""andrea@newnestandco.com"",""fawn@newnestandco.com"",""stacy@newnestandco.com""]"
Homesthatclick,http://www.homesthatclick.com/,[]
Dalvarez Brokerssold,https://dalvarez.brokerssold.com/,[]
Realtorclevelandohio,https://realtorclevelandohio.com/,"[""info@asktcg.com""]"
Rickwright1,http://www.rickwright1.com/,"[""eric4short@gmail.com""]"
Erinpernice Brokerssold,https://erinpernice.brokerssold.com/,[]
Asktcg,http://www.asktcg.com/,"[""user@domain.com"",""info@neohliving.com""]"
Eric4Short,http://www.eric4short.com/,"[""carltonshaffer4@gmail.com"",""sarah@sarahsells.net"",""dianiamais@gmail.com"",""mariannemurrayrealtor@gmail.com"",""betsy10tc@gmail.com""]"
Modohio,https://www.modohio.com/,"[""bugreport@moatable.com""]"
Neohliving,http://www.neohliving.com/,"[""customercare@realtyohio.com""]"
Irynashkrab,http://www.irynashkrab.com/,[]
Afford Realestate,http://www.afford-realestate.com/,"[""support@agentfire.com""]"
Capitolohioteam,https://www.capitolohioteam.com/,[]
Takealookrealestate,https://www.takealookrealestate.com/,[]
Sellfor1Percent,https://sellfor1percent.com/,"[""info@sellfor1percent.com""]"
Joeymarino,http://www.joeymarino.com/,"[""donaldpayne@visionrealty.com""]"
Thebrookshometeam,http://www.thebrookshometeam.com/,"[""Office@visionsalesteam.com"",""info@talmadgehometeam.com"",""info@YourRealEstateWebsite.com"",""u003einfo@YourRealEstateWebsite.com"",""info@clintonrealestate.com"",""u003einfo@clintonrealestate.com"",""info@doylestownrealestate.com"",""u003einfo@doylestownrealestate.com"",""info@example.com"",""u003einfo@example.com"",""info@wadsworthrealestate.com"",""info@rittmanrealestate.com"",""info@sterlingrealestate.com"",""u003einfo@sterlingrealestate.com""]"
Visionrealty,https://www.visionrealty.com/,"[""info@marceliasrealtor.com"",""u003einfo@marceliasrealtor.com"",""sherman@toplinehomeinspections.com"",""crumpqc2@gmail.com"",""radonwizard@live.com"",""Aadvancedaair@yahoo.com"",""jerryerwin28@gmail.com"",""anaish@planescompanies.com"",""mercytreeandlandscaping@gmail.com"",""gattocleaning@gmail.com"",""Seltonferreiraa@gmail.com"",""rachaeln.be@gmail.com"",""dannemillerbaby@yahoo.com"",""prolineohio@yahoo.com"",""john@2ndshiftpainting.com"",""stagingspacesdesign@gmail.com"",""we@waibelelectric.com"",""jdsmithroofing@gmail.com""]"
Visionsalesteam,http://visionsalesteam.com/,"[""samcooper@howardhanna.com""]"
Marceliasrealtor,https://www.marceliasrealtor.com/,"[""info@thomasriddle.com""]"
Noahjay Red1Realty,https://noahjay.red1realty.com/,"[""red-logo-dark@2x.png"",""logo-light@2x.png"",""House-9.png@2x.jpg"",""device@2x.png"",""sa5@2x.jpg"",""sa6@2x.jpg"",""sa1@2x.jpg"",""sa8@2x.jpg"",""sa9@2x.png"",""sa10@2x.png"",""sa11@2x.png"",""sa12@2x.png"",""sa13@2x.jpg"",""sa14@2x.jpg"",""sa15@2x.jpg"",""jaysenbarlow@gmail.com"",""house-9@2x.png"",""equalhousing@2x.png""]"
Samcooperrealtor,http://www.samcooperrealtor.com/,"[""info@roostrealestateco.com""]"
Newalbanyohio,http://www.newalbanyohio.com/,"[""support@moxiworks.com"",""mail-service@platform.moxiworks.com"",""info@windermere.com"",""mail-service@platform1.moxiworks.com"",""campaigns@info.properties"",""stevena.clay@cbrealty.com"",""stevena.j.clay@gmail.com"",""900617.lead.lag.100935079@leads.leadrouter.com""]"
Sell4Onepercent,https://www.sell4onepercent.com/,"[""username@example.com"",""lee@ritchierealtygroup.com"",""2da842c767f04973985018dd9924b335@sentry.io""]"
Roostrealestateco,https://roostrealestateco.com/,"[""bugreport@moatable.com""]"
Wlowery,http://www.wlowery.com/,"[""sold@ohiobrokerdirect.com""]"
Buchrealty,http://buchrealty.com/,"[""jonpinhorn.typedesign@gmail.com"",""matt@pixelspread.com"",""impallari@gmail.com"",""hello@rfuenzalida.com""]"
Josephspeakman Realtor,https://josephspeakman.realtor/,"[""Sales@JosephSpeakman.com""]"
Ohiorealestatebroker,https://ohiorealestatebroker.com/,"[""david.ayers@theagencyre.com"",""realtormelary@gmail.com"",""Oh.Broker@eXpRealty.net""]"
Therainesgroup,https://www.therainesgroup.com/t?source_string=google-business-page&page_url=/,"[""info@therainesgroup.com"",""iphone3@2x.png""]"
Josesellshomes,http://www.josesellshomes.com/,"[""Joanne@JoseSellsHomes.com""]"
Cambridgepremierrealty,https://www.cambridgepremierrealty.com/,"[""cambridgepremierrealty96@gmail.com""]"
Jlcore,http://www.jlcore.com/,[]
Realty20,http://realty20.com/,"[""SUPPORT@REALTY20.COM""]"
Sellinboston,https://sellinboston.com/,"[""Seth@sellinboston.com""]"
Ricardoboston,http://www.ricardoboston.com/,"[""ricardo.rodriguez@nemoves.com""]"
Encoreliving,http://www.encoreliving.com/,"[""info@encoreliving.com"",""info@allaccessboston.com""]"
Nextgenrealty,http://www.nextgenrealty.com/,"[""amy@carlislegrouprealestate.com"",""user@domain.com""]"
Carlislegrouprealestate,https://www.carlislegrouprealestate.com/,"[""mike@agenturban.com""]"
Linktr Ee/Mikeurban,https://linktr.ee/mikeurban,[]
Nicolemblanchard,http://nicolemblanchard.com/,[]
Andrew Mckinney,https://www.andrew-mckinney.com/,"[""Nicknahid@nicknahid.com""]"
Cabotandcompany,https://cabotandcompany.com/,"[""brokers@cabotandcompany.com""]"
Bostoncityproperties,http://www.bostoncityproperties.com/,[]
Remmesco,http://remmesco.com/,"[""support@agentfire.com""]"
Downtownbostonrealty,https://www.downtownbostonrealty.com/,[]
Stevencohenteam,http://www.stevencohenteam.com/,"[""info@stevencohenteam.com""]"