name,website,emails,Linkedin,Facebook,Instagram
Regentre Co,http://regentre.co/,"[""regent@regentre.co""]","[""https://www.linkedin.com/company/rr-estate/?viewAsMember=true""]","[""https://www.facebook.com/tr?id=329842742231982&ev=PageView&noscript=1"",""https://www.facebook.com/tr?id=438606088289475&ev=PageView&noscript=1"",""https://www.facebook.com/tr?id=1721220651577980&ev=PageView&noscript=1""]","[""https://www.instagram.com/regent.realestate/""]"
Brookrea,http://www.brookrea.com/,"[""info@cogentre.co.uk""]",,,
Capitalrealtyltd Co Uk,http://capitalrealtyltd.co.uk/,"[""info@cityaccommodations.co.uk""]",,"[""https://www.facebook.com/CityAccommodations/""]",
Cogentre Co Uk,http://www.cogentre.co.uk/,,"[""https://www.linkedin.com/company/moveagain-co-uk/""]","[""http://www.facebook.com/MoveAgain""]",
Cityaccommodations Co Uk,https://cityaccommodations.co.uk/,"[""info@finnerti.com""]","[""https://www.linkedin.com/company/finnerti-limited""]","[""https://www.facebook.com/finnertigroup/""]","[""http://instagram.com/finnerti_group""]"
Fraserbond Co Uk,http://fraserbond.co.uk/,"[""hector@marickrealestate.com"",""callum@marickrealestate.com"",""daniel@marickrealestate.com"",""james@marickrealestate.com"",""james@marickps.com"",""info@marickrealestate.com""]",,,
Moveagain Co Uk,https://www.moveagain.co.uk/,,"[""https://www.linkedin.com/company/2673259?trk=tyah""]","[""https://www.facebook.com/pages/HomeOwners-Alliance/382570795140059""]","[""https://www.instagram.com/homeownersalliance""]"
Virtualestate Co,http://www.virtualestate.co/,"[""bmg@goldenberg.co.uk"",""admin@goldenberg.co.uk""]",,,
Finnerti,http://www.finnerti.com/,"[""user@domain.com"",""londonbridge@nelsonssales.com""]",,"[""http://www.facebook.com/2008/fbml""]",
Thepropertyagent Net,https://www.thepropertyagent.net/,,,,
Marickrealestate,http://marickrealestate.com/,,"[""https://www.linkedin.com/company/m7-real-estate/""]",,
Hoa Org Uk,https://hoa.org.uk/,,"[""https://www.linkedin.com/company/mellersh-&-harding-llp"",""https://www.linkedin.com/company/rapleys/""]",,"[""https://www.instagram.com/mellershandharding/"",""https://www.instagram.com/rapleysofficial/""]"
Goldenberg Co Uk,http://www.goldenberg.co.uk/,"[""hello@mazerealestate.co.uk""]",,,
Nelsonssales,http://www.nelsonssales.com/,"[""enquiries@farebrother.com""]","[""https://www.linkedin.com/company/farebrother/""]",,
Christie,http://www.christie.com/,"[""enquiries@christie.com""]","[""https://www.linkedin.com/company/christie---co""]","[""https://www.facebook.com/christieuk""]","[""https://www.instagram.com/christieco""]"
Xix Co Uk,https://xix.co.uk/,"[""hello@xix.co.uk""]",,,"[""https://instagram.com/xixlondon""]"
London Fs,http://london-fs.com/,"[""enquiries@london-fs.com""]","[""https://www.linkedin.com/company/18825247"",""https://www.linkedin.com/company/18825247/""]","[""https://www.facebook.com/londonfinancesolutions""]","[""https://www.instagram.com/london_fs/""]"
Officefreedom,https://www.officefreedom.com/,"[""enquiry@officefreedom.com"",""website-enquiries@officefreedom.com"",""v@officefreedom2025.webui.services.appversion.display"",""inquiry@officefreedom.com""]","[""https://www.linkedin.com/company/officefreedom"",""https://www.linkedin.com/company/officefreedom/""]","[""https://www.facebook.com/myofficefreedom/""]","[""https://www.instagram.com/MyOfficeFreedom/""]"
Longmill,http://longmill.com/,"[""info@longmill.com""]",,,
Onemovegroup,http://www.onemovegroup.com/,"[""omgmkt2019@gmail.com"",""-2@72x-8.png"",""-2@72x-8-573x600.png""]","[""https://www.linkedin.com/company/one-move-property-group""]","[""https://www.facebook.com/onemovegroup.asia/"",""https://www.facebook.com/onemovegroup.asia""]","[""https://www.instagram.com/onemovegroup.asia/"",""https://www.instagram.com/onemovegroup.asia""]"
Hasrealestate Co Uk/?Page_Id=232?Loc=All,http://hasrealestate.co.uk/?page_id=232?loc=all,"[""info@hasrealestate.com"",""sajid@hasrealestate.com""]",,,
Dunesandtides Co Uk,http://www.dunesandtides.co.uk/,"[""enquiries@klm-re.com""]","[""https://www.linkedin.com/company/klm-realestate""]",,"[""https://www.instagram.com/klm.realestate/""]"
Klm Re,http://www.klm-re.com/,"[""info@savoystewart.co.uk""]",,,
Savoystewart Co Uk,https://www.savoystewart.co.uk/,,"[""https://linkedin.com/company/stonelink-international""]","[""https://www.facebook.com/stonelinkintl""]","[""https://www.instagram.com/stonelink_intl""]"
Ldnrealtors Co Uk,http://ldnrealtors.co.uk/,"[""info@redcardinal.co.uk"",""your@email.com""]","[""https://www.linkedin.com/company/red-cardinal-property"",""https://www.linkedin.com/company/red-cardinal-property\\\\\\""]",,"[""https://www.instagram.com/redcardinal.property"",""https://www.instagram.com/redcardinal.property\\\\\\""]"
Stonelinkinternational,https://www.stonelinkinternational.com/,,,,
Redcardinal Co Uk,http://redcardinal.co.uk/,"[""aaron@hansonestates.com""]",,,"[""https://www.instagram.com/hansonestates/""]"
Businformaps Org/Details/Real Estate London Chijxdg,https://businformaps.org/details/real-estate-london-ChIJxdg,"[""info@madesimplemedia.co.uk"",""enquiries@restaurant-property.co.uk""]","[""http://www.linkedin.com/company/restaurant-property""]","[""http://www.facebook.com/RestaurantProperty""]","[""https://www.instagram.com/restaurantproperty/""]"
Hansonestates,https://www.hansonestates.com/,"[""kennington@barnardmarcus.co.uk"",""kenningtonlet@barnardmarcus.co.uk""]","[""https://www.linkedin.com/company/sequence-uk-ltd""]","[""https://www.facebook.com/BarnardMarcusKennington/"",""https://www.facebook.com/BarnardMarcusEstateAgents""]","[""https://www.instagram.com/barnardmarcus_ea/""]"
Restaurant Property Co Uk,https://www.restaurant-property.co.uk/,"[""camden.sales@hotblack.co.uk"",""abigail.mills@hotblack.co.uk"",""jessica.samuels@hotblack.co.uk"",""mw@hotblack.co.uk"",""alasdair@hotblack.co.uk"",""daniel.fairbairn1@hotblack.co.uk"",""saskia@hotblack.co.uk"",""gino.gerardo@hotblack.co.uk"",""rachel.bird@hotblack.co.uk"",""laura.simpson@hotblack.co..uk"",""eric@hotblack.co.uk"",""stuart.shiers@hotblack.co.uk"",""diriye.warsame@hotblack.co.uk"",""adriana.daley@hotblack.co.uk"",""james.blissett@hotblack.co.uk"",""jake.perkins@hotblack.co.uk"",""jessica.pinnick@hotblack.co.uk"",""maya.hall@hotblack.co.uk"",""charlie.sydee@hotblack.co.uk"",""samantha.johnson@hotblack.co.uk"",""alistair.mantle@hotblack.co.uk"",""u003ecamden.sales@hotblack.co.uk""]",,"[""https://www.facebook.com/hotblackdesiatolondon"",""https://www.facebook.com/hotblackdesiatolondon\\\\\\"",""https://www.facebook.com/hotblackdesiatolondon\\""]","[""https://www.instagram.com/hotblacklondon/"",""https://www.instagram.com/hotblacklondon/\\\\\\"",""https://www.instagram.com/hotblacklondon/\\""]"
Barnardmarcus Co Uk/Estate Agents/Kennington?Utm_Source=Google&Utm_Medium=Main+Url&Utm_Campaign=Google+Knowledge+Panel&Utm_Id=Yext&Y_Source=1_Njuyntuxodktnze1Lwxvy2F0Aw9Ulndlynnpdgu%3D,https://www.barnardmarcus.co.uk/estate-agents/kennington?utm_source=Google&utm_medium=Main+URL&utm_campaign=Google+Knowledge+Panel&utm_id=YEXT&y_source=1_NjUyNTUxODktNzE1LWxvY2F0aW9uLndlYnNpdGU%3D,"[""robin@homeflow.co.uk"",""residential.management@chestertons.co.uk"",""hea.portals@chestertons.co.uk"",""dpo@campionsgroup.co.uk"",""james.rowland@chestertons.co.uk"",""newhomes@chestertons.co.uk"",""rachael.lloyd@campionsgroup.co.uk"",""pro.portals@chestertons.co.uk"",""replies@chestertons.co.uk"",""mary.umali@chestertons.co.uk"",""fion.wang@chestertons.co.uk"",""emma.wilbourne@chestertons.co.uk"",""events@chestertons.co.uk"",""sara.scasseddu@chestertons.co.uk"",""chesweb@portalenquiries.sms-speedway.co.uk"",""angie.oliver@chestertons.co.uk"",""rebecca.jones@campionsgroup.co.uk"",""hello@chestertons.co.uk"",""anna.belova@chestertons.co.uk"",""valuemyproperty@chestertons.co.uk"",""liam.riordan@campionsgroup.co.uk"",""jordana.miles@chestertons.co.uk"",""yuliya.shegay@chestertons.co.uk"",""short.lets@chestertons.co.uk"",""corporateservices@chestertons.co.uk"",""landlordservices@chestertons.co.uk"",""gully.shrew977@eagereverest.com"",""anna.belova@campionsgroup.co.uk"",""kerl@chestertons.co.uk"",""belay.cirque5128@eagereverest.com"",""amber.zhao@chestertons.co.uk"",""ahmad.alazem@chestertons.co.uk"",""bal.portals@chestertons.co.uk"",""may.portals@chestertons.co.uk"",""robot+chestertonsmayfair@salesrook.com""]","[""https://www.linkedin.com/company/chestertons"",""https://www.linkedin.com/company/chestertons\\""]","[""https://www.facebook.com/chestertonsproperty"",""https://www.facebook.com/chestertonsproperty\\"",""https://www.facebook.com/tr?id=284357349485481\\u0026ev=PageView\\u0026noscript=1\\\\\\""]","[""https://www.instagram.com/chestertons.london/"",""https://www.instagram.com/chase.buchananlondon/"",""https://www.instagram.com/chestertons.london/\\"",""https://www.instagram.com/chase.buchananlondon/\\""]"
Hotblackdesiato Co Uk/Camden Estate Agents,https://hotblackdesiato.co.uk/camden-estate-agents/,"[""propertymanagement@o-j.co.uk"",""east@o-j.co.uk"",""southeast@o-j.co.uk""]","[""https://www.linkedin.com/company/oliver-jaques""]","[""https://www.facebook.com/OliverJaquesEstateAgents""]","[""https://www.instagram.com/oliverjaques_/""]"
Avisonyoung Co Uk/Web/London Gresham Street?Utm_Source=Google&Utm_Medium=Gmb,https://www.avisonyoung.co.uk/web/london-gresham-street?utm_source=google&utm_medium=gmb,"[""webleads-bcc@avisonyoung.com""]","[""https://www.linkedin.com/company/avisonyounguk""]",,"[""https://www.instagram.com/avison_young_global/""]"
Citrusrelocation,https://www.citrusrelocation.com/,,,"[""https://www.facebook.com/tr?id=801914247505175&ev=PageView&noscript=1"",""https://www.facebook.com/Citrusrelocation/""]","[""https://www.instagram.com/citrusrelocation/""]"
Tuckerman Co Uk,http://www.tuckerman.co.uk/,"[""enquiries@tuckerman.co.uk""]","[""https://www.linkedin.com/company/2077990/admin/feed/posts/""]","[""https://www.facebook.com/TuckermanCommercial/""]","[""https://www.instagram.com/tuckerman_sw1/""]"
Zipkin Co Uk,http://www.zipkin.co.uk/,,,,
Sold Co Uk,https://www.sold.co.uk/,"[""info@sold.co.uk""]","[""https://www.linkedin.com/company/sold-co-uk-agency/"",""https://www.linkedin.com/company/sold-co-uk-agency""]","[""https://www.facebook.com/sold.co.uk"",""https://www.facebook.com/sold.co.uk/""]","[""https://www.instagram.com/sold.co.uk/""]"
Rightmove Co Uk/Property/London Html,http://www.rightmove.co.uk/property/London.html,"[""wapping@benhams.com"",""wapping.sales@benhams.com""]","[""https://www.linkedin.com/company/benhamandreeves/""]","[""https://www.facebook.com/benhamandreeves/""]","[""https://www.instagram.com/benhamsproperty/""]"
Greenlivingglobal Co Uk,https://www.greenlivingglobal.co.uk/,"[""info@longrad.com""]","[""https://www.linkedin.com/company/longrad.com/""]","[""https://www.facebook.com/tr?id=2702359426674701&ev=PageView&agent=pltilda&noscript=1""]","[""https://www.instagram.com/longrad""]"
Londonhomessearch Co Uk,https://www.londonhomessearch.co.uk/,"[""info@ecresidential.co.uk"",""enquiries@ecresidential.co.uk""]","[""https://www.linkedin.com/company/ecresidential/""]",,"[""https://www.instagram.com/ecresidentiallondon/""]"
Benhams,https://www.benhams.com/estate-agents/wapping/?utm_source=gmb&utm_medium=seo&utm_campaign=Wapping,"[""info@rosecp.co.uk""]","[""https://www.linkedin.com/company/rose-capital-partners/""]","[""https://www.facebook.com/rosecapitalpartners""]","[""https://www.instagram.com/Rosecapitalpartners/""]"
Constantinere,http://www.constantinere.com/,"[""info@abilityestateagents.com""]",,,
Longrad,http://www.longrad.com/,,,,
Ecresidential Co Uk,https://ecresidential.co.uk/,"[""info@fraser.uk.com""]",,,
Rosecp Co Uk,https://rosecp.co.uk/,,"[""https://www.linkedin.com/company/levyrealestate/posts/?feedView=all""]",,
Abilityestateagents,http://www.abilityestateagents.com/,,,,"[""https://www.instagram.com/londonpropertymatch/""]"
Black Brick,http://www.black-brick.com/,,,,"[""https://www.instagram.com/dexterslondon/""]"
Kontor,http://www.kontor.com/,"[""hello@kontor.com""]","[""https://www.linkedin.com/company/kontor-com/""]",,"[""https://www.instagram.com/kontor_com/""]"
Galleonpropertysearch,https://galleonpropertysearch.com/,"[""info@galleonpropertysearch.com""]","[""https://www.linkedin.com/in/galleonps/""]",,"[""https://www.instagram.com/seb_nicolleau/""]"
Jpropertymanagement Co Uk,http://www.jpropertymanagement.co.uk/,"[""info@jpropertymanagement.co.uk""]","[""https://www.linkedin.com/company/j-property-management""]","[""https://www.facebook.com/JPropertyManagementLimited/""]","[""https://www.instagram.com/jpropertymanagement/""]"
Realestatexchange It,https://realestatexchange.it/,"[""info@realestatexchange.co.uk""]","[""https://www.linkedin.com/company/real-estate-xchange"",""https://www.linkedin.com/company/11454472/admin/feed/posts/""]","[""https://www.facebook.com/REALESTATEXCHANGELONDON""]","[""https://www.instagram.com/real_estate_xchange/""]"
Benhams,https://www.benhams.com/estate-agents/hampstead/?utm_source=gmb&utm_medium=seo&utm_campaign=Hampstead,"[""hamp@benhams.com"",""hampstead.sales@benhams.com""]","[""https://www.linkedin.com/company/benhamandreeves/""]","[""https://www.facebook.com/benhamandreeves/""]","[""https://www.instagram.com/benhamsproperty/""]"
Londonpropertybuying Co Uk,https://www.londonpropertybuying.co.uk/,,"[""https://www.linkedin.com/company/mayfair-international-realty/""]","[""https://www.facebook.com/MayfairInternationalRealty/""]","[""https://www.instagram.com/mayfairintl_official/""]"
Sohopropertyagency,http://sohopropertyagency.com/,"[""propertymanagement@o-j.co.uk"",""east@o-j.co.uk"",""southeast@o-j.co.uk""]","[""https://www.linkedin.com/company/oliver-jaques""]","[""https://www.facebook.com/OliverJaquesEstateAgents""]","[""https://www.instagram.com/oliverjaques_/""]"
Mayfairinternationalrealty,http://www.mayfairinternationalrealty.com/,"[""info@as-financial.com""]","[""https://www.linkedin.com/company/as-financial"",""https://www.linkedin.com/company/as-financial/""]","[""https://www.facebook.com/asfinancialuk"",""https://www.facebook.com/share/orpGhBeG6NomLojK/""]","[""https://www.instagram.com/asfinancial_advisers?igsh=YjRnZGRlcGhiOGxx""]"
O J Co Uk/Estate Agents/Surrey Quays/?Utm_Source=Googlemybusiness&Utm_Medium=Surrey Quays,https://o-j.co.uk/estate-agents/surrey-quays/?utm_source=GoogleMyBusiness&utm_medium=surrey-quays,,,"[""https://www.facebook.com/profile.php?id=61552251433566""]","[""https://www.instagram.com/shortleasepropertysales/""]"
As Financial,https://www.as-financial.com/,"[""keith.dowley@dtre.com"",""david.turner@dtre.com"",""natalie.barone@dtre.com"",""ben.sleath@dtre.com"",""jake.huntley@dtre.com"",""mark.webster@dtre.com"",""harry.glatman@dtre.com"",""tom.sarjant@dtre.com"",""richard.harman@dtre.com"",""matt.smith@dtre.com"",""dan@paragon-creative.com"",""hannah.smith@showandtell.agency"",""john.adcock@dtre.com"",""tom.fairlie@dtre.com"",""jamie.green@dtre.com"",""james.cook@dtre.com"",""jim.remfry@dtre.com"",""amelia.balkwill@dtre.com"",""paul.graham@dtre.com"",""florence.weston@dtre.com"",""jack.weatherilt@dtre.com"",""lily.freeman@dtre.com"",""polly.bennett@dtre.com"",""anton@impression.studio"",""robert.taylor@dtre.com"",""careers@dtre.com"",""info@dtre.com"",""hroxbrugh@nepean.co.uk"",""research@dtre.com""]","[""https://www.linkedin.com/company/dtrellp"",""https://www.linkedin.com/in/keith-dowley-082b8a24/"",""https://www.linkedin.com/in/david-turner-7174a625/"",""https://www.linkedin.com/in/natalie-barone-16448016/"",""https://www.linkedin.com/in/bensleath/"",""https://www.linkedin.com/in/jakehuntley/"",""https://www.linkedin.com/in/mark-webster-16257912/"",""https://www.linkedin.com/in/harry-glatman-08a553100/"",""https://www.linkedin.com/in/tom-sarjant-61a94234/"",""https://www.linkedin.com/in/richard-harman-b925011b0/"",""https://www.linkedin.com/in/matt-smith-9b66559/"",""https://www.linkedin.com/in/john-adcock-7aba34138/"",""https://www.linkedin.com/in/tom-fairlie-a7503956/"",""https://www.linkedin.com/in/jamie-green-6512059/"",""https://www.linkedin.com/in/james-cook-23a81b160/"",""https://www.linkedin.com/in/jim-remfry-4833b11a/"",""https://www.linkedin.com/in/amelia-balkwill-776b0486/"",""https://www.linkedin.com/in/paulgrahamdtre/"",""https://www.linkedin.com/in/florence-weston-172bbb1a1/"",""https://www.linkedin.com/in/jack-weatherilt-b1275987/"",""https://www.linkedin.com/in/lily-freeman-038134284/"",""https://www.linkedin.com/in/polly-b-89134a90/"",""https://www.linkedin.com/in/robert-taylor-a152b656/""]",,
Instagram,https://www.instagram.com/KMIAI_properties,"[""info@viewlettings.com""]","[""https://www.linkedin.com/company/view-lettings-ltd""]","[""https://www.facebook.com/ViewLettings/""]","[""https://www.instagram.com/viewlettings/""]"
Shortleasepropertysales Co Uk,https://shortleasepropertysales.co.uk/,,"[""https://www.linkedin.com/company/monteo-london""]","[""https://www.facebook.com/monteolondon/""]","[""https://www.instagram.com/monteolondon/""]"
Dtre,http://www.dtre.com/,"[""customercare@liferesidential.co.uk""]","[""http://www.linkedin.com/company/life-residential-uk""]","[""https://www.facebook.com/pages/LIFE-Residential/1422335981390281""]","[""https://www.instagram.com/liferesidential/?hl=en""]"
Shbre Co Uk,http://www.shbre.co.uk/,"[""info@99home.co.uk""]",,"[""https://www.facebook.com/99HomeLtd/""]","[""https://www.instagram.com/99home.co.uk/""]"
Viewlettings,http://www.viewlettings.com/,"[""info@bellmanlondon.com""]",,"[""https://www.facebook.com/bellmanlondon"",""https://www.facebook.com/ExpertAgentSoftware""]",
Monteo Co Uk,http://monteo.co.uk/,,,"[""https://www.facebook.com/tr?id=228372997847115&ev=PageView&noscript=1"",""https://www.facebook.com/manorslondon/""]","[""https://www.instagram.com/manorslondon/""]"
Uklondonhomes,http://uklondonhomes.com/,"[""info@aeontrisl.com""]","[""https://www.linkedin.com/company/aeontrisluk/""]","[""https://www.facebook.com/aeontrisluk""]","[""https://www.instagram.com/aeontrisluk/""]"
Noplacelikehomelondon,http://www.noplacelikehomelondon.com/,,"[""https://www.linkedin.com/company/stirling-ackroyd/""]","[""https://www.facebook.com/StirlingAckroyd/"",""https://www.facebook.com/tr?id=5130570077044767&ev=PageView&noscript=1""]","[""https://www.instagram.com/stirling_ackroyd/""]"
Re Search London,http://www.re-search.london/,,,,
Londonproperty Co Uk,http://www.londonproperty.co.uk/,"[""info@coreresidential.com"",""clientservices@coreresidential.com"",""complaints@coreresidential.com"",""pm@coreresidential.com""]",,,"[""https://www.instagram.com/coreresidentialagency/""]"
Aeontrisl Co Uk,http://www.aeontrisl.co.uk/,,"[""https://www.linkedin.com/company/the-london-broker""]","[""https://www.facebook.com/thelondonbroker/""]","[""https://www.instagram.com/mylondonbroker/""]"
Oceanwideproperties Co Uk,http://www.oceanwideproperties.co.uk/,"[""info@lgkproperties.co.uk""]",,,
Stirlingackroyd,https://www.stirlingackroyd.com/our-branches/west-end/?tel=3&utm_source=gmb&utm_medium=gmb&utm_campaign=west-end,,"[""https://www.linkedin.com/in/coldwell-banker-southbank-1451476/""]","[""https://www.facebook.com/cbsouthbank/""]","[""https://www.instagram.com/coldwellbankersouthbank?igsh=MWZraGRsY2ZpczRzcA%3D%3D&utm_source=qr""]"
Stirlingackroyd,https://www.stirlingackroyd.com/our-branches/london-bridge/?tel=3&utm_source=gmb&utm_medium=gmb&utm_campaign=london_bridge,"[""david@davidadams.london""]","[""https://www.linkedin.com/in/davidadamsch""]","[""https://www.facebook.com/tr?id=993341782419044&ev=PageView&noscript=1"",""https://www.facebook.com/DavidAdamsEA/""]","[""https://www.instagram.com/david.adams_ea/""]"
Coreresidential,https://www.coreresidential.com/contact/?utm_source=localmaps&utm_medium=gbp&utm_campaign=queens_park,,,,
Thelondonbroker,http://www.thelondonbroker.com/,,,,
Lgkproperties Co Uk,https://www.lgkproperties.co.uk/,,,,"[""https://www.instagram.com/dexterslondon/""]"
Coldwellbanker Co Uk/?Utm_Source=Localmaps&Utm_Medium=Gbp&Utm_Campaign=South_Bank,https://www.coldwellbanker.co.uk/?utm_source=localmaps&utm_medium=gbp&utm_campaign=south_bank,"[""info@lreo.co.uk"",""u003einfo@lreo.co.uk""]",,,"[""https://www.instagram.com/lreo.co.uk/"",""https://www.instagram.com/lreo.co.uk/\\\\\\"",""https://www.instagram.com/lreo.co.uk/\\""]"
Davidadams London,http://davidadams.london/,,,,
Maskells,https://www.maskells.com/contact-us/estate-agent-in-kensington/?utm_source=google&utm_medium=organic&utm_campaign=gbp_kensington,"[""saleskcs@maskells.com"",""lettingskcs@maskells.com""]","[""https://www.linkedin.com/company/3008007/""]","[""https://www.facebook.com/MaskellsEA/"",""https://www.facebook.com/tr?id=429248426766847&ev=PageView&noscript=1""]","[""https://www.instagram.com/maskellsea/""]"
Sellmyhome Co Uk,http://www.sellmyhome.co.uk/,,"[""https://www.linkedin.com/showcase/rentmyhome-uk/about/""]","[""https://www.facebook.com/RentMyHomeUK/?show_switched_toast=0&show_invite_to_follow=0&show_switched_tooltip=0&show_podcast_settings=0&show_community_review_changes=0&show_community_rollback=0&show_follower_visibility_disclosure=0""]","[""https://www.instagram.com/rentmyhomeofficial""]"
Marshandparsons Co Uk/Contact Us/Branches/Marylebone Estate Agents,https://www.marshandparsons.co.uk/contact-us/branches/marylebone-estate-agents/,"[""act@marshandparsons.co.uk"",""ask@marshandparsons.co.uk"",""bal@marshandparsons.co.uk"",""bar@marshandparsons.co.uk"",""bat@marshandparsons.co.uk"",""bis@marshandparsons.co.uk"",""brx@marshandparsons.co.uk"",""bkg@marshandparsons.co.uk"",""cam@marshandparsons.co.uk"",""chs@marshandparsons.co.uk"",""cwk@marshandparsons.co.uk"",""clp@marshandparsons.co.uk"",""ect@marshandparsons.co.uk"",""esh@marshandparsons.co.uk"",""ful@marshandparsons.co.uk"",""hol@marshandparsons.co.uk"",""isl@marshandparsons.co.uk"",""knn@marshandparsons.co.uk"",""kns@marshandparsons.co.uk"",""lve@marshandparsons.co.uk"",""mar@marshandparsons.co.uk"",""nkn@marshandparsons.co.uk"",""not@marshandparsons.co.uk"",""pim@marshandparsons.co.uk"",""qpk@marshandparsons.co.uk"",""ric@marshandparsons.co.uk"",""sho@marshandparsons.co.uk"",""skn@marshandparsons.co.uk"",""str@marshandparsons.co.uk"",""too@marshandparsons.co.uk"",""tpk@marshandparsons.co.uk"",""wil@marshandparsons.co.uk"",""customercare@marshandparsons.co.uk"",""guzman-barquin-fkkclupuuru-unsplash@2x.png"",""david-ramirez-9pyvot7hkjk-unsplash@2x.png"",""minh-pham-otxadkuh3-i-unsplash@2x.png"",""brad-starkey-9qczxovmzck-unsplash@2x.png"",""xl_191182_637317179402670000@2x.png"",""exterior-london-new-homes-pod@2x.png"",""rsz_2mp_kennington_office-18@2x.png"",""staff-london-training-and-development-property-pod@2x.png"",""rsz_bhiu8067@2x.png""]",,"[""https://www.facebook.com/marshandparsons""]","[""https://www.instagram.com/marshandparsons/""]"
Grantjbates,https://grantjbates.com/,"[""hello@grantjbates.com""]",,,"[""https://www.instagram.com/grantjbates""]"
Morganpryce Co Uk,http://www.morganpryce.co.uk/,"[""info@morganpryce.co.uk"",""matthew-white@birketts.co.uk"",""jimmy@nicheprojects.net""]","[""https://www.linkedin.com/company/morgan-pryce""]",,
London Executive,https://www.london-executive.com/,"[""newhomes@stone.london""]","[""https://www.linkedin.com/company/stonelondon""]","[""https://www.facebook.com/tr?id=857613202354182&ev=PageView&noscript=1""]","[""https://www.instagram.com/stone.ldn/""]"
Stone London,https://stone.london/,,,,"[""https://www.instagram.com/dexterslondon/""]"
Dijrealestate,http://www.dijrealestate.com/,,"[""https://www.linkedin.com/company/andrew-reeves-estate-&#038;-letting-agents""]","[""https://www.facebook.com/AndrewReevesEstateAgents/""]","[""https://www.instagram.com/andrewreevessw1/""]"
Savills Co Uk/Estate Agents/Savills Mayfair Aspx?Utm_Source=Google&Utm_Medium=Local&Utm_Term=Mayfair,https://www.savills.co.uk/estate-agents/savills-mayfair.aspx?utm_source=Google&utm_medium=Local&utm_term=Mayfair,"[""user@domain.com"",""info@londonpropertypartnersuk.com"",""4@150x.png"",""logo@150x.png""]","[""https://www.linkedin.com/company/london-property-partners/""]","[""http://www.facebook.com/2008/fbml""]","[""https://www.instagram.com/londonpropertypartners/""]"
Dexters Co Uk/Contact Us/Our Offices/Mayfair,https://www.dexters.co.uk/contact-us/our-offices/mayfair,,,,
Residential Jll Co Uk/Offices/Estate Agent London City,https://residential.jll.co.uk/offices/estate-agent-london-city,,"[""https://www.linkedin.com/company/71827495/admin/""]",,"[""https://www.instagram.com/goldmangreg.housing.management/""]"
Andrewreeves Co Uk,https://www.andrewreeves.co.uk/,"[""contact@leonewman.co.uk"",""newbusiness@leonewman.co.uk""]","[""https://www.linkedin.com/in/leo-newman-baa4b2b1/""]","[""https://www.facebook.com/LeoNewman1948/?locale=en_GB""]","[""https://www.instagram.com/leonewmanrealestate/""]"
Londonpropertypartnersuk,http://www.londonpropertypartnersuk.com/,"[""alex.cabral@exp.uk.com""]","[""https://www.linkedin.com/in/alexbritezcabral""]",,
Agestateagents Co Uk,http://agestateagents.co.uk/,,"[""https://www.linkedin.com/company/danielcobbestateagents"",""https://www.linkedin.com/shareArticle?mini=true&url=&amp;title=&amp;summary="",""https://www.linkedin.com/company/daniel-cobb""]","[""https://www.facebook.com/tr?id=273057326797597&ev=PageView"",""https://www.facebook.com/danielcobbestateagents"",""http://www.facebook.com/sharer.php?u=&amp;t="",""https://www.facebook.com/people/Daniel-Cobb-Estate-Agents/100094885915809/""]","[""https://www.instagram.com/danielcobbldn/""]"
Inkworth Co Uk/Estate Agents/West End,http://www.winkworth.co.uk/estate-agents/west-end,"[""me@example.com"",""westend@winkworth.co.uk""]","[""https://www.linkedin.com/company/winkworth"",""https://www.linkedin.com/company/winkworth/"",""https://www.linkedin.com/company/winkworth/&quot;""]","[""https://www.facebook.com/Winkworthestateagents"",""https://www.facebook.com/Winkworthestateagents&quot;""]","[""https://www.instagram.com/winkworth_westend_clerkenwell"",""https://www.instagram.com/winkworth_uk/"",""https://www.instagram.com/winkworth_uk/&quot;""]"
Primelondonresidential,http://www.primelondonresidential.com/,"[""croffice@primelondonresidential.com"",""cwoffice@primelondonresidential.com"",""jessica@primelondonresidential.com"",""adena@primelondonresidential.com"",""tori@primelondonresidential.com"",""joseph@primelondonresidential.com"",""bryce@primelondonresidential.com"",""daniel@primelondonresidential.com"",""ellie@primelondonresidential.com"",""charlie@primelondonresidential.com"",""devon@primelondonresidential.com"",""tom@primelondonresidential.com"",""shannon@primelondonresidential.com"",""matthew@primelondonresidential.com"",""gytis@primelondonresidential.com"",""aline@primelondonresidential.com"",""francesca@primelondonresidential.com"",""aria@primelondonresidential.com"",""taline@primelondonresidential.com"",""freya@primelondonresidential.com"",""cristina@primelondonresidential.com"",""simran@primelondonresidential.com"",""elinor@primelondonresidential.com"",""olivia@primelondonresidential.com"",""kate@primelondonresidential.com""]","[""https://www.linkedin.com/company/prime-london-residential/"",""https://www.linkedin.com/company/prime-london-residential/\\\\\\"",""https://www.linkedin.com/company/prime-london-residential/\\""]","[""https://www.facebook.com/profile.php?id=100069797476817"",""https://www.facebook.com/profile.php?id=100069797476817\\\\\\"",""https://www.facebook.com/profile.php?id=100069797476817\\""]","[""https://www.instagram.com/primelondonresidential"",""https://www.instagram.com/primelondonresidential\\\\\\"",""https://www.instagram.com/primelondonresidential\\""]"
Core London,http://core.london/,,"[""https://www.linkedin.com/company/corelondonpropertyadvisors/about/?viewAsMember=true""]","[""https://www.facebook.com/corelondonpropertyadvisors""]","[""https://www.instagram.com/core.london/""]"
Quintessentiallyestates,https://www.quintessentiallyestates.com/,"[""info@quintessentiallyestates.com"",""info@quintessentiallyestates.comhome""]","[""https://www.linkedin.com/company/quintessentially-estates/""]","[""https://www.facebook.com/QuintessentiallyEstatesGlobal/"",""https://www.facebook.com/QuintessentiallyEstatesGlobal""]","[""https://www.instagram.com/quintessentiallyestates/?hl=en"",""https://www.instagram.com/quintessentiallyestates/""]"
Obprivate Co Uk/Property,https://www.obprivate.co.uk/property/,"[""info@obprivate.co.uk"",""daisy@obprivate.co.uk"",""beatrix@obprivate.co.uk"",""harvey@obprivate.co.uk"",""mark@obprivate.co.uk"",""tish@obprivate.co.uk"",""charlie@obprivate.co.uk"",""talya@obprivate.co.uk"",""tara@obprivate.co.uk"",""jade@obprivate.co.uk"",""ari@obprivate.co.uk"",""tringa@obprivate.co.uk"",""elizabeth@obprivate.co.uk"",""charlie.cunningham-reid@obprivate.co.uk"",""tracy@obprivate.co.uk"",""nathanial@obprivate.co.uk"",""harry@obprivate.co.uk"",""will@obprivate.co.uk"",""kim@obprivate.co.uk"",""propertymanagement@obprivate.co.uk"",""olivia@obprivate.co.uk""]","[""https://www.linkedin.com/company/obprivate/"",""https://www.linkedin.com/in/beatrixchappell/"",""https://www.linkedin.com/in/harveycyzer/"",""https://www.linkedin.com/in/mark-johnson-marla-24992452/"",""https://www.linkedin.com/company/obprivate/posts/?feedView=all"",""https://www.linkedin.com/in/jadeexton/"",""https://www.linkedin.com/company/oliverbernardprivate/posts/?feedView=all"",""https://www.linkedin.com/in/elizabeth-walker-75064896/"",""https://www.linkedin.com/in/will-bennett-ab260a23a/"",""https://www.linkedin.com/in/kimberley-oldham-7132438b/?originalSubdomain=uk"",""https://www.linkedin.com/company/obprivate"",""https://www.linkedin.com/company/obtravel/""]","[""https://www.facebook.com/oliverbernardprivate""]","[""https://www.instagram.com/oliverbernardprivate/"",""https://www.instagram.com/oliverbernardprivate/?hl=en"",""https://www.instagram.com/missmayfair_?igsh=Nm8zcHU2aDhpN2pt"",""https://www.instagram.com/charlescog"",""https://www.instagram.com/jadeexton/"",""https://www.instagram.com/arireidproperty/?hl=en"",""https://www.instagram.com/kim_innottinghill/"",""https://www.instagram.com/oliverbernardprivate"",""https://www.instagram.com/escapewitholivia/""]"
Douglasandgordon,https://www.douglasandgordon.com/contact/Pimlico-Westminster/?utm_campaign=Pimlico&utm_content=Douglas+%26+Gordon+Estate+Agents+Pimlico+%26+Westminster&utm_medium=organic&utm_source=google_gmb,"[""pimlicosales@dng.co.uk"",""pimlicolets@dng.co.uk""]","[""https://www.linkedin.com/company/douglas-and-gordon""]","[""https://www.facebook.com/DouglasandGordon/""]","[""https://www.instagram.com/douglasandgordon/"",""https://www.instagram.com/dng_property/""]"
Astonslondon,https://www.astonslondon.com/,,,,"[""https://www.instagram.com/dexterslondon/""]"
Dexters Co Uk/Contact Us/Our Offices/Marylebone,https://www.dexters.co.uk/contact-us/our-offices/marylebone,"[""user@domain.com"",""info@amarant.co.uk""]","[""https://www.linkedin.com/company/amarant-real-estate""]","[""http://www.facebook.com/2008/fbml""]","[""https://www.instagram.com/amarant_re/""]"
Beauchampestates,https://www.beauchampestates.com/?utm_source=gmb&utm_medium=organic,"[""info@novarealty.uk""]",,,"[""https://www.instagram.com/novarealty.group""]"
Burlingtonestateagents Co Uk,https://burlingtonestateagents.co.uk/,"[""robin@homeflow.co.uk"",""residential.management@chestertons.co.uk"",""hea.portals@chestertons.co.uk"",""dpo@campionsgroup.co.uk"",""james.rowland@chestertons.co.uk"",""newhomes@chestertons.co.uk"",""rachael.lloyd@campionsgroup.co.uk"",""pro.portals@chestertons.co.uk"",""replies@chestertons.co.uk"",""mary.umali@chestertons.co.uk"",""fion.wang@chestertons.co.uk"",""emma.wilbourne@chestertons.co.uk"",""events@chestertons.co.uk"",""sara.scasseddu@chestertons.co.uk"",""chesweb@portalenquiries.sms-speedway.co.uk"",""angie.oliver@chestertons.co.uk"",""rebecca.jones@campionsgroup.co.uk"",""hello@chestertons.co.uk"",""anna.belova@chestertons.co.uk"",""valuemyproperty@chestertons.co.uk"",""liam.riordan@campionsgroup.co.uk"",""jordana.miles@chestertons.co.uk"",""yuliya.shegay@chestertons.co.uk"",""short.lets@chestertons.co.uk"",""corporateservices@chestertons.co.uk"",""landlordservices@chestertons.co.uk"",""gully.shrew977@eagereverest.com"",""anna.belova@campionsgroup.co.uk"",""kerl@chestertons.co.uk"",""belay.cirque5128@eagereverest.com"",""amber.zhao@chestertons.co.uk"",""ahmad.alazem@chestertons.co.uk"",""bal.portals@chestertons.co.uk"",""shf.portals@chestertons.co.uk"",""robot+chestertonscoventgarden@salesrook.com""]","[""https://www.linkedin.com/company/chestertons"",""https://www.linkedin.com/company/chestertons\\""]","[""https://www.facebook.com/chestertonsproperty"",""https://www.facebook.com/chestertonsproperty\\"",""https://www.facebook.com/tr?id=284357349485481\\u0026ev=PageView\\u0026noscript=1\\\\\\""]","[""https://www.instagram.com/chestertons.london/"",""https://www.instagram.com/chase.buchananlondon/"",""https://www.instagram.com/chestertons.london/\\"",""https://www.instagram.com/chase.buchananlondon/\\""]"
Estateagentnearme,https://www.estateagentnearme.com/,"[""bf@sothebysrealty.co.uk"",""rsw@sothebysrealty.co.uk"",""rss@sothebysrealty.co.uk"",""bh@sothebysrealty.co.uk"",""skr@sothebysrealty.co.uk"",""lg@sothebysrealty.co.uk"",""spe@sothebysrealty.co.uk"",""jr@sothebysrealty.co.uk"",""dj@sothebysrealty.co.uk"",""tk@sothebysrealty.co.uk"",""ssp@sothebysrealty.co.uk"",""jw@sothebysrealty.co.uk"",""hw@sothebysrealty.co.uk"",""mo@sothebysrealty.co.uk"",""abo@sothebysrealty.co.uk"",""catharine.che@sothebysrealty.co.uk"",""mc@sothebysrealty.co.uk"",""jg@sothebysrealty.co.uk"",""jmo@sothebysrealty.co.uk"",""se@sothebysrealty.co.uk"",""dz@sothebysrealty.co.uk"",""dd@sothebysrealty.co.uk"",""customercare@sothebysrealty.co.uk""]","[""https://www.linkedin.com/company/uk-sotheby""]","[""https://www.facebook.com/UnitedKingdomSIR/""]","[""https://www.instagram.com/uksothebysrealty/""]"
Amarant Co Uk,https://www.amarant.co.uk/,"[""luke@valmontgroup.co.uk""]",,,
Novarealty Uk,http://www.novarealty.uk/,"[""info@oliverjames-london.com""]","[""https://www.linkedin.com/company/oliver-jamesltd/""]","[""https://www.facebook.com/oliverjameslondon1/""]","[""https://www.instagram.com/oliverjameslondon11/""]"
Chestertons Co Uk/En Gb/Network/Central London/Covent Garden?Utm_Source=Google&Utm_Medium=Local,https://www.chestertons.co.uk/en-gb/network/central-london/covent-garden?utm_source=Google&utm_medium=Local,,,,
Sothebysrealty Co Uk,https://www.sothebysrealty.co.uk/,"[""city@benhams.com"",""city.sales@benhams.com""]","[""https://www.linkedin.com/company/benhamandreeves/""]","[""https://www.facebook.com/benhamandreeves/""]","[""https://www.instagram.com/benhamsproperty/""]"
Valmontgroup Co Uk,https://valmontgroup.co.uk/,"[""richard.aves@exp.uk.com""]","[""https://www.linkedin.com/in/richard-aves-93158522/""]",,"[""https://www.instagram.com/invites/contact/?igsh=1nog20ug192tv&utm_content=xq0rxlp""]"
Maskells,https://www.maskells.com/contact-us/estate-agent-in-chelsea/?utm_source=google&utm_medium=organic&utm_campaign=gbp_chelsea,"[""waltonstreetsales@maskells.com"",""lettings@maskells.com""]","[""https://www.linkedin.com/company/3008007/""]","[""https://www.facebook.com/MaskellsEA/"",""https://www.facebook.com/tr?id=429248426766847&ev=PageView&noscript=1""]","[""https://www.instagram.com/maskellsea/""]"
Residentialrealtors Co Uk,http://www.residentialrealtors.co.uk/,,"[""https://www.linkedin.com/company/gnomen-ltd""]","[""https://www.facebook.com/rrealtorsSE1/""]","[""https://www.instagram.com/residentialrealtors/?hl=en-gb""]"
Etherell Co Uk,https://wetherell.co.uk/,,,,"[""https://www.instagram.com/wetherellproperty/"",""https://www.instagram.com/wetherellmayfair/""]"
Residential Jll Co Uk/Offices/Estate Agent Mayfair,https://residential.jll.co.uk/offices/estate-agent-mayfair,"[""office@londonestates.net""]",,"[""https://www.facebook.com/londonestates.hammersmith""]","[""https://www.instagram.com/londonestates/""]"
London Estates Net,https://www.london-estates.net/,"[""croffice@primelondonresidential.com"",""cwoffice@primelondonresidential.com"",""jessica@primelondonresidential.com"",""adena@primelondonresidential.com"",""tori@primelondonresidential.com"",""joseph@primelondonresidential.com"",""bryce@primelondonresidential.com"",""daniel@primelondonresidential.com"",""ellie@primelondonresidential.com"",""charlie@primelondonresidential.com"",""devon@primelondonresidential.com"",""tom@primelondonresidential.com"",""shannon@primelondonresidential.com"",""matthew@primelondonresidential.com"",""gytis@primelondonresidential.com"",""aline@primelondonresidential.com"",""francesca@primelondonresidential.com"",""aria@primelondonresidential.com"",""taline@primelondonresidential.com"",""freya@primelondonresidential.com"",""cristina@primelondonresidential.com"",""simran@primelondonresidential.com"",""elinor@primelondonresidential.com"",""olivia@primelondonresidential.com"",""kate@primelondonresidential.com""]","[""https://www.linkedin.com/company/prime-london-residential/"",""https://www.linkedin.com/company/prime-london-residential/\\\\\\"",""https://www.linkedin.com/company/prime-london-residential/\\""]","[""https://www.facebook.com/profile.php?id=100069797476817"",""https://www.facebook.com/profile.php?id=100069797476817\\\\\\"",""https://www.facebook.com/profile.php?id=100069797476817\\""]","[""https://www.instagram.com/primelondonresidential"",""https://www.instagram.com/primelondonresidential\\\\\\"",""https://www.instagram.com/primelondonresidential\\""]"
Primelondonresidential,https://www.primelondonresidential.com/,,,"[""https://www.facebook.com/peachpropertiesE1""]","[""https://www.instagram.com/peachpropertiesuk/""]"
Peachproperties,http://www.peachproperties.com/,,,,
Frankharris Co Uk/Branches/Bloomsbury And Kings Cross,https://www.frankharris.co.uk/branches/bloomsbury-and-kings-cross,,,"[""https://www.facebook.com/jbrown""]","[""https://www.instagram.com/jbrowninternational""]"
Jbrown,http://www.jbrown.com/,"[""londonliving@llre.ca""]",,,
Londonlivingrealestate,http://londonlivingrealestate.com/,,"[""https://www.linkedin.com/company/the-acorn-group""]","[""https://www.facebook.com/tr?id=258804484641459&ev=PageView&noscript=1"",""https://www.facebook.com/AcornEstateAgency""]","[""https://www.instagram.com/acorngroup/""]"
Acorngroup Co Uk/Our Offices/Estate Agents In London Bridge?Utm_Source=Localmaps&Utm_Medium=Gbp&Utm_Campaign=Gmb_London_Bridge,https://www.acorngroup.co.uk/our-offices/estate-agents-in-london-bridge?utm_source=localmaps&utm_medium=gbp&utm_campaign=gmb_london_bridge,"[""info@century21uk.com"",""londoncentral@century21uk.com""]","[""https://www.linkedin.com/company/century21-united-kingdom/""]","[""https://www.facebook.com/tr?id=577073352840307&ev=PageView&noscript=1"",""https://www.facebook.com/tr?id=487870321911347&ev=PageView&noscript=1"",""https://www.facebook.com/C21uk"",""https://www.facebook.com/c21londoncentral/""]","[""https://www.instagram.com/century21_uk/"",""https://www.instagram.com/c21londoncentral/""]"
Century21Uk,http://www.century21uk.com/london-central,"[""coventgarden@barnardmarcus.co.uk"",""coventgardenlet@barnardmarcus.co.uk""]","[""https://www.linkedin.com/company/sequence-uk-ltd""]","[""https://www.facebook.com/BarnardMarcusCoventGarden/"",""https://www.facebook.com/BarnardMarcusEstateAgents""]","[""https://www.instagram.com/barnardmarcus_ea/""]"
Barnardmarcus Co Uk/Estate Agents/Covent Garden?Utm_Source=Google&Utm_Medium=Main+Url&Utm_Campaign=Google+Knowledge+Panel&Utm_Id=Yext&Y_Source=1_Njuyntuxntmtnze1Lwxvy2F0Aw9Ulndlynnpdgu%3D,https://www.barnardmarcus.co.uk/estate-agents/covent-garden?utm_source=Google&utm_medium=Main+URL&utm_campaign=Google+Knowledge+Panel&utm_id=YEXT&y_source=1_NjUyNTUxNTMtNzE1LWxvY2F0aW9uLndlYnNpdGU%3D,"[""hello@tavistockbow.com""]","[""https://www.linkedin.com/company/tavistock-bow""]","[""https://www.facebook.com/tavistockbow""]","[""https://instagram.com/tavistockbow""]"
Uniquepropertycompany Co Uk,http://uniquepropertycompany.co.uk/,,"[""https://www.linkedin.com/company/danielcobbestateagents"",""https://www.linkedin.com/shareArticle?mini=true&url=&amp;title=&amp;summary="",""https://www.linkedin.com/company/daniel-cobb""]","[""https://www.facebook.com/tr?id=273057326797597&ev=PageView"",""https://www.facebook.com/danielcobbestateagents"",""http://www.facebook.com/sharer.php?u=&amp;t="",""https://www.facebook.com/people/Daniel-Cobb-Estate-Agents/100094885915809/""]","[""https://www.instagram.com/danielcobbldn/""]"
Tavistockbo,https://tavistockbow.com/,"[""youremail@example.com""]",,,
Danielcobb Co Uk/Our Offices/Kennington Estate Agents?Utm_Source=Gmb&Utm_Medium=Organic&Utm_Campaign=Gmb,https://www.danielcobb.co.uk/our-offices/kennington-estate-agents?utm_source=gmb&utm_medium=organic&utm_campaign=gmb,,,,"[""https://www.instagram.com/s/aGlnaGxpZ2h0OjE3OTIxNzQwNTYyMjE4NzYx?story_media_id=2955335549551963521_49772060658&#038;igsh=OGloeXcyMnp4eGNw"",""https://www.instagram.com/s/aGlnaGxpZ2h0OjE3OTIxNzQwNTYyMjE4NzYx?story_media_id=2955335549551963521_49772060658&amp;igsh=OGloeXcyMnp4eGNw"",""https://www.instagram.com/aisha.realty/?hl=en""]"
Laurels Co Uk,https://laurels.co.uk/,"[""damien@jefferies.london"",""john@jefferies.london"",""siobhan@jefferies.london"",""alex@jefferies.london"",""richard@jefferies.london"",""marco@jefferies.london"",""lal@jefferies.london"",""daniele@jefferies.london"",""natasha@jefferies.london"",""ali@jefferies.london"",""xochitl@jefferies.london"",""joslin@jefferies.london"",""oscar@jefferies.london"",""adam@jefferies.london"",""james@jefferies.london"",""liana@jefferies.london"",""lamprini@jefferies.london"",""renee@jefferies.london"",""hello@jefferies.london""]","[""https://www.linkedin.com/company/jefferies-london/""]","[""https://www.facebook.com/tr?id=670329038702841&ev=PageView&noscript=1"",""https://www.facebook.com/tr?id=376729319142800&ev=PageView&noscript=1""]","[""https://www.instagram.com/jefferies.london?igsh=NXgzbW5id2Jhd3Bu&utm_source=qr"",""https://www.instagram.com/jefferies.london/""]"
Londonworldclass Co Uk,https://londonworldclass.co.uk/,"[""info@chbl.uk""]","[""https://www.linkedin.com/company/crown-home-buying""]","[""https://www.facebook.com/chbl.london""]","[""https://www.instagram.com/chbl.london/""]"
Chbl Uk,https://www.chbl.uk/,"[""ashley@forestrealestate.co.uk"",""casey@forestrealestate.co.uk"",""zach@forestrealestate.co.uk"",""ethan@forestrealestate.co.uk"",""info@forestrealestate.co.uk""]","[""https://www.linkedin.com/company/forestrealestate"",""https://www.linkedin.com/company/forestrealestate/""]","[""https://www.facebook.com/forestrealestatelondon/"",""https://www.facebook.com/forestrealestatelondon""]","[""https://www.instagram.com/forestrealestate_"",""https://www.instagram.com/p/Dbp-2TiEc2B/"",""https://www.instagram.com/p/DbnXOj-kU7P/"",""https://www.instagram.com/p/DbdG1uKCRGU/"",""https://www.instagram.com/p/DbX9QMIluMJ/""]"
Forestrealestate Co Uk,http://www.forestrealestate.co.uk/,,"[""https://www.linkedin.com/company/danielcobbestateagents"",""https://www.linkedin.com/shareArticle?mini=true&url=&amp;title=&amp;summary="",""https://www.linkedin.com/company/daniel-cobb""]","[""https://www.facebook.com/tr?id=273057326797597&ev=PageView"",""https://www.facebook.com/danielcobbestateagents"",""http://www.facebook.com/sharer.php?u=&amp;t="",""https://www.facebook.com/people/Daniel-Cobb-Estate-Agents/100094885915809/""]","[""https://www.instagram.com/danielcobbldn/""]"
Danielcobb Co Uk/Our Offices/London Bridge Estate Agents?Utm_Source=Gmb&Utm_Medium=Organic&Utm_Campaign=Gmb,https://www.danielcobb.co.uk/our-offices/london-bridge-estate-agents?utm_source=gmb&utm_medium=organic&utm_campaign=gmb,,,"[""https://www.facebook.com/KFHEstateAgent/""]","[""https://www.instagram.com/kfhproperty/""]"
Kfh Co Uk/Branches/London Bridge/?Utm_Source=Google&Utm_Medium=Local&Utm_Campaign=Gmb&Utm_Term=London_Bridge,https://www.kfh.co.uk/branches/london-bridge/?utm_source=google&utm_medium=local&utm_campaign=gmb&utm_term=london_bridge,"[""james@scale-re.com"",""tom@scale-re.com"",""jack@scale-re.com"",""hello@scale-re.com""]","[""https://www.linkedin.com/in/james-mcginley-801333167/"",""https://www.linkedin.com/in/tom-metcalfe-mrics/"",""https://www.linkedin.com/in/jack-mcginley-a95089107/"",""https://www.linkedin.com/company/scale-real-estate/?viewAsMember=true""]",,
Scale Re,https://scale-re.com/,,,,
Londonapart,http://londonapart.com/,"[""sales@kayandco.com"",""lettings@kayandco.com""]","[""https://www.linkedin.com/company/bhhslondon/""]","[""https://www.facebook.com/bhhslondon/""]","[""https://www.instagram.com/bhhslondon/""]"
Kayandco,https://www.kayandco.com/branch/hyde-park/?utm_source=googlemaps&utm_medium=organic,,"[""https://www.linkedin.com/company/greaterlondonproperties.co.uk/?originalSubdomain=uk""]","[""https://www.facebook.com/greaterlondonproperties.co.uk/?ref=ts&amp;amp%3bamp%3bamp%3bamp%3bfref=ts"",""https://www.facebook.com/greaterlondonproperties/?locale=en_GB""]","[""https://www.instagram.com/greaterlondonproperties/?hl=en""]"
Circalondon,http://www.circalondon.com/,"[""cropped-artboard@2x-32x32.png"",""cropped-artboard@2x-192x192.png"",""cropped-artboard@2x-180x180.png"",""cropped-artboard@2x-270x270.png"",""artboard@2x-copy-2.png"",""hello@storyofhome.co.uk""]","[""https://www.linkedin.com/company/story-of-home""]","[""https://www.facebook.com/storyofhome.uk/"",""https://www.facebook.com/tr?id=733649873936481&ev=PageView&noscript=1&cd%5Bpage_title%5D=Home+Page&cd%5Bpost_type%5D=page&cd%5Bpost_id%5D=16&cd%5Bplugin%5D=PixelYourSite&cd%5Buser_role%5D=guest&cd%5Bevent_url%5D=storyofhome.co.uk%2F""]","[""https://www.instagram.com/storyofhome.uk/""]"
Greaterlondonproperties Co Uk/?Utm_Source=Google&Utm_Medium=Referal&Utm_Campaign=Soho&Utm_Term=Soho&Utm_Content=Soho,https://www.greaterlondonproperties.co.uk/?utm_source=google&utm_medium=referal&utm_campaign=soho&utm_term=soho&utm_content=soho,"[""name@domain.com"",""hello@properly.space""]","[""https://www.linkedin.com/company/properly/about/""]","[""https://www.facebook.com/ProperlyUK"",""https://www.facebook.com/tr?id=557400241530727&ev=PageView&noscript=1"",""https://www.facebook.com/tr?id=591394264751512&ev=PageView&noscript=1""]","[""https://www.instagram.com/properly.uk/""]"
Storyofhome Co Uk,http://www.storyofhome.co.uk/,,"[""https://www.linkedin.com/company/hudsons/""]","[""https://www.facebook.com/tr?id=549123349254403&ev=PageView&noscript=1"",""https://www.facebook.com/HudsonsPropertyLDN""]","[""https://www.instagram.com/hudsons_property/""]"
Knightfrank Co Uk/Offices/Mayfair Estate Agents?Utm_Source=Gmb&Utm_Medium=Organic&Utm_Campaign=Yext_Office_Listing&Utm_Content=Mayfair_Estate_Agents_Listing&Y_Source=1_Mtewnju3Mzktnze1Lwxvy2F0Aw9Ulndlynnpdgu%3D,https://www.knightfrank.co.uk/offices/mayfair-estate-agents?utm_source=gmb&utm_medium=organic&utm_campaign=yext_office_listing&utm_content=mayfair_estate_agents_listing&y_source=1_MTEwNjU3MzktNzE1LWxvY2F0aW9uLndlYnNpdGU%3D,,,"[""https://www.facebook.com/GuardsRealEstate/""]","[""https://www.instagram.com/guardsrealestate/""]"
Properly Space,https://properly.space/,,,,
Hudsonsproperty,https://www.hudsonsproperty.com/?utm_source=Google%20My%20Business&utm_medium=Website,"[""logo-houzez-white@2x.png""]","[""https://www.linkedin.com/company/3184407/""]","[""https://www.facebook.com/azrealestatelondon/""]","[""https://www.instagram.com/azreal_estate/""]"
Guardsrealestate,http://www.guardsrealestate.com/,"[""hello@theprivaterealtor.com""]","[""https://www.linkedin.com/company/qode-themes/""]","[""https://www.facebook.com/QodeInteractive/""]","[""https://www.instagram.com/qodeinteractive/""]"
Greaterlondonproperties Co Uk/?Utm_Source=Google&Utm_Medium=Referal&Utm_Campaign=Bloomsbury&Utm_Term=Bloomsbury&Utm_Content=Bloomsbury,https://www.greaterlondonproperties.co.uk/?utm_source=google&utm_medium=referal&utm_campaign=bloomsbury&utm_term=bloomsbury&utm_content=bloomsbury,"[""info@tyronash.com""]","[""https://www.linkedin.com/company/tyron-ash-real-estate-uk-real-estate-estate-agency?trk=public_profile_topcard-current-company""]",,"[""https://www.instagram.com/tyronashinternational/""]"
Dexters Co Uk/Contact Us/Our Offices/London Bridge,https://www.dexters.co.uk/contact-us/our-offices/london-bridge,,,,"[""https://www.instagram.com/dexterslondon/""]"
Realestateagentslondon Co Uk,https://realestateagentslondon.co.uk/,"[""info@realestateagentslondon.co.uk""]","[""https://www.linkedin.com/company/real-estate-agents-london/""]","[""https://www.facebook.com/RealEstateAgencyLondon/"",""https://www.facebook.com/EstateAgentsCanningTown/\\n============================\\n\\nAlso,""]","[""https://www.instagram.com/realestateagentslondon_/"",""https://www.instagram.com/remaxstarestateagents/\\n============================\\n\\n""]"
Danielfeau,https://danielfeau.com/fr/detail-agence-immobiliere/3159,"[""notif.leads.immeubles@danielfeau.com""]",,,
Kacius Fr,http://kacius.fr/,"[""contact@kacius.fr""]",,,
Lokim,http://www.lokim.com/,,,"[""https://www.facebook.com/lokimcom""]","[""https://www.instagram.com/paris_beapartofit/""]"
Orpi,https://www.orpi.com/mcd/?utm_source=gmb&utm_medium=organic&utm_campaign=gmb_paris%2011eme%20arrondissement&utm_content=mcd,,,,
Parisrentalservices Fr,http://www.parisrentalservices.fr/,"[""fabiano@international-home.net""]",,,
Parisrealty Fr/Contact 3,https://www.parisrealty.fr/contact-3,"[""hello@hellocourtier.fr""]",,"[""https://www.facebook.com/tr?id=364471044330767&ev=PageView""]",
International Home Net,http://international-home.net/,,,,
Hellocourtier Fr,https://hellocourtier.fr/,,,,
Immocity,https://immocity.com/agence-immobiliere/paris-12/142,"[""panameimmo@gmail.com""]",,"[""https://www.facebook.com/panameimmobilier/""]",
Ateliers Lofts,https://www.ateliers-lofts.com/,"[""alg-logo@2x.png""]","[""https://www.linkedin.com/in/adrianleeds/""]","[""https://www.facebook.com/AdrianLeedsGroup/""]","[""https://www.instagram.com/adrianleedsgroup/"",""https://www.instagram.com/adrianleedsgroup""]"
Letsgoimmobilier,http://www.letsgoimmobilier.com/,"[""contact@fyneo.fr"",""votre@email.com""]","[""https://www.linkedin.com/in/davidlinfeiwei/"",""https://www.linkedin.com/in/david-lin-fr/"",""https://www.linkedin.com/in/davidlinfeiwei/\\"",""https://www.linkedin.com/in/david-lin-fr/\\"",""https://www.linkedin.com/in/davidlinfeiwei/\\\\\\""]",,
Fr Foncia,https://fr.foncia.com/agence-immobiliere/paris-75003/agence-immobiliere/foncia-transaction-paris-rambuteau-1129,"[""paris.rive.droite@espaces-atypiques.com"",""contact@espaces-atypiques.com"",""chloe.guillaume@espaces-atypiques.com"",""simon.jego@espaces-atypiques.com"",""magaly.leygnac@espaces-atypiques.com"",""sandra.mascio@espaces-atypiques.com"",""ornella.galland@espaces-atypiques.com"",""feriel.hafsi@espaces-atypiques.com"",""charlotte.fauconnier@espaces-atypiques.com"",""alka.balbir@espaces-atypiques.com""]","[""https://www.linkedin.com/company/espaces-atypiques/""]","[""https://www.facebook.com/espaces.atypiques"",""https://www.facebook.com/espaces.atypiques.paris""]","[""https://www.instagram.com/espaces_atypiques/"",""https://www.instagram.com/espaces_atypiques_paris/""]"
Espaces Atypiques,https://www.espaces-atypiques.com/paris-rive-droite/,"[""contact@paris-apts.com""]","[""https://www.linkedin.com/company/paris-appartements-services/""]",,
Paris Apts,http://www.paris-apts.com/,"[""rueilmalmaison@junot.fr"",""junot78-92@junot.fr"",""rgpd@junot.fr""]","[""https://www.linkedin.com/company/maison-junot/""]","[""https://www.facebook.com/maisonJunot""]","[""https://www.instagram.com/maisonjunot/""]"
Junot Fr/Fr/Agences/Junot Rueil Malmaison?Utm_Source=Google&Utm_Medium=Organic&Utm_Campaign=Local&Utm_Content=Junot Rueil Malmaison,https://www.junot.fr/fr/agences/junot-rueil-malmaison?utm_source=google&utm_medium=organic&utm_campaign=local&utm_content=junot-rueil-malmaison,,,"[""https://www.facebook.com/Immopolis-Immobilier-145127032210673/"",""https://www.facebook.com/agence.etoile""]","[""https://www.instagram.com/immopolis/"",""https://www.instagram.com/agence_etoile/""]"
Agence Etoile Fr/Author/Agent_75010,http://www.agence-etoile.fr/author/agent_75010/,"[""hello@helloagent.fr""]",,,
Paris Island,http://paris-island.com/,,,,
Helloagent Fr,http://helloagent.fr/,"[""agence@isrimmo.com"",""amesha.leehul@isrfrance.com"",""frank.galloni@isrfrance.com"",""n.banguetandet@isrfrance.com""]",,,
Valeursactivesassociees,https://www.valeursactivesassociees.com/,"[""contact@promothome.com""]","[""https://www.linkedin.com/company/promothome""]","[""https://www.facebook.com/promothome"",""https://www.facebook.com/tr?id=2220733281564944&ev=PageView""]","[""https://www.instagram.com/promothome/""]"
321International,http://www.321international.com/,,,"[""https://www.facebook.com/tr?id=1194127901639615&ev=PageView&noscript=1\\"",""https://www.facebook.com/tr?id=1194127901639615&ev=PageView&noscript=1""]","[""https://www.instagram.com/jeudi.paris\\""]"
Isr Fr,https://isr-fr.com/fr/,,,,"[""https://www.instagram.com/p/DboDexmCLJL/"",""https://www.instagram.com/p/Dbi6q95iDDK/"",""https://www.instagram.com/p/DbbPtewCPfU/"",""https://www.instagram.com/p/DbJKUAICNnF/"",""https://www.instagram.com/p/DbD_cUOiA94/"",""https://www.instagram.com/p/Da5tlpkiEB_/""]"
Promothome,https://www.promothome.com/,"[""contact@delachaiseimmo.fr""]",,,
Jeudiparis,http://jeudiparis.com/,,"[""https://www.linkedin.com/in/thu-trang-2137ab122""]","[""http://www.facebook.com/pages/NAOS-immobilier/412242608824947""]",
Highstay,https://highstay.com/,"[""l.nabede@terreis.fr""]","[""https://www.linkedin.com/uas/login-submit"",""https://www.linkedin.com/top-content?trk=organization_guest_guest_nav_menu_topContent"",""https://www.linkedin.com/pub/dir/+/+?trk=organization_guest_guest_nav_menu_people"",""https://www.linkedin.com/learning/search?trk=organization_guest_guest_nav_menu_learning"",""https://www.linkedin.com/jobs/search?trk=organization_guest_guest_nav_menu_jobs"",""https://www.linkedin.com/games?trk=organization_guest_guest_nav_menu_games"",""https://www.linkedin.com/login?session_redirect=https%3A%2F%2Fwww%2Elinkedin%2Ecom%2Fcompany%2Fterre%25C3%25AFs-real-estate&amp;fromSignIn=true&amp;trk=organization_guest_nav-header-signin"",""https://www.linkedin.com/signup/cold-join?session_redirect=https%3A%2F%2Fwww%2Elinkedin%2Ecom%2Fcompany%2Fterre%25C3%25AFs-real-estate&amp;trk=organization_guest_nav-header-join"",""https://www.linkedin.com/login?session_redirect=https%3A%2F%2Fwww%2Elinkedin%2Ecom%2Fcompany%2Fterre%25C3%25AFs-real-estate&amp;fromSignIn=true&amp;trk=top-card_top-card-secondary-button-top-card-secondary-cta"",""https://www.linkedin.com/signup/cold-join?session_redirect=https%3A%2F%2Fwww%2Elinkedin%2Ecom%2Fsearch%2Fresults%2Fpeople%2F%3FfacetCurrentCompany%3D%255B74725420%255D&amp;trk=org-employees_cta_face-pile-cta"",""https://www.linkedin.com/uas/request-password-reset?trk=employees-blurred-section_sign-in-modal_forgot_password"",""https://www.linkedin.com/signup/cold-join?session_redirect=https%3A%2F%2Fwww%2Elinkedin%2Ecom%2Fcompany%2Fterre%25C3%25AFs-real-estate&trk=employees-blurred-section_sign-in-modal_join-link"",""https://www.linkedin.com/signup/cold-join?session_redirect=https%3A%2F%2Fwww%2Elinkedin%2Ecom%2Fsearch%2Fresults%2Fpeople%2F%3FfacetCurrentCompany%3D%255B74725420%255D&amp;trk=public_biz_employees-join"",""https://www.linkedin.com/signup/cold-join?session_redirect=https%3A%2F%2Fwww%2Elinkedin%2Ecom%2Fcompany%2Fterre%25C3%25AFs-real-estate&amp;trk=organization_guest_main-feed-card_social-actions-reactions"",""https://www.linkedin.com/signup/cold-join?session_redirect=https%3A%2F%2Fwww%2Elinkedin%2Ecom%2Fcompany%2Fterre%25C3%25AFs-real-estate&amp;trk=organization_guest_main-feed-card_like-cta"",""https://www.linkedin.com/signup/cold-join?session_redirect=https%3A%2F%2Fwww%2Elinkedin%2Ecom%2Fcompany%2Fterre%25C3%25AFs-real-estate&amp;trk=organization_guest_main-feed-card_comment-cta"",""https://www.linkedin.com/signup/cold-join?session_redirect=https%3A%2F%2Fwww%2Elinkedin%2Ecom%2Fcompany%2Fterre%25C3%25AFs-real-estate&amp;trk=organization_guest_main-feed-card_share-cta"",""https://www.linkedin.com/signup/cold-join?session_redirect=https%3A%2F%2Fwww.linkedin.com%2Ffeed%2Fhashtag%2Farchitecture&amp;trk=organization_guest_main-feed-card-text"",""https://www.linkedin.com/signup/cold-join?session_redirect=https%3A%2F%2Fwww.linkedin.com%2Ffeed%2Fhashtag%2FrAezhabilitation&amp;trk=organization_guest_main-feed-card-text"",""https://www.linkedin.com/signup/cold-join?session_redirect=https%3A%2F%2Fwww.linkedin.com%2Ffeed%2Fhashtag%2FsurAezlAezvation&amp;trk=organization_guest_main-feed-card-text"",""https://www.linkedin.com/signup/cold-join?session_redirect=https%3A%2F%2Fwww.linkedin.com%2Ffeed%2Fhashtag%2Fconstruction&amp;trk=organization_guest_main-feed-card-text"",""https://www.linkedin.com/signup/cold-join?session_redirect=https%3A%2F%2Fwww.linkedin.com%2Ffeed%2Fhashtag%2Fparis20&amp;trk=organization_guest_main-feed-card-text"",""https://www.linkedin.com/signup/cold-join?session_redirect=https%3A%2F%2Fwww.linkedin.com%2Ffeed%2Fhashtag%2Fbois&amp;trk=organization_guest_main-feed-card-text"",""https://www.linkedin.com/signup/cold-join?session_redirect=https%3A%2F%2Fwww.linkedin.com%2Ffeed%2Fhashtag%2Fchantier&amp;trk=organization_guest_main-feed-card-text"",""https://www.linkedin.com/signup/cold-join?session_redirect=https%3A%2F%2Fwww.linkedin.com%2Ffeed%2Fhashtag%2Fimmobilier&amp;trk=organization_guest_main-feed-card-text"",""https://www.linkedin.com/signup/cold-join?session_redirect=https%3A%2F%2Fwww.linkedin.com%2Ffeed%2Fhashtag%2Fterreisre&amp;trk=organization_guest_main-feed-card-text"",""https://www.linkedin.com/signup/cold-join?session_redirect=https%3A%2F%2Fwww.linkedin.com%2Ffeed%2Fhashtag%2Fimmobilierparis&amp;trk=organization_guest_main-feed-card-text"",""https://www.linkedin.com/signup/cold-join?session_redirect=https%3A%2F%2Fwww.linkedin.com%2Ffeed%2Fhashtag%2Fperformanceenergetique&amp;trk=organization_guest_main-feed-card-text"",""https://www.linkedin.com/signup/cold-join?session_redirect=https%3A%2F%2Fwww.linkedin.com%2Ffeed%2Fhashtag%2Fimmobilierneuf&amp;trk=organization_guest_main-feed-card-text"",""https://www.linkedin.com/signup/cold-join?session_redirect=https%3A%2F%2Fwww.linkedin.com%2Ffeed%2Fhashtag%2Fgambetta&amp;trk=organization_guest_main-feed-card-text"",""https://www.linkedin.com/signup/cold-join?session_redirect=https%3A%2F%2Fwww.linkedin.com%2Ffeed%2Fhashtag%2Frooftop&amp;trk=organization_guest_main-feed-card-text"",""https://www.linkedin.com/signup/cold-join?session_redirect=https%3A%2F%2Fwww.linkedin.com%2Ffeed%2Fhashtag%2Ftoitterrasse&amp;trk=organization_guest_main-feed-card-text"",""https://www.linkedin.com/signup/cold-join?session_redirect=https%3A%2F%2Fwww.linkedin.com%2Ffeed%2Fhashtag%2Fterrasseparis&amp;trk=organization_guest_main-feed-card-text"",""https://www.linkedin.com/signup/cold-join?session_redirect=https%3A%2F%2Fwww.linkedin.com%2Ffeed%2Fhashtag%2Frooftopparis&amp;trk=organization_guest_main-feed-card-text"",""https://www.linkedin.com/signup/cold-join?session_redirect=https%3A%2F%2Fwww.linkedin.com%2Ffeed%2Fhashtag%2Fpenthouse&amp;trk=organization_guest_main-feed-card-text"",""https://www.linkedin.com/signup/cold-join?session_redirect=https%3A%2F%2Fwww.linkedin.com%2Ffeed%2Fhashtag%2Frealestateparis&amp;trk=organization_guest_main-feed-card-text"",""https://www.linkedin.com/signup/cold-join?session_redirect=https%3A%2F%2Fwww%2Elinkedin%2Ecom%2Fcompany%2Fterre%25C3%25AFs-real-estate&amp;trk=organization_guest_main-feed-card_social-actions-comments"",""https://www.linkedin.com/signup/cold-join?session_redirect=https%3A%2F%2Fwww.linkedin.com%2Ffeed%2Fhashtag%2Fimmobilierdeprestige&amp;trk=organization_guest_main-feed-card-text"",""https://www.linkedin.com/signup/cold-join?session_redirect=https%3A%2F%2Fwww.linkedin.com%2Ffeed%2Fhashtag%2Finvestissement&amp;trk=organization_guest_main-feed-card-text"",""https://www.linkedin.com/signup/cold-join?session_redirect=https%3A%2F%2Fwww.linkedin.com%2Ffeed%2Fhashtag%2Finvestissementimmobilier&amp;trk=organization_guest_main-feed-card-text"",""https://www.linkedin.com/signup/cold-join?session_redirect=https%3A%2F%2Fwww.linkedin.com%2Ffeed%2Fhashtag%2Fpatrimoine&amp;trk=organization_guest_main-feed-card-text"",""https://www.linkedin.com/signup/cold-join?session_redirect=https%3A%2F%2Fwww.linkedin.com%2Ffeed%2Fhashtag%2Fparis12&amp;trk=organization_guest_main-feed-card-text"",""https://www.linkedin.com/signup/cold-join?session_redirect=https%3A%2F%2Fwww.linkedin.com%2Ffeed%2Fhashtag%2Fventeparlots&amp;trk=organization_guest_main-feed-card-text"",""https://www.linkedin.com/signup/cold-join?session_redirect=https%3A%2F%2Fwww.linkedin.com%2Ffeed%2Fhashtag%2FrAeznovation&amp;trk=organization_guest_main-feed-card-text"",""https://www.linkedin.com/signup/cold-join?session_redirect=https%3A%2F%2Fwww.linkedin.com%2Ffeed%2Fhashtag%2Fappartementfamilial&amp;trk=organization_guest_main-feed-card-text"",""https://www.linkedin.com/signup/cold-join?session_redirect=https%3A%2F%2Fwww.linkedin.com%2Ffeed%2Fhashtag%2FimmobilierrAezsidentiel&amp;trk=organization_guest_main-feed-card-text"",""https://www.linkedin.com/signup/cold-join?session_redirect=https%3A%2F%2Fwww.linkedin.com%2Ffeed%2Fhashtag%2Fimmobilierancien&amp;trk=organization_guest_main-feed-card-text"",""https://www.linkedin.com/signup/cold-join?session_redirect=https%3A%2F%2Fwww.linkedin.com%2Ffeed%2Fhashtag%2Fparisimmobilier&amp;trk=organization_guest_main-feed-card-text"",""https://www.linkedin.com/signup/cold-join?session_redirect=https%3A%2F%2Fwww.linkedin.com%2Ffeed%2Fhashtag%2FterreAeFsrealestate&amp;trk=organization_guest_main-feed-card-text"",""https://www.linkedin.com/signup/cold-join?session_redirect=https%3A%2F%2Fwww%2Elinkedin%2Ecom%2Fcompany%2Fterre%25C3%25AFs-real-estate&amp;trk=public_biz_promo-join"",""https://www.linkedin.com/accessibility?trk=d_org_guest_company_overview_footer-accessibility"",""https://www.linkedin.com/legal/user-agreement?trk=d_org_guest_company_overview_footer-user-agreement"",""https://www.linkedin.com/legal/privacy-policy?trk=d_org_guest_company_overview_footer-privacy-policy"",""https://www.linkedin.com/legal/cookie-policy?trk=d_org_guest_company_overview_footer-cookie-policy"",""https://www.linkedin.com/legal/copyright-policy?trk=d_org_guest_company_overview_footer-copyright-policy"",""https://www.linkedin.com/psettings/guest-controls?trk=d_org_guest_company_overview_footer-guest-controls"",""https://www.linkedin.com/legal/professional-community-policies?trk=d_org_guest_company_overview_footer-community-guide"",""https://www.linkedin.com/uas/request-password-reset?trk=csm-v2_forgot_password"",""https://www.linkedin.com/signup/cold-join?session_redirect=https%3A%2F%2Fwww%2Elinkedin%2Ecom%2Fcompany%2Fterre%25C3%25AFs-real-estate&trk=organization_guest_contextual-sign-in-modal_join-link""]",,
Delachaiseimmobilier Fr,http://delachaiseimmobilier.fr/,"[""contact@regm.immo""]",,,
Pierre Pariscentre Naosimmobilier,https://pierre-pariscentre.naosimmobilier.com/,"[""agence@ectg.fr"",""agence@etudecaraudrey.fr""]",,"[""https://www.facebook.com/etudecaraudrey""]",
Fr Foncia,https://fr.foncia.com/agence-immobiliere/paris-75005/agence-immobiliere/foncia-transaction-paris-monge-3613,,,,
Fr Foncia,https://fr.foncia.com/agence-immobiliere/paris-75003/agence-immobiliere/foncia-transaction-paris-rambuteau-1129,"[""lyon@espaces-atypiques.com"",""seine.et.marne@espaces-atypiques.com"",""essonne@espaces-atypiques.com"",""avignon@espaces-atypiques.com"",""paris.est@espaces-atypiques.com"",""toulon@espaces-atypiques.com"",""hyeres@espaces-atypiques.com"",""angers@espaces-atypiques.com"",""vendee@espaces-atypiques.com"",""marseille@espaces-atypiques.com"",""arles@espaces-atypiques.com"",""poitiers@espaces-atypiques.com"",""nantes@espaces-atypiques.com"",""nimes@espaces-atypiques.com"",""iledoleron@espaces-atypiques.com"",""iledere@espaces-atypiques.com"",""charentemaritime@espaces-atypiques.com"",""deauville-caen@espaces-atypiques.com"",""bourgogne@espaces-atypiques.com"",""alsace@espaces-atypiques.com"",""lorraine@espaces-atypiques.com"",""picardie@espaces-atypiques.com"",""yvelines@espaces-atypiques.com"",""nice@espaces-atypiques.com"",""blois@espaces-atypiques.com"",""niort@espaces-atypiques.com"",""albi@espaces-atypiques.com"",""alpes.de.haute.provence@espaces-atypiques.com"",""seine.saint.denis@espaces-atypiques.com"",""hauts.de.seine@espaces-atypiques.com"",""val.de.marne@espaces-atypiques.com"",""saint-malo@espaces-atypiques.com"",""montauban@espaces-atypiques.com"",""pornic@espaces-atypiques.com"",""saint.tropez@espaces-atypiques.com"",""finistere@espaces-atypiques.com"",""eure@espaces-atypiques.com"",""pau@espaces-atypiques.com"",""genevoisleman@espaces-atypiques.com"",""lemans@espaces-atypiques.com"",""besancon-doubs@espaces-atypiques.com"",""po@espaces-atypiques.com"",""chartres@espaces-atypiques.com"",""aude@espaces-atypiques.com"",""rouen@espaces-atypiques.com"",""dordogne@espaces-atypiques.com"",""paysdegex@espaces-atypiques.com"",""landes@espaces-atypiques.com"",""valdoise@espaces-atypiques.com"",""villefranche@espaces-atypiques.com"",""grenoble@espaces-atypiques.com"",""annecy@espaces-atypiques.com"",""savoie@espaces-atypiques.com"",""drome.ardeche@espaces-atypiques.com"",""biarritz@espaces-atypiques.com"",""montpellier@espaces-atypiques.com"",""la-baule@espaces-atypiques.com"",""cholet@espaces-atypiques.com"",""morbihan@espaces-atypiques.com"",""cotesdarmor@espaces-atypiques.com"",""orleans@espaces-atypiques.com"",""tours@espaces-atypiques.com"",""cherbourg@espaces-atypiques.com"",""toulouse@espaces-atypiques.com"",""rennes@espaces-atypiques.com"",""lille@espaces-atypiques.com"",""arcachon.cap.ferret@espaces-atypiques.com"",""bordeaux@espaces-atypiques.com"",""paris.ouest@espaces-atypiques.com"",""paris.rive.gauche@espaces-atypiques.com""]",,,
Espaces Atypiques,https://www.espaces-atypiques.com/paris-rive-droite/,,,,
Paris Apts,http://www.paris-apts.com/,,,,
Junot Fr/Fr/Agences/Junot Rueil Malmaison?Utm_Source=Google&Utm_Medium=Organic&Utm_Campaign=Local&Utm_Content=Junot Rueil Malmaison,https://www.junot.fr/fr/agences/junot-rueil-malmaison?utm_source=google&utm_medium=organic&utm_campaign=local&utm_content=junot-rueil-malmaison,,,,
Agence Etoile Fr/Author/Agent_75010,http://www.agence-etoile.fr/author/agent_75010/,,,,
Paris Island,http://paris-island.com/,,,,
Helloagent Fr,http://helloagent.fr/,,,,
Valeursactivesassociees,https://www.valeursactivesassociees.com/,,,,
321International,http://www.321international.com/,"[""bienvenue@naosimmobilier.com""]",,,
Isr Fr,https://isr-fr.com/fr/,,,,
Promothome,https://www.promothome.com/,,,,
Jeudiparis,http://jeudiparis.com/,,,,
Highstay,https://highstay.com/,,,"[""https://www.facebook.com/WordPresscom""]",
Delachaiseimmobilier Fr,http://delachaiseimmobilier.fr/,"[""contact@yoloflat.com""]",,,
Pierre Pariscentre Naosimmobilier,https://pierre-pariscentre.naosimmobilier.com/,"[""bonjour@exemple.com""]",,,
Geryjulien Agentkw Fr,https://geryjulien.agentkw.fr/,,,"[""https://www.facebook.com/myparisagency""]",
Myparisagency,http://www.myparisagency.com/,"[""eb@connexion.immo""]",,,"[""https://www.instagram.com/connexionimmobilierparis/?hl=fr""]"
Connexion Immo,https://connexion.immo/,,,,
Bemyflat Fr,https://www.bemyflat.fr/,"[""cannes@michaelzingraf.com"",""saintpaul@michaelzingraf.com"",""mougins@michaelzingraf.com"",""sainttropez@michaelzingraf.com"",""opio@michaelzingraf.com"",""capferrat@michaelzingraf.com"",""capdantibes@michaelzingraf.com"",""californie@michaelzingraf.com"",""palmbeach@michaelzingraf.com"",""nice@michaelzingraf.com"",""gordes@michaelzingraf.com"",""stremy@michaelzingraf.com"",""aixenprovence@michaelzingraf.com"",""megeve@michaelzingraf.com"",""ilemaurice@michaelzingraf.com"",""deauville@michaelzingraf.com"",""biarritz@michaelzingraf.com""]","[""https://www.linkedin.com/company/michael-zingraf-immobilier/"",""https://www.linkedin.com/company/michael-zingraf-immobilier""]","[""https://www.facebook.com/MichaelZingraf""]","[""https://instagram.com/michael_zingraf_real_estate/"",""https://www.instagram.com/michaelzingrafrealestate/""]"
Fudo Invest,http://www.fudo-invest.com/,"[""info@example.com""]",,,
Michaelzingraf,https://www.michaelzingraf.com/fr/agence/michael-zingraf-paris-centre,,"[""https://www.linkedin.com/company/arrow-paris""]",,
Livestyleparis,http://www.livestyleparis.com/,"[""bonjour@flathunter.com"",""_@astro.bcsqhsm2.css""]","[""https://www.linkedin.com/company/flathunterparis/""]","[""https://www.facebook.com/FlatHunterParis/""]","[""https://www.instagram.com/flathunterparis/""]"
Yf Immo Lodgify,https://yf-immo.lodgify.com/,"[""your.hosts@yourperfectparis.com"",""user@domain.com""]",,"[""http://www.facebook.com/2008/fbml""]","[""http://instagram.com/yourperfectparis""]"
Paris Arrow Enterprise Fr,https://paris.arrow-enterprise.fr/,"[""v.allouch@avicorporate.fr""]",,"[""https://www.facebook.com/gestcoloc""]","[""https://www.instagram.com/gestcoloc/""]"
Flathunter,https://flathunter.com/,"[""vente@azoulay.net""]",,"[""https://www.facebook.com/people/Jacques-Azoulay/61550595133059/""]","[""https://www.instagram.com/cabinetjacquesazoulay/""]"
Yourperfectparis,https://www.yourperfectparis.com/,"[""info@leggett.fr""]","[""https://www.linkedin.com/company/leggett-immobilier""]","[""https://www.facebook.com/LeggettImmobilier"",""https://www.facebook.com/LeggettImmobilierFr""]","[""https://www.instagram.com/leggettimmobilier""]"
Iadfrance Fr/Conseiller Immobilier/Audrey Cristina,https://www.iadfrance.fr/conseiller-immobilier/audrey.cristina,,"[""https://www.linkedin.com/company/guestready"",""https://www.linkedin.com/in/rapha%C3%ABl-oren-68591766/"",""https://www.linkedin.com/company/guestready/""]","[""https://www.facebook.com/GuestReady"",""https://www.facebook.com/tr?id=502440433293473&ev=PageView&noscript=1"",""https://www.facebook.com/guestready/""]","[""https://www.instagram.com/guestready/""]"
Gestcoloc Fr,http://www.gestcoloc.fr/,"[""agencelecourbe@deferla.com"",""agencemonge@deferla.com"",""agenceconvention@deferla.com"",""agence@deferla.com"",""agencedaguerre@deferla.com"",""agencechampdemars@deferla.com"",""agencevavin@deferla.com"",""agencepantheon@deferla.com""]",,"[""https://www.facebook.com/DeFerlaImmobilier/"",""https://www.facebook.com/DeFerlaImmobilier""]","[""https://www.instagram.com/deferla/""]"
Geryjulien Agentkw Fr,https://geryjulien.agentkw.fr/,,,,
Myparisagency,http://www.myparisagency.com/,,,,
Connexion Immo,https://connexion.immo/,,,,
Bemyflat Fr,https://www.bemyflat.fr/,,,,
Fudo Invest,http://www.fudo-invest.com/,,,,
Michaelzingraf,https://www.michaelzingraf.com/fr/agence/michael-zingraf-paris-centre,,,,
Livestyleparis,http://www.livestyleparis.com/,,,,
Yf Immo Lodgify,https://yf-immo.lodgify.com/,,,,
Paris Arrow Enterprise Fr,https://paris.arrow-enterprise.fr/,,,,
Flathunter,https://flathunter.com/,,,,
Elysee International,http://www.elysee-international.com/,"[""contact@elysee-international.com""]","[""https://www.linkedin.com/in/micheltrinh/""]","[""https://www.facebook.com/profile.php?id=100008866202646""]",
Matiss Immobilier Fr,https://www.matiss-immobilier.fr/,"[""logo@2x.png"",""alfa-concept-white@2.png""]","[""https://www.linkedin.com/company/coldwell-banker-demeure-prestige/"",""https://www.linkedin.com/legal/cookie_policy""]","[""https://www.facebook.com/coldwellbankerleadingrealtyparis/"",""https://www.facebook.com/policy.php"",""https://www.facebook.com/plugins/post.php?href=""]","[""https://www.instagram.com/coldwellbanker_paris/"",""https://www.instagram.com/legal/privacy/""]"
Coldwellbankerprestige Fr,https://www.coldwellbankerprestige.fr/,"[""demo@example.com"",""contact@lazareestates.com""]",,"[""https://www.facebook.com/lazareestates""]","[""https://www.instagram.com/lazare.estates/""]"
Lazareestates,https://www.lazareestates.com/,"[""contact@engelvoelkers.com"",""paris.leads@engelvoelkers.com"",""belgium@engelvoelkers.com"",""schweiz@engelvoelkers.com"",""andorra.dpd@engelvoelkers.com"",""paris@engelvoelkers.com""]","[""http://www.linkedin.com/company/engel-&-volkers-paris"",""http://www.linkedin.com/company/engel-&amp;-volkers-paris"",""https://www.linkedin.com/company/engel-&amp;-volkers-paris/?viewAsMember=true"",""https://www.linkedin.com/company/engel-\\u0026-volkers-paris/?viewAsMember=true"",""http://www.linkedin.com/company/engel-\\u0026-volkers-paris""]","[""https://www.facebook.com/engelvoelkers.global"",""https://www.facebook.com/engelvolkersparis"",""https://www.facebook.com/engelvolkerscotedazur""]","[""https://www.instagram.com/engelvoelkers.global"",""http://www.instagram.com/engelvoelkers.france"",""https://www.instagram.com/engelvoelkers.france"",""https://www.instagram.com/engelvoelkers.france/"",""https://www.instagram.com/gg_magazine/?hl=en""]"
Engelvoelkers,https://www.engelvoelkers.com/fr/fr/shops/champ-de-mars,,,,
Agencedesartsetmetiers Fr/Fr,https://agencedesartsetmetiers.fr/fr/,"[""infos@varenne.fr""]","[""https://www.linkedin.com/company/agence-varenne/""]","[""https://www.facebook.com/VarenneParis/""]","[""https://www.instagram.com/varenne_paris/"",""https://www.instagram.com/p/Dan9MVJjLw0/"",""https://www.instagram.com/p/Dah4pUaDFe9/"",""https://www.instagram.com/p/Dae_3ANjBV6/"",""https://www.instagram.com/p/DaZx1VyDAdw/"",""https://www.instagram.com/p/DaUehATDIV5/"",""https://www.instagram.com/p/DaS9umyjHoh/"",""https://www.instagram.com/p/DaQWo2vjCvy/"",""https://www.instagram.com/p/DaPa_4XDF9e/"",""https://www.instagram.com/p/DaDmy59DLIv/"",""https://www.instagram.com/reel/DZ-pGmdMXN_/""]"
Varenne Fr/Fr,https://www.varenne.fr/fr,,,,
Parisimmobilier Fr,http://www.parisimmobilier.fr/,"[""fiona.costello@expfrance.fr""]","[""https://www.linkedin.com/in/fiona-costello-53878920b/\\"",""https://www.linkedin.com/in/fiona-costello-53878920b/""]","[""https://www.facebook.com/profile.php?id=61588393876977#\\"",""https://www.facebook.com/profile.php?id=61588393876977#""]","[""https://www.instagram.com/fionacostelloparis/\\"",""https://www.instagram.com/fionacostelloparis/""]"
Mon Expfrance Fr/Fionacostello,https://mon.expfrance.fr/fionacostello,"[""exemple@mail.com""]","[""https://www.linkedin.com/company/cabinet-courtois-immobilier""]","[""https://www.facebook.com/profile.php?id=61558581120611""]","[""https://www.instagram.com/cabinetcourtois""]"
Cabcourtois,http://www.cabcourtois.com/,"[""contact@district-immo.com"",""a.flichy@district-immo.com"",""t.goepp@district-immo.com"",""jessie.amanou@district-immo.com"",""fc.favreuille@district-immo.com"",""h.brain@district-immo.com"",""r.chartier@district-immo.com"",""pierre.amanou@district-immo.com""]","[""https://www.linkedin.com/company/district-immobilier/""]","[""https://www.facebook.com/Districtimmo""]","[""https://www.instagram.com/district_immobilier/""]"
District Immo,https://www.district-immo.com/agences/ile-saint-louis/,,,"[""https://www.facebook.com/danteimmobilier/""]","[""https://www.instagram.com/danteimmobilier/""]"
Danteimmobilier,https://danteimmobilier.com/fr/,"[""l.castel@district-immo.com"",""g.defranssu@district-immo.com"",""g.guennec@district-immo.com"",""s.jumel@district-immo.com"",""h.pernot@district-immo.com""]",,,
District Immo,https://www.district-immo.com/agences/saint-germain/,"[""contact@progessimmo.fr""]",,,
Progessimo Fr,https://www.progessimo.fr/,"[""info@cabinetmouyal.fr""]",,"[""https://www.facebook.com/#""]","[""https://www.instagram.com/#""]"
Parisetailleurs Fr,http://www.parisetailleurs.fr/,"[""contact@safeinvestproperty.com""]",,,"[""https://www.instagram.com/safe_invest_property/"",""https://www.instagram.com/reel/DZqGXsooRU0/"",""https://www.instagram.com/reel/DZ76JruInBB/"",""https://www.instagram.com/reel/DadKwaHIRVN/"",""https://www.instagram.com/reel/DX9Es6lIuPF/"",""https://www.instagram.com/reel/DaLoWeIoZRb/"",""https://www.instagram.com/reel/DWYxY44iG_0/"",""https://www.instagram.com/safe_invest_property/\\""]"
Cabinetmouyal Fr,http://www.cabinetmouyal.fr/,"[""concierge@larochegroupe.com""]","[""https://www.linkedin.com/company/larochegroupeparisproperties""]","[""https://www.facebook.com/larochegroupeparisproperties""]","[""http://instagram.com/larochegroupeparisproperties""]"
Safe Invest Property Vercel App,https://safe-invest-property.vercel.app/,,"[""https://www.linkedin.com/company/agence-des-enfants-rouges/""]","[""https://www.facebook.com/Agence-des-Enfants-Rouges-266745970114410""]","[""https://www.instagram.com/lagencelesenfantsrouges/""]"
Fabioborges Paris,https://www.fabioborges.paris/,,"[""https://www.linkedin.com/company/l""]","[""https://www.facebook.com/LAgencedeParis""]","[""https://instagram.com/lagencedeparis/""]"
Lagencedeparis,http://www.lagencedeparis.com/,"[""frederic.fauchon@casavo.com"",""barbara.facque-maupas@casavo.com"",""elio.kalyl@casavo.com"",""kassius.bondieu@casavo.com"",""lea.battaglia@casavo.com"",""perle.miny@casavo.com"",""ramon.villain@casavo.com"",""rosalie.hamon@casavo.com"",""sack.lectakone@casavo.com"",""sebastien.judas@casavo.com"",""stephanie.yeung@casavo.com"",""talal.bourgi@casavo.com"",""thibault.hoffman@casavo.com"",""victoria.berenguer@casavo.com"",""ziad.atallah@casavo.com"",""tech@proprioo.fr"",""u003etech@proprioo.fr""]","[""https://www.linkedin.com/in/fr%C3%A9d%C3%A9ric-fauchon-02ab1b59/"",""https://www.linkedin.com/company/casavo-group/""]","[""https://www.facebook.com/frederic.proprioo"",""https://www.facebook.com/CasavoFrance""]","[""https://www.instagram.com/frederic_proprioo/?hl=fr"",""https://www.instagram.com/casavo.fr""]"
Casavo,https://casavo.com/fr/nos-agents/135/frederic-fauchon/,"[""fichier-1@3x-8.png"",""fichier-1@3x-8-300x89.png"",""fichier-1@3x-8-1024x302.png"",""fichier-1@3x-8-768x227.png"",""fichier-1@3x-8-1536x453.png""]","[""https://www.linkedin.com/company/les-secrets-de-l""]","[""https://www.facebook.com/Lessecretsdelimmo1""]","[""https://www.instagram.com/les_secrets_de_limmo/""]"
Lessecretsdelimmo Fr,https://lessecretsdelimmo.fr/,"[""contact@agentmandataire.fr"",""sites-amf-300x123@2x.jpg"",""back-conciergerie-demenagement-300x53@2x.jpg"",""agent-mandataire-fr-300x300@2x.png""]",,"[""https://www.facebook.com/AgentMandataire"",""https://www.facebook.com/AgentMandataire/""]","[""https://www.instagram.com/agentmandataire.fr/""]"
Agentmandataire Fr,https://www.agentmandataire.fr/,"[""village.montorgueil@gmail.com""]",,,"[""https://www.instagram.com/villagemontorgueil/""]"
Village Montorgueil,http://www.village-montorgueil.com/,"[""notif.leads.ruedubac@danielfeau.com""]",,,
Danielfeau,https://danielfeau.com/fr/detail-agence-immobiliere/20863,"[""contact@vaneau.fr""]","[""https://www.linkedin.com/company/vaneau""]","[""https://www.facebook.com/Vaneau.Immobilier"",""https://www.facebook.com/Vaneau.Immobilier/""]","[""https://www.instagram.com/vaneaurealestate/?hl=fr"",""https://www.instagram.com/vaneaurealestate""]"
Apartofparis Fr,https://apartofparis.fr/,,"[""https://www.linkedin.com/company/monchasseurimmo/"",""https://www.linkedin.com/company/monchasseurimmo/mycompany/""]","[""https://www.facebook.com/MonChasseurImmo/""]","[""https://www.instagram.com/monchasseurimmo/""]"
Vaneau Fr,https://www.vaneau.fr/,,"[""https://www.linkedin.com/company/eurekaparisimmobilier/""]","[""https://www.facebook.com/Eur%C3%AAka-Paris-Exauceurs-de-v%C5%93ux-immobiliers-838274226288292/timeline/?ref=aymt_homepage_panel""]","[""https://www.instagram.com/eurekaparis/?hl=fr""]"
Reseau Brokers,https://www.reseau-brokers.com/,"[""notif.leads.stpaul@danielfeau.com""]",,,
Monchasseurimmo,https://www.monchasseurimmo.com/achat-immobilier/ile-de-france/paris/paris,"[""paris10bonnenouvelle@guyhoquet.com"",""informatique-et-libertes@guy-hoquet.com""]","[""https://www.linkedin.com/in/ari%C3%A9-hazan-370333198""]",,"[""https://www.instagram.com/guyhoquetparis10/?igshid=YmMyMTA2M2Y%3D""]"
Eureka Paris,http://www.eureka.paris/,"[""philippe.hubert@laplace-immobilier.fr""]",,"[""https://www.facebook.com/PhilippeHubertConseilImmobilier/""]","[""https://www.instagram.com/laplace_immobilier/""]"
Danielfeau,https://danielfeau.com/fr/detail-agence-immobiliere/3197,,,,
Paris 10 Bonne Nouvelle Guy Hoquet,https://paris-10-bonne-nouvelle.guy-hoquet.com/,,,"[""https://www.facebook.com/tr?id=354346477727166&amp;ev=PageView&amp;noscript=1""]",
Laplace Immobilier Fr,https://www.laplace-immobilier.fr/,"[""notif.leads.passy@danielfeau.com""]",,,
Vaneau Fr,http://www.vaneau.fr/,,,"[""https://www.facebook.com/Paris-Home-Immobilier-633396253764387/""]","[""https://www.instagram.com/parishomeimmobilier/?igshid=12u79d64u1ibx""]"
Breteuilhomes,https://breteuilhomes.com/,"[""donyphane.hadzic@hb-immobilier.com"",""kevin.bayon@hb-immobilier.com"",""valentin.filis@hb-immobilier.com"",""daniel.pereira@hb-immobilier.com"",""theo.lopes@hb-immobilier.com"",""marion.bognitscheff@hb-immobilier.com"",""theo.hausherr@hb-immobilier.com"",""tiphany.carre@hb-immobilier.com"",""valentin.benguigui@hb-immobilier.com"",""lohann.jouet@hb-immobilier.com"",""ines.ble@hb-immobilier.com"",""myra.kerbouche@hb-immobilier.com"",""contact@hb-immobilier.com"",""stambroise@hb-immobilier.com"",""republique@hb-immobilier.com""]",,,
Fabioborges Paris,https://www.fabioborges.paris/,,,,
Lagencedeparis,http://www.lagencedeparis.com/,,,,
Casavo,https://casavo.com/fr/nos-agents/135/frederic-fauchon/,,,,
Lessecretsdelimmo Fr,https://lessecretsdelimmo.fr/,,,,
Agentmandataire Fr,https://www.agentmandataire.fr/,,,,
Village Montorgueil,http://www.village-montorgueil.com/,,,,
Danielfeau,https://danielfeau.com/fr/detail-agence-immobiliere/20863,,,,
Apartofparis Fr,https://apartofparis.fr/,,,,
Vaneau Fr,https://www.vaneau.fr/,,,,
Reseau Brokers,https://www.reseau-brokers.com/,,,,
Monchasseurimmo,https://www.monchasseurimmo.com/achat-immobilier/ile-de-france/paris/paris,,,,
Eureka Paris,http://www.eureka.paris/,,,,
Engelvoelkers,https://www.engelvoelkers.com/,"[""180911_dre_livre-blanc-v@-bd.pdf""]","[""https://www.linkedin.com/company/diderot-real-estate/""]",,
Diderot Realestate Fr,https://www.diderot-realestate.fr/,,,"[""https://www.facebook.com/tr?id=475318119881952&ev=PageView&noscript=1&cd%5Bpage_title%5D=Accueil&cd%5Bpost_type%5D=page&cd%5Bpost_id%5D=143&cd%5Bplugin%5D=PixelYourSite&cd%5Buser_role%5D=guest&cd%5Bevent_url%5D=horizon-de-paris.fr%2F""]",
Horizon De Paris Fr,https://horizon-de-paris.fr/,"[""notif.leads.turenne@danielfeau.com""]",,,
Ruemadame Paris,http://www.ruemadame-paris.com/,"[""bretagne@agencedesenfantsrouges.com""]","[""https://www.linkedin.com/company/agence-des-enfants-rouges/""]","[""https://www.facebook.com/Agence-des-Enfants-Rouges-266745970114410""]","[""https://www.instagram.com/lagencelesenfantsrouges/""]"
Danielfeau,https://danielfeau.com/fr/detail-agence-immobiliere/22089,,"[""https://www.linkedin.com/company/paris-housing-services""]","[""https://www.facebook.com/parishousing""]","[""https://www.instagram.com/paris_housing""]"
Agencedesenfantsrouges,https://www.agencedesenfantsrouges.com/lagence/le-marais/?utm_source=google&utm_medium=organic&utm_campaign=gbp-listing&utm_content=paris3-marais,,,,
Laforet,https://www.laforet.com/agence-immobiliere/paris4-marais?utm_source=google&utm_medium=mybusiness,"[""user@domain.com""]","[""https://www.linkedin.com/company/milieuxproperty/""]","[""http://www.facebook.com/2008/fbml"",""https://www.facebook.com/milieuxproperty/"",""https://www.facebook.com/groups/177425821943933/""]","[""https://www.instagram.com/milieuxproperty/""]"
Paris Housing,https://www.paris-housing.com/,"[""contact@agenceathome.com""]",,,
Iadfrance Fr/Conseiller Immobilier/Sophie Bovy,https://www.iadfrance.fr/conseiller-immobilier/sophie.bovy,"[""contact.mcp.paris@gmail.com""]","[""https://www.linkedin.com/company/5092443""]","[""https://www.facebook.com/tr?id=777145826326578&ev=PageView&noscript=1"",""https://www.facebook.com/ladresseimmobilier/""]",
Agencedesenfantsrouges,https://www.agencedesenfantsrouges.com/lagence/#bretagne?utm_source=gmb&utm_medium=organic&utm_campaign=paris3_bretagne,"[""cabinet@immovictoires.com""]","[""https://www.linkedin.com/#""]","[""https://www.facebook.com/#""]","[""https://www.instagram.com/#""]"
Milieuxproperty,http://milieuxproperty.com/,"[""nborge@valeurimmoparis.com""]","[""https://www.linkedin.com/in/immobilier-paris"",""https://www.linkedin.com/company/valeur-immo-paris/"",""https://www.linkedin.com/in/immobilier-paris/""]","[""https://www.facebook.com/valeurimmoparis/""]","[""https://www.instagram.com/valeurimmoparis/"",""https://instagram.com/valeurimmoparis""]"
Realestateworld Fr,https://www.realestateworld.fr/,"[""contact@agenceclaret.com""]","[""https://www.linkedin.com/company/agenceclaret/""]","[""https://www.facebook.com/agenceclaret?_rdr""]","[""https://www.instagram.com/agenceclaret/""]"
Engelvoelkers,https://www.engelvoelkers.com/,"[""vosges@agencedesenfantsrouges.com"",""oberkampf@agencedesenfantsrouges.com"",""saintmartin@agencedesenfantsrouges.com"",""cherchemidi@agencedesenfantsrouges.com"",""canal@agencedesenfantsrouges.com""]",,,
Diderot Realestate Fr,https://www.diderot-realestate.fr/,,,,
Horizon De Paris Fr,https://horizon-de-paris.fr/,,,,
Ruemadame Paris,http://www.ruemadame-paris.com/,,,,
Danielfeau,https://danielfeau.com/fr/detail-agence-immobiliere/22089,,,,
Agencedesenfantsrouges,https://www.agencedesenfantsrouges.com/lagence/le-marais/?utm_source=google&utm_medium=organic&utm_campaign=gbp-listing&utm_content=paris3-marais,,,,
Laforet,https://www.laforet.com/agence-immobiliere/paris4-marais?utm_source=google&utm_medium=mybusiness,,,,
Paris Housing,https://www.paris-housing.com/,,,,
Iadfrance Fr/Conseiller Immobilier/Sophie Bovy,https://www.iadfrance.fr/conseiller-immobilier/sophie.bovy,,,,
Agencedesenfantsrouges,https://www.agencedesenfantsrouges.com/lagence/#bretagne?utm_source=gmb&utm_medium=organic&utm_campaign=paris3_bretagne,,,,
Milieuxproperty,http://milieuxproperty.com/,,,,
Realestateworld Fr,https://www.realestateworld.fr/,,,,
Laforet,https://www.laforet.com/agence-immobiliere/paris5-monge?utm_source=google&utm_medium=mybusiness,,,,
Agenceathome,https://www.agenceathome.com/fr/,,,,"[""https://www.instagram.com/reel/DbtM0WED0Bi/"",""https://www.instagram.com/p/DboIzLyFmdP/"",""https://www.instagram.com/p/DbbJPgTFiLR/"",""https://www.instagram.com/p/DbWB7ktnAKW/"",""https://www.instagram.com/p/DbJLE2kF8p4/"",""https://www.instagram.com/p/DbEGKDJl-xn/"",""https://www.instagram.com/p/DbB90PMCCnJ/"",""https://www.instagram.com/p/Da80NffCSsE/"",""https://www.instagram.com/p/Da3qo8dCIJd/"",""https://www.instagram.com/p/Da3J0JCHKNM/"",""https://www.instagram.com/p/DayhDYYCMgk/"",""https://www.instagram.com/p/Daw7oXmnLNB/"",""https://www.instagram.com/p/DatXdEACJPM/"",""https://www.instagram.com/p/DaoN3mFiIzR/"",""https://www.instagram.com/reel/DalI6XHk4Z5/"",""https://www.instagram.com/p/DajERK5jQ_B/"",""https://www.instagram.com/p/DagA3mOHNAf/"",""https://www.instagram.com/p/Dad6sVAiKwT/"",""https://www.instagram.com/p/DaYxF2nj7z5/"",""https://www.instagram.com/p/DaTngVFiBLf/""]"
Ladresse,https://www.ladresse.com/agence/l-adresse-de-prestige-paris-7-rue-cler/383?utm_source=gmb,,,,
Theplacetobefrance Fr,https://theplacetobefrance.fr/,,,,
Dsrealestate Fr/Fr,https://www.dsrealestate.fr/fr/,,,,
Agencedesenfantsrouges,https://www.agencedesenfantsrouges.com/lagence/saint-martin/?utm_source=google&utm_medium=organic&utm_campaign=gbp-listing&utm_content=paris10,"[""saintmartin@agencedesenfantsrouges.com""]","[""https://www.linkedin.com/company/agence-des-enfants-rouges/""]","[""https://www.facebook.com/Agence-des-Enfants-Rouges-266745970114410""]","[""https://www.instagram.com/lagencelesenfantsrouges/""]"
Paris 5 Maubert Guy Hoquet,https://paris-5-maubert.guy-hoquet.com/,"[""paris5maubert@guyhoquet.com"",""informatique-et-libertes@guy-hoquet.com""]","[""https://www.linkedin.com/in/alexandra-roussel-aa957760/""]","[""https://www.facebook.com/guyhoquetparis5maubert/?ref=bookmarks""]","[""https://www.instagram.com/paris5maubert/""]"
Guestapartment,https://www.guestapartment.com/,,,"[""https://www.facebook.com/GuestApartmentServicesParis"",""https://www.facebook.com/GuestApartmentServicesParis/reviews/""]",
Carolinechateau,https://www.carolinechateau.com/,"[""arthur@carolinechateau.com"",""bienvenue@carolinechateau.com"",""my-icon@2x.png"",""my-icon-shadow@2x.png""]","[""https://www.linkedin.com/in/carolinechateau/""]","[""https://www.facebook.com/caroline.cce/"",""https://www.facebook.com/business/gdpr"",""https://www.facebook.com/tr?id=""]","[""https://www.instagram.com/caroline_chateau/""]"
Fredelion,https://www.fredelion.com/agences/paris-10-saint-martin/,"[""contact@imop.fr""]","[""https://www.linkedin.com/company/imop-immobilier"",""https://www.linkedin.com/company/imop-immobilier/\\"",""https://www.linkedin.com/in/damien-david-5b1a02b5/\\"",""https://www.linkedin.com/in/laurent-sabouret-4baa24/\\"",""https://www.linkedin.com/company/imop-immobilier/\\\\\\"",""https://www.linkedin.com/in/damien-david-5b1a02b5/\\\\\\"",""https://www.linkedin.com/in/laurent-sabouret-4baa24/\\\\\\"",""https://www.linkedin.com/company/imop-immobilier\\""]","[""https://www.facebook.com/imop.fr"",""https://www.facebook.com/profile.php?id=100085872612009\\"",""https://www.facebook.com/profile.php?id=100085872612009\\\\\\"",""https://www.facebook.com/imop.fr\\""]","[""https://www.instagram.com/imop_fr/"",""https://www.instagram.com/imop_fr/\\""]"
Imop Fr,https://www.imop.fr/,,"[""https://www.linkedin.com/company/côté-acheteur-chasseur-immobilier""]",,"[""https://www.instagram.com/coteacheteur2001/""]"
Coteacheteur,https://www.coteacheteur.com/fr/chasseur-immobilier-PARIS.html?utm_source=googlemybusiness&utm_medium=googlemap&utm_campaign=paris,,"[""https://www.linkedin.com/company/propri%C3%A9t%C3%A9s-parisiennes-sotheby""]","[""https://www.facebook.com/proprietesparisiennessothebysir/""]","[""https://www.instagram.com/accounts/login/?next=/proprietesparisiennessir/""]"
Proprietesparisiennes Sothebysrealty,https://www.proprietesparisiennes-sothebysrealty.com/?utm_source=google&utm_medium=organic&utm_campaign=GMB,,,,
Parisestateservices Fr,http://www.parisestateservices.fr/,"[""champdemars@fredelion.com"",""sentiermontorgueil@fredelion.com"",""haut-marais@fredelion.com"",""europe@fredelion.com"",""canal@fredelion.com"",""saint-martin@fredelion.com"",""louisblanc@fredelion.com"",""oberkampf@fredelion.com"",""voltaire@fredelion.com"",""aligre@fredelion.com"",""y.picat@fredelion.com"",""butteauxcailles@fredelion.com"",""alesia@fredelion.com"",""didot-plaisance@fredelion.com"",""convention@fredelion.com"",""saint-charles@fredelion.com"",""sevres.lecourbe@fredelion.com"",""auteuil@fredelion.com"",""ternes@fredelion.com"",""villiers@fredelion.com"",""montmartre@fredelion.com"",""butteschaumont@fredelion.com"",""gambetta@fredelion.com"",""boulogne@fredelion.com"",""neuilly@fredelion.com"",""levallois@fredelion.com""]","[""https://www.linkedin.com/company/fredelionimmobilier/""]","[""https://www.facebook.com/Fredelionimmobilier""]","[""https://www.instagram.com/fredelionimmobilier/""]"
Paris Seine Immobilier,http://www.paris-seine-immobilier.com/,"[""agence@paris.immo""]",,,
Sixiemeavenue,https://www.sixiemeavenue.com/agences/paris4/,"[""reservations@parisperfect.com""]",,"[""https://www.facebook.com/parisperfect"",""https://www.facebook.com/tr?id=1667789453548728&ev=PageView&noscript=1""]","[""https://www.instagram.com/parisperfectrentals/"",""https://instagram.com/parisperfectrentals""]"
Patrimoine Immo,https://patrimoine-immo.com/,"[""contact@ulys.immo""]",,"[""https://www.facebook.com/tr?id=3173000892764809&ev=PageView&noscript=1"",""https://www.facebook.com/ULYS.immo/""]","[""https://www.instagram.com/ulys.immo/""]"
Fredelion,http://www.fredelion.com/,"[""mathieu.velluet@expertimo.com""]","[""https://www.linkedin.com/in/mathieuvelluet/""]",,"[""https://www.instagram.com/mathieuvelluetimmobilier/""]"
Laforet,https://www.laforet.com/agence-immobiliere/paris1?utm_source=google&utm_medium=mybusiness,"[""ruben@parisfudosangestion.com""]","[""https://www.linkedin.com/in/ruben-tapiero-a1335882/""]",,
Dsrealestate Fr/Fr,https://www.dsrealestate.fr/fr/,"[""bretagne@agencedesenfantsrouges.com"",""vosges@agencedesenfantsrouges.com"",""oberkampf@agencedesenfantsrouges.com"",""cherchemidi@agencedesenfantsrouges.com"",""canal@agencedesenfantsrouges.com""]",,,
Agencedesenfantsrouges,https://www.agencedesenfantsrouges.com/lagence/saint-martin/?utm_source=google&utm_medium=organic&utm_campaign=gbp-listing&utm_content=paris10,,,,
Paris 5 Maubert Guy Hoquet,https://paris-5-maubert.guy-hoquet.com/,,,,
Guestapartment,https://www.guestapartment.com/,,,,
Carolinechateau,https://www.carolinechateau.com/,,,,
Fredelion,https://www.fredelion.com/agences/paris-10-saint-martin/,,,,
Imop Fr,https://www.imop.fr/,,,,
Coteacheteur,https://www.coteacheteur.com/fr/chasseur-immobilier-PARIS.html?utm_source=googlemybusiness&utm_medium=googlemap&utm_campaign=paris,,,,
Proprietesparisiennes Sothebysrealty,https://www.proprietesparisiennes-sothebysrealty.com/?utm_source=google&utm_medium=organic&utm_campaign=GMB,,,,
Parisestateservices Fr,http://www.parisestateservices.fr/,,,,
Paris Seine Immobilier,http://www.paris-seine-immobilier.com/,,,,
Sixiemeavenue,https://www.sixiemeavenue.com/agences/paris4/,,,,
Patrimoine Immo,https://patrimoine-immo.com/,,,,
Fredelion,http://www.fredelion.com/,,,,
Laforet,https://www.laforet.com/agence-immobiliere/paris1?utm_source=google&utm_medium=mybusiness,,,,
Mon Expfrance Fr/Christophelejeune,https://mon.expfrance.fr/christophelejeune,"[""christophe.lejeune@expfrance.fr""]","[""https://www.linkedin.com/in/lejeunechristophe/\\"",""https://www.linkedin.com/in/lejeunechristophe/""]","[""https://www.facebook.com/christophe.lejeune.immobilier\\"",""https://www.facebook.com/christophe.lejeune.immobilier""]","[""https://www.instagram.com/christophe_lejeune_immobilier/\\"",""https://www.instagram.com/christophe_lejeune_immobilier/""]"
Laforet,https://www.laforet.com/agence-immobiliere/paris3-marais?utm_source=google&utm_medium=mybusiness,"[""contact@french-estate.fr""]","[""https://www.linkedin.com/company/french-estate/""]",,"[""https://www.instagram.com/_french_estate_/""]"
Laforet,https://www.laforet.com/agence-immobiliere/paris2?utm_source=google&utm_medium=mybusiness,,"[""https://www.linkedin.com/company/district-immobilier/""]","[""https://www.facebook.com/sharer.php?u=https://www.district-immo.com/biens/appartement-78m2-paris-16eme-2/&amp;t=Appartement+%26%238211%3B+78m%C2%B2+%26%238211%3B+Paris+16%C3%A8me"",""https://www.facebook.com/sharer.php?u=https://www.district-immo.com/biens/appartement-93m2-paris-4eme-2/&amp;t=Appartement+%26%238211%3B+93m%C2%B2+%26%238211%3B+Paris+4%C3%A8me"",""https://www.facebook.com/sharer.php?u=https://www.district-immo.com/biens/appartement-83m2-paris-4eme/&amp;t=Appartement+%26%238211%3B+83m%C2%B2+%26%238211%3B+Paris+4%C3%A8me"",""https://www.facebook.com/sharer.php?u=https://www.district-immo.com/biens/appartement-138m2-paris-11eme/&amp;t=Appartement+%26%238211%3B+138m%C2%B2+%26%238211%3B+Paris+11%C3%A8me"",""https://www.facebook.com/sharer.php?u=https://www.district-immo.com/biens/appartement-242m2-paris-8eme-2/&amp;t=Appartement+%26%238211%3B+242m%C2%B2+%26%238211%3B+Paris+8%C3%A8me"",""https://www.facebook.com/sharer.php?u=https://www.district-immo.com/biens/appartement-46m2-paris-4eme-3/&amp;t=Appartement+%26%238211%3B+46m%C2%B2+%26%238211%3B+Paris+4%C3%A8me"",""https://www.facebook.com/sharer.php?u=https://www.district-immo.com/biens/appartement-27m2-paris-15eme-2/&amp;t=Appartement+%26%238211%3B+27m%C2%B2+%26%238211%3B+Paris+15%C3%A8me"",""https://www.facebook.com/sharer.php?u=https://www.district-immo.com/biens/appartement-92m2-paris-7eme/&amp;t=Appartement+%26%238211%3B+92m%C2%B2+%26%238211%3B+Paris+7%C3%A8me"",""https://www.facebook.com/sharer.php?u=https://www.district-immo.com/biens/appartement-40m2-paris-5eme/&amp;t=Appartement+%26%238211%3B+40m%C2%B2+%26%238211%3B+Paris+5%C3%A8me"",""https://www.facebook.com/sharer.php?u=https://www.district-immo.com/biens/appartement-85m2-paris-16eme-4/&amp;t=Appartement+%26%238211%3B+85m%C2%B2+%26%238211%3B+Paris+16%C3%A8me"",""https://www.facebook.com/sharer.php?u=https://www.district-immo.com/biens/appartement-28m2-paris-17eme/&amp;t=Appartement+%26%238211%3B+28m%C2%B2+%26%238211%3B+Paris+17%C3%A8me"",""https://www.facebook.com/sharer.php?u=https://www.district-immo.com/biens/appartement-36m2-paris-4eme-3/&amp;t=Appartement+%26%238211%3B+36m%C2%B2+%26%238211%3B+Paris+4%C3%A8me"",""https://www.facebook.com/Districtimmo""]","[""https://www.instagram.com/district_immobilier/""]"
Laforet,https://www.laforet.com/agence-immobiliere/paris6?utm_source=google&utm_medium=mybusiness,"[""paul.aubourg@size-re.fr"",""matthieu.robert@size-re.fr"",""benjamin.bonfils@size-re.fr"",""edouard.feuillet@size-re.fr"",""nicolas.pilliard@size-re.fr"",""contact@size-re.fr""]","[""https://www.linkedin.com/in/paul-aubourg-932431140"",""https://www.linkedin.com/in/matthieu-robert-1665268b"",""https://www.linkedin.com/in/benjamin-bonfils-a64ba09a"",""https://www.linkedin.com/in/edouard-f-733095b9/"",""https://www.linkedin.com/in/nicolaspilliard/"",""https://www.linkedin.com/company/size-re/?originalSubdomain=fr""]",,
French Estate Fr,http://french-estate.fr/,"[""sammy@getremy.ai"",""support@getremy.ai""]",,"[""https://www.facebook.com/tr?id=782042448252448&amp;ev=PageView&amp;noscript=1"",""https://www.facebook.com/getremyai/""]","[""https://www.instagram.com/getremyai/""]"
District Immo,https://www.district-immo.com/?utm_source=gmb&utm_medium=annonces,,,"[""https://www.facebook.com/vingt.paris"",""https://www.facebook.com/VINGTParisProperty/""]","[""http://instagram.com/vingtparis/""]"
Size Re Fr,https://www.size-re.fr/,,,,
Nomadhomes Fr/Beta?Utm_Medium=Google_My_Business&Utm_Source=Marketing,https://www.nomadhomes.fr/beta?utm_medium=google_my_business&utm_source=marketing,,"[""https://www.linkedin.com/company/realty-de-tilly-new-york/""]","[""https://www.facebook.com/De-Tilly-Real-Estate-New-York-577563025962757/""]","[""https://www.instagram.com/detillyparis/""]"
Vingtparis,https://www.vingtparis.com/,"[""mail@parisattitude.com""]","[""https://www.linkedin.com/company/paris-attitude/mycompany/""]","[""https://www.facebook.com/ParisAttitudeFrance""]","[""https://www.instagram.com/paris_attitude/""]"
Parisluxeproperties Fr,http://www.parisluxeproperties.fr/,,"[""https://www.linkedin.com/company/propri%C3%A9t%C3%A9s-parisiennes-sotheby""]","[""https://www.facebook.com/proprietesparisiennessothebysir/""]","[""https://www.instagram.com/accounts/login/?next=/proprietesparisiennessir/""]"
Lamaisonimmo Fr,http://www.lamaisonimmo.fr/,,,"[""https://www.facebook.com/ParisOuestSothebysInternationalRealty/""]","[""https://www.instagram.com/parismaraissothebys/""]"
Agencerealestateimmo,http://www.agencerealestateimmo.com/,"[""contact@parisrental.fr""]","[""https://www.linkedin.com/company/de-circourt-associates""]","[""https://www.facebook.com/tr?id=920603354803789&ev=PageView&noscript=1"",""https://www.facebook.com/PARIS-RENTAL-245973965441946/""]","[""https://www.instagram.com/paris_rental""]"
Detillyparis,https://www.detillyparis.com/,"[""marais@junot.fr"",""rgpd@junot.fr""]","[""https://www.linkedin.com/company/maison-junot/""]","[""https://www.facebook.com/maisonJunot""]","[""https://www.instagram.com/maisonjunot/""]"
Parisattitude,https://www.parisattitude.com/,,,,
Engelvoelkers,https://www.engelvoelkers.com/fr/fr/shops/paris,"[""contact@engelvoelkers.com"",""paris.leads@engelvoelkers.com"",""belgium@engelvoelkers.com"",""schweiz@engelvoelkers.com"",""andorra.dpd@engelvoelkers.com"",""paris@engelvoelkers.com""]","[""http://www.linkedin.com/company/engel-&-volkers-paris"",""http://www.linkedin.com/company/engel-&amp;-volkers-paris"",""https://www.linkedin.com/company/engel-&amp;-volkers-paris/?viewAsMember=true"",""https://www.linkedin.com/company/engel-\\u0026-volkers-paris/?viewAsMember=true"",""http://www.linkedin.com/company/engel-\\u0026-volkers-paris""]","[""https://www.facebook.com/engelvoelkers.global"",""https://www.facebook.com/engelvolkersparis"",""https://www.facebook.com/engelvolkerscotedazur""]","[""https://www.instagram.com/engelvoelkers.global"",""http://www.instagram.com/engelvoelkers.france"",""https://www.instagram.com/engelvoelkers.france"",""https://www.instagram.com/engelvoelkers.france/"",""https://www.instagram.com/gg_magazine/?hl=en""]"
Agentsurmesure Fr/?Utm_Source=Gmb,https://www.agentsurmesure.fr/?utm_source=gmb,"[""contact@agentsurmesure.fr""]",,"[""https://www.facebook.com/Agentsurmesure/"",""https://www.facebook.com/tr?id=1294799914584369&ev=PageView&noscript=1&cd%5Bpage_title%5D=Accueil&cd%5Bpost_type%5D=page&cd%5Bpost_id%5D=10&cd%5Bplugin%5D=PixelYourSite&cd%5Buser_role%5D=guest&cd%5Bevent_url%5D=www.agentsurmesure.fr%2F""]","[""https://www.instagram.com/agentsurmesure.fr/""]"
Vie Immobiliere Fr,https://www.vie-immobiliere.fr/,,"[""https://www.linkedin.com/company/propri%C3%A9t%C3%A9s-parisiennes-sotheby""]","[""https://www.facebook.com/proprietesparisiennessothebysir/""]","[""https://www.instagram.com/accounts/login/?next=/proprietesparisiennessir/""]"
Proprietesparisiennes Sothebysrealty,https://www.proprietesparisiennes-sothebysrealty.com/fr/?utm_source=google&utm_medium=organic&utm_campaign=GMB,,"[""https://www.linkedin.com/company/hosman/""]","[""https://www.facebook.com/Hosman-359027117910225/""]","[""https://www.instagram.com/hosman.co/""]"
Hosman Co,https://www.hosman.co/,"[""contact@delachaiseimmo.fr""]",,,
Delachaiseimmobilier Fr,http://www.delachaiseimmobilier.fr/,"[""contact@parisbuyer.com""]",,,"[""https://www.instagram.com/parisperfectbuyers/""]"
Parisbuyer,https://www.parisbuyer.com/,,"[""https://www.linkedin.com/company/luxury-properties-the-french-luxury-real-estate-society/""]","[""https://www.facebook.com/MaisonLuxuryProperties/"",""https://www.facebook.com/MaisonLuxuryProperties""]","[""https://www.instagram.com/luxuryproperties_france/""]"
Vendome Estate,http://www.vendome-estate.com/,"[""benoit.foucher@expertimo.com""]",,,
Luxuryproperties Fr,https://luxuryproperties.fr/,"[""privateoffice@junot.fr"",""rgpd@junot.fr""]","[""https://www.linkedin.com/company/maison-junot/""]","[""https://www.facebook.com/maisonJunot""]","[""https://www.instagram.com/maisonjunot/""]"
Reseau Expertimo Fr/1857 Mandataire/1,https://www.reseau-expertimo.fr/1857-mandataire/1,,,"[""https://www.facebook.com/56ParisRealEstate/""]","[""https://www.instagram.com/56parisrealestate/""]"
Junot Fr/Fr/Agences/Junot Private Office 6 Eme Arrondissement Rue Tournon Paris?Utm_Source=Google&Utm_Medium=Organic&Utm_Campaign=Local&Utm_Content=Junot Private Office Rue Tournon Paris 6E,https://www.junot.fr/fr/agences/junot-private-office-6-eme-arrondissement-rue-tournon-paris?utm_source=google&utm_medium=organic&utm_campaign=local&utm_content=junot-private-office-rue-tournon-paris-6e,,,,
56Paris,https://www.56paris.com/,,"[""https://www.linkedin.com/company/realty-z/""]","[""https://www.facebook.com/agencerealtyz/""]","[""https://www.instagram.com/realtyz.paris/""]"
Engelvoelkers,https://www.engelvoelkers.com/fr/fr/shops/paris-le-marais,,,,
Realtyz Fr,http://www.realtyz.fr/,,"[""https://www.linkedin.com/showcase/mr-agency-real-estate/?viewasmember=true""]","[""https://www.facebook.com/mragencyrealestate""]","[""https://www.instagram.com/mragencyrealestate"",""https://www.instagram.com/mragencyrealestate/""]"
Haussmannprestige,http://www.haussmannprestige.com/,"[""contact@maelysimmobilier.com""]",,"[""https://www.facebook.com/maelysrealestate/""]",
Mragencyrealestate,https://www.mragencyrealestate.com/,"[""bonjour@fairwayluxuryrealestate.com""]","[""https://www.linkedin.com/company/fairway-luxury-real-estate/""]","[""https://www.facebook.com/people/Fairway-Luxury-Real-Estate/100043606017250/""]","[""https://www.instagram.com/fairwayluxuryrealestate/""]"
Maelysimmobilier,http://www.maelysimmobilier.com/,,"[""https://www.linkedin.com/in/davidprazowski/?originalSubdomain=fr""]","[""https://www.facebook.com/DavidPrazowski.ParisVendomeLuxury""]","[""https://www.instagram.com/davidprazowski/?hl=fr"",""https://www.instagram.com/davidprazowski/""]"
Engelvoelkers,https://www.engelvoelkers.com/fr/fr/shops/paris,,,,
Agentsurmesure Fr/?Utm_Source=Gmb,https://www.agentsurmesure.fr/?utm_source=gmb,,,,
Vie Immobiliere Fr,https://www.vie-immobiliere.fr/,,,"[""https://www.facebook.com/tr?id=1294799914584369&ev=PageView&noscript=1&cd%5Bpage_title%5D=Contact&cd%5Bpost_type%5D=page&cd%5Bpost_id%5D=967&cd%5Bplugin%5D=PixelYourSite&cd%5Buser_role%5D=guest&cd%5Bevent_url%5D=www.agentsurmesure.fr%2Fcontact%2F""]",
Proprietesparisiennes Sothebysrealty,https://www.proprietesparisiennes-sothebysrealty.com/fr/?utm_source=google&utm_medium=organic&utm_campaign=GMB,,,,
Hosman Co,https://www.hosman.co/,,,,
Delachaiseimmobilier Fr,http://www.delachaiseimmobilier.fr/,,,,
Parisbuyer,https://www.parisbuyer.com/,,,,
Vendome Estate,http://www.vendome-estate.com/,"[""contact@luxuryproperties.fr""]",,,
Luxuryproperties Fr,https://luxuryproperties.fr/,,,,
Reseau Expertimo Fr/1857 Mandataire/1,https://www.reseau-expertimo.fr/1857-mandataire/1,,,,
Junot Fr/Fr/Agences/Junot Private Office 6 Eme Arrondissement Rue Tournon Paris?Utm_Source=Google&Utm_Medium=Organic&Utm_Campaign=Local&Utm_Content=Junot Private Office Rue Tournon Paris 6E,https://www.junot.fr/fr/agences/junot-private-office-6-eme-arrondissement-rue-tournon-paris?utm_source=google&utm_medium=organic&utm_campaign=local&utm_content=junot-private-office-rue-tournon-paris-6e,,,,
56Paris,https://www.56paris.com/,,,,
Engelvoelkers,https://www.engelvoelkers.com/fr/fr/shops/paris-le-marais,,,,
Realtyz Fr,http://www.realtyz.fr/,,,,
Haussmannprestige,http://www.haussmannprestige.com/,"[""contact@mragencyrealestate.com""]",,,
Mragencyrealestate,https://www.mragencyrealestate.com/,,,,
Maelysimmobilier,http://www.maelysimmobilier.com/,,,,
Laforet,https://www.laforet.com/agence-immobiliere/paris10saintmartin?utm_source=google&utm_medium=mybusiness,"[""contact@yannrogue.com""]","[""https://www.linkedin.com/company/98681252/admin/feed/posts/""]","[""https://www.facebook.com/profile.php?id=61551125992818&locale=fr_FR""]","[""https://www.instagram.com/yannrogue_realty/""]"
A1Realestate Paris,https://www.a1realestate.paris/,"[""user@domain.com"",""sylvain@talvans.com""]","[""https://www.linkedin.com/company/talvans-international-real-estate""]","[""http://www.facebook.com/2008/fbml"",""https://www.facebook.com/realestatesylvaintalvan/""]","[""https://www.instagram.com/talvans_real_estate/""]"
Yannrogue,https://www.yannrogue.com/,"[""john@antoninisf.com""]","[""https://www.linkedin.com/in/antoninisf/""]",,"[""https://www.instagram.com/antoninisf/""]"
Metrorealty Fr,https://www.metrorealty.fr/,,"[""https://www.linkedin.com/in/justina-colunga-6b0201101/""]",,"[""https://www.instagram.com/sfdreamhomes""]"
Talvans,https://www.talvans.com/,,"[""https://www.linkedin.com/in/mingchi-huang-641469356/"",""https://www.linkedin.com/in/mingchi-huang-641469356/\\""]","[""https://www.facebook.com/p/Realtor-Huang-61575757748697/"",""https://www.facebook.com/p/Realtor-Huang-61575757748697/\\""]","[""https://www.instagram.com/realtorhuang/"",""https://www.instagram.com/realtorhuang/\\""]"
Antoninisf,http://www.antoninisf.com/contact/,"[""michaellee@zephyrsf.com""]",,"[""https://www.facebook.com/compass/""]","[""https://www.instagram.com/compass/""]"
Justinacolunga Co,http://justinacolunga.co/,"[""dan@danslaughtersf.com""]","[""https://www.linkedin.com/in/danslaughter1/""]","[""https://www.facebook.com/danslaughtersf""]","[""https://www.instagram.com/danslaughterrealestate/"",""https://www.instagram.com/p/CePYov0v1ey/"",""https://www.instagram.com/p/CeM2o6UvU4j/"",""https://www.instagram.com/p/CeJgTKLlzjP/"",""https://www.instagram.com/p/CeG4TecrGcE/"",""https://www.instagram.com/p/CeFTZvJFVWF/"",""https://www.instagram.com/p/CeC4qYwLs5B/"",""https://www.instagram.com/p/CeAG1aBpfoq/"",""https://www.instagram.com/p/Cd9l_DnrCDq/"",""https://www.instagram.com/p/Cd7E6LlOTcN/""]"
Mikeyrazabal,http://www.mikeyrazabal.com/,,"[""https://www.linkedin.com/in/jennifer-holderness-b26626158/""]",,"[""https://www.instagram.com/holdernesshomes/""]"
Baypropertygroup,http://www.baypropertygroup.com/,"[""mejiagroup@vanguardsf.com""]","[""https://www.linkedin.com/in/adelaidamejiasf/""]","[""https://www.facebook.com/houseOurHouseSF""]","[""https://www.instagram.com/adelaidamejiasf/""]"
Huangregroup,http://www.huangregroup.com/,"[""rhea@rentalsinc.com"",""jane@example.com""]",,,"[""https://instagram.com/dave_chesnosky"",""https://instagram.com/dave_chesnosky\\""]"
Mikeleerealestate,http://mikeleerealestate.com/,,"[""https://www.linkedin.com/in/joshua-lawrence-a435ab7/""]","[""https://www.facebook.com/Joshua-Lawrence-Real-Estate-827661437331930/""]",
Laforet,https://www.laforet.com/agence-immobiliere/paris10saintmartin?utm_source=google&utm_medium=mybusiness,,,,
A1Realestate Paris,https://www.a1realestate.paris/,"[""daniel@danielfoley.com"",""matt@healysf.com"",""%20matt@healysf.com"",""adam@adampickuscre.com"",""lena.kwang@compass.com""]","[""https://www.linkedin.com/in/john-antonini-5007513/"",""https://www.linkedin.com/in/danielfoley90/"",""https://www.linkedin.com/in/matthewhealy2""]",,
Yannrogue,https://www.yannrogue.com/,,,,
Metrorealty Fr,https://www.metrorealty.fr/,,,,
Talvans,https://www.talvans.com/,,,,
Antoninisf,http://www.antoninisf.com/contact/,,,,
Justinacolunga Co,http://justinacolunga.co/,,,,
Mikeyrazabal,http://www.mikeyrazabal.com/,,,,
Baypropertygroup,http://www.baypropertygroup.com/,,,,
Huangregroup,http://www.huangregroup.com/,,,,
Mikeleerealestate,http://mikeleerealestate.com/,,,,
Acrelandbuyers,https://acrelandbuyers.com/sell-my-land-fast-for-cash-san-francisco-california/,,,,
,https://www.compass.com/agents/marianne-schier/,,,,
Dereklangfield Exprealty,https://dereklangfield.exprealty.com/,,,,
Danslaughtersf,https://danslaughtersf.com/,,,,
,https://www.compass.com/agents/frans-ryssemus,,,,
Bornstein Law,http://www.bornstein.law/,"[""gabriella.fracchia@compass.com""]","[""https://www.linkedin.com/in/gabriella-fracchia-4535106/""]","[""https://www.facebook.com/GabriellaFracchia""]",
Gabriellafracchia,http://www.gabriellafracchia.com/,,"[""https://www.linkedin.com/in/ceily-landman-real-estate/""]","[""https://www.facebook.com/ceilyRE""]","[""https://www.instagram.com/ceily_sf_re/""]"
Garcia Diaz,https://www.garcia-diaz.com/,"[""support@agentfire.com""]",,"[""https://www.facebook.com/Core7RealEstate""]",
Ceily,https://www.ceily.com/,,"[""https://www.linkedin.com/in/alanmorcos""]","[""https://www.facebook.com/alanmorcosrealestate""]","[""https://www.instagram.com/alanmorcosrealestate/"",""https://www.instagram.com/alanmorcos""]"
Core7Realestate,http://www.core7realestate.com/,"[""integrations-styles.js@0.2.dbeabgos.mjs""]","[""https://www.linkedin.com/company/radiusagent""]","[""https://www.facebook.com/radiusagent/""]","[""https://www.instagram.com/radius_agent/""]"
Alanmorcos,https://www.alanmorcos.com/,,"[""https://www.linkedin.com/company/vanguard-properties/""]","[""https://www.facebook.com/vanguardsf""]","[""https://www.instagram.com/vanguardproperties/"",""https://www.instagram.com/{{username}}""]"
Radiusagent,http://www.radiusagent.com/,,,"[""https://www.facebook.com/anchorealtyinc""]","[""https://www.instagram.com/anchorealtyinc/""]"
Vanguardproperties,https://vanguardproperties.com/,"[""info@joshvrealty.com"",""john@doe.com""]","[""https://www.linkedin.com/in/joshua-vigo-fas-70672448"",""https://www.linkedin.com/company/josh-v-realty/""]","[""https://www.facebook.com/joshvrealty""]","[""https://www.instagram.com/joshvrealty/""]"
,https://www.compass.com/agents/guy-hardi/,,"[""https://www.linkedin.com/in/christopher-rael/""]","[""https://www.facebook.com/TheRaelGroup""]","[""https://www.instagram.com/chris_rael_estate_/"",""https://www.instagram.com/chris_rael_real_estate/""]"
Anchorealtyinc,http://www.anchorealtyinc.com/,"[""tim.carrico@cbnorcal.com""]","[""https://www.linkedin.com/company/cbrealty""]","[""https://www.facebook.com/CBRealtyCal"",""https://www.facebook.com/compass""]","[""https://www.instagram.com/cbrealtycal/"",""https://www.instagram.com/compass/""]"
Joshvrealty,https://joshvrealty.com/,,"[""https://www.linkedin.com/in/cristinamabelperez/""]","[""https://www.facebook.com/cris.mabel.p""]","[""https://www.instagram.com/cristinaperezbay/""]"
Baldinirealty,http://baldinirealty.com/,"[""properties@bonniespindler.com""]","[""https://www.linkedin.com/in/bonniespindler/""]","[""https://www.facebook.com/TheVictorianSpecialist/""]","[""https://www.instagram.com/victorianspecialistsf/?hl=en"",""https://www.instagram.com/victorianspecialistsf/?hl&#x3D;en""]"
Chrisraelhomes,https://chrisraelhomes.com/?utm_source=gbp&utm_medium=organic,,"[""https://www.linkedin.com/in/jen-passetti-78472a230/""]","[""https://www.facebook.com/jenbellsf""]","[""https://www.instagram.com/jenpassetti/""]"
Coldwellbankerhomes,https://www.coldwellbankerhomes.com/ca/san-francisco/agent/tim-carrico/aid_23886/,"[""user@domain.com"",""gary@garysnowsf.com""]","[""https://www.linkedin.com/in/garysnowsf/"",""https://www.linkedin.com/in/gary-j-snow-4705904""]","[""http://www.facebook.com/2008/fbml"",""https://www.facebook.com/GarySnowSF""]","[""https://www.instagram.com/gsnowsf/?hl=en""]"
Srsre,https://srsre.com/locations/san-francisco,,,,
Groupmb,http://groupmb.com/,"[""info@leylaalhosseini.com""]","[""https://www.linkedin.com/in/leyla-alhosseini/""]","[""https://www.facebook.com/tr?id=2381945535293297&ev=PageView&noscript=1"",""https://www.facebook.com/leylasells"",""https://www.facebook.com/tr?id=771609776960552&ev=PageView&noscript=1""]","[""https://www.instagram.com/leyla_al_"",""https://www.instagram.com/{{username}}"",""https://www.instagram.com/{{../username}}""]"
Leylaalhosseini,https://leylaalhosseini.com/,"[""dan.bonett@compass.com""]","[""https://www.linkedin.com/in/danbonett/""]","[""https://www.facebook.com/dbonett""]","[""https://instagram.com/dan_bonett""]"
Linktr Ee/Danbonett,https://linktr.ee/danbonett,"[""larocca@vanguardsf.com"",""adam.cooper@royale.com"",""jamie.taylor@royale.com"",""dave.wong@royale.com"",""madilyn.runolfsdottir@royale.com"",""eduardo.reichel@royale.com"",""laura.morgan@royale.com"",""agent@access.com""]","[""https://www.linkedin.com/company/accessdotcom""]","[""https://www.facebook.com/accessdotcom""]","[""https://instagram.com/laroccasellsthebay"",""https://www.instagram.com/laroccasellsthebay""]"
Alexhachiya,http://alexhachiya.com/,,"[""https://www.linkedin.com/in/jordan-golani-7617b6353/""]","[""https://www.facebook.com/jordangolanisf/""]","[""https://www.instagram.com/jordangolanisf/""]"
Bayareahomesbylarocca,https://www.bayareahomesbylarocca.com/,,"[""https://www.linkedin.com/in/debbie-rutledge-6503036/""]","[""https://www.facebook.com/debbierutledgerealestate/""]","[""https://www.instagram.com/debbie__rutledge/""]"
Mccarthymoe,https://mccarthymoe.com/,"[""user@domain.com"",""petra.langer@compass.com""]","[""http://linkedin.com/petralanger""]","[""http://www.facebook.com/2008/fbml"",""http://www.facebook.com/langersisters""]","[""http://www.instagram.com/langersisters"",""https://www.instagram.com/p/DDIDt4xtlTi/"",""https://www.instagram.com/p/DDF4qf0RyPw/"",""https://www.instagram.com/p/DC9u3elqfCJ/"",""https://www.instagram.com/p/DC68Vy7hXh9/"",""https://www.instagram.com/p/DC15lLNC0e9/"",""https://www.instagram.com/p/DCzszKmPMaN/"",""https://www.instagram.com/p/DCrmZ_3NbCH/"",""https://www.instagram.com/p/DCpWMgGM4MP/""]"
,https://www.compass.com/agents/ken-gendemann/,"[""jesse@jessefowler.com"",""julie@juliepeisner.com""]",,,
Jordangolanisf,https://jordangolanisf.com/?utm_source=gbp&utm_medium=organic,"[""cynthia@cynthiakellogg.com""]","[""https://www.linkedin.com/in/cynthiakellogg/""]",,"[""https://www.instagram.com/cynthiakellogg""]"
Annieroensch K,https://annieroensch.kw.com/,"[""info@brickandmortarsf.com""]",,,
Agentcaitlyn,http://agentcaitlyn.com/,,"[""https://www.linkedin.com/company/cbrealty/"",""https://www.linkedin.com/company/cbrealty""]","[""https://www.facebook.com/CBRealtySanFranciscoPacificHeights"",""https://www.facebook.com/CBRealtyCal"",""https://www.facebook.com/compass""]","[""https://www.instagram.com/cbrealtysanfrancisco"",""https://www.instagram.com/cbrealtycal/"",""https://www.instagram.com/compass/""]"
Debbierutledge,http://www.debbierutledge.com/,"[""robertg@vanguardsf.com""]","[""https://www.linkedin.com/in/robertgibsonsf/""]","[""https://www.facebook.com/robertgibsonsf""]","[""https://www.instagram.com/robertgibsonsf/""]"
Groupmb,http://groupmb.com/,,,,
Leylaalhosseini,https://leylaalhosseini.com/,,,,
Linktr Ee/Danbonett,https://linktr.ee/danbonett,,,,"[""https://www.instagram.com/linktr.ee/"",""https://www.instagram.com/linktr.ee/\\""]"
Alexhachiya,http://alexhachiya.com/,,,,
Bayareahomesbylarocca,https://www.bayareahomesbylarocca.com/,,,,
Mccarthymoe,https://mccarthymoe.com/,,,,
,https://www.compass.com/agents/ken-gendemann/,,,,
Jordangolanisf,https://jordangolanisf.com/?utm_source=gbp&utm_medium=organic,,,,
Annieroensch K,https://annieroensch.kw.com/,,,,
Agentcaitlyn,http://agentcaitlyn.com/,,,,
Debbierutledge,http://www.debbierutledge.com/,,,,
Petralanger,https://www.petralanger.com/,,,,
Jessefowler,http://jessefowler.com/,,,,
Cynthiakellogg,http://www.cynthiakellogg.com/,,,,
,https://www.compass.com/agents/ricky-lee/,,,,
Remax,https://www.remax.com/real-estate-offices/remax-prestigious-properties-san-francisco-ca/102139005#bio-navigation,,,,
Brickandmortarsf,http://www.brickandmortarsf.com/,,,,
Coldwellbankerhomes,https://www.coldwellbankerhomes.com/ca/san-francisco/office/s-f-pacific-heights/oid_5798/?utm_source=google&utm_medium=organic&utm_campaign=gmb&utm_content=NorCal_SanFran_PacificHeights,,,,
Cameronbamberger,http://www.cameronbamberger.com/,,,"[""https://www.facebook.com/MontgomeryLeeSF"",""https://www.facebook.com/tr?id=1109660029419194&ev=PageView&noscript=1""]","[""https://www.instagram.com/montgomeryleesf/"",""https://www.instagram.com/p/Dbzh_qyDgAQ/"",""https://www.instagram.com/p/DbmzLVblmS0/"",""https://www.instagram.com/p/DbXO9-hn5yV/"",""https://www.instagram.com/p/DbUr5Vbl30W/"",""https://www.instagram.com/p/DbR8KVTk2PK/"",""https://www.instagram.com/reel/DbJa9jfFANi/""]"
Montgomeryleesf,http://www.montgomeryleesf.com/,"[""db02329e4d63f0061fb2c9af139b3b79@o4506950598787072.ingest.us.sentry.io"",""colleen.clarke@sereno.com"",""travis@sereno.com"",""benimber@sereno.com"",""wstephens@sereno.com"",""jillbrotman@sereno.com"",""cliffordherath@sereno.com"",""tammie@sereno.com"",""sommergillis@sereno.com"",""zach.wilson@sereno.com"",""bpayton@sereno.com"",""hkelly@sereno.com"",""marion@sereno.com"",""kathleenpasin@sereno.com"",""dana.weaver@sereno.com"",""dan@sereno.com"",""nogol@sereno.com"",""marysquier@sereno.com"",""nickerokhin@sereno.com"",""eileen@sereno.com"",""tristanbrown@sereno.com""]",,"[""https://www.facebook.com/christiesrealestatesereno""]","[""https://www.instagram.com/christiesrealestatesereno/""]"
Sereno,https://www.sereno.com/directory/agents/christopher-lim-1,,"[""https://www.linkedin.com/company/vanguard-properties/"",""https://www.linkedin.com/in/mike-stack-27aa5997/""]","[""https://www.facebook.com/vanguardsf"",""https://www.facebook.com/mikestacksf/""]","[""https://www.instagram.com/vanguardproperties/"",""https://www.instagram.com/mikestacksf/""]"
Vanguardproperties,https://vanguardproperties.com/agents/mike-stack,,"[""https://www.linkedin.com/company/binningsteam/"",""https://www.linkedin.com/company/binningsteam""]","[""https://www.facebook.com/binningsteam"",""https://www.facebook.com/tr?id=771609776960552&ev=PageView&noscript=1""]","[""https://www.instagram.com/binningsteam"",""https://www.instagram.com/{{username}}"",""https://www.instagram.com/{{../username}}"",""https://www.instagram.com/binningsteam/""]"
Binningsteam,https://binningsteam.com/,"[""jsabeh@gmail.com""]","[""https://www.linkedin.com/in/josephsabehjr/""]","[""https://www.facebook.com/josephsabehgroup""]","[""https://www.instagram.com/joesabehsothebys/?hl&#x3D;en""]"
Streetsofsanfrancisco,http://www.streetsofsanfrancisco.com/,,,"[""https://www.facebook.com/marshaabrahamssf/""]","[""https://www.instagram.com/marshaabrahamssf/""]"
Josephsabeh,https://josephsabeh.com/,,"[""https://www.linkedin.com/company/legacy-sf-homes"",""https://www.linkedin.com/company/legacy-sf-homes/""]","[""https://www.facebook.com/LegacySFHomes/"",""https://www.facebook.com/tr?id=2091259484502052&ev=PageView&noscript=1""]","[""https://www.instagram.com/legacyrealestate_sf/""]"
Marshaabrahams,https://marshaabrahams.com/?utm_source=gbp&utm_medium=organic,,"[""https://www.linkedin.com/in/annealvarezsfrealtor/"",""https://www.linkedin.com/in/annealvarezsfrealtor""]","[""https://www.facebook.com/annealvarezsfrealtor/"",""https://www.facebook.com/annealvarezsfrealtor""]","[""https://www.instagram.com/annealvarezsfrealtor/""]"
Legacysfhomes,https://legacysfhomes.com/agents/judy-lin,"[""alex@alexsf.com""]","[""https://www.linkedin.com/in/realalexsf/\\&quot;"",""https://www.linkedin.com/in/realalexsf/""]","[""https://www.facebook.com/RealAlexSF\\&quot;"",""https://www.facebook.com/RealAlexSF""]","[""https://www.instagram.com/therealalexsf/\\&quot;"",""https://www.instagram.com/therealalexsf/""]"
Bellgroup Realestate/?Utm_Source=Gbp&Utm_Medium=Organic,https://bellgroup.realestate/?utm_source=gbp&utm_medium=organic,"[""paulo@levelupgroup.com""]","[""https://www.linkedin.com/in/pauloserna""]",,
Laurakaufman,http://laurakaufman.com/,,,"[""https://www.facebook.com/Jeff-Salgado-San-Francisco-Real-Estate-1645587059100273/""]","[""https://www.instagram.com/jeffsalgadorealestate/""]"
Alexmaltez,https://alexmaltez.com/,,"[""https://www.linkedin.com/in/dulmaa-bor""]","[""https://www.facebook.com/dulmaabor/""]","[""https://www.instagram.com/dulmaaborrealtor/""]"
Kevinwakelin,http://www.kevinwakelin.com/,"[""team@kevinwakelin.com""]","[""https://www.linkedin.com/in/kevinwakelin""]","[""https://www.facebook.com/kevinwakelinSF""]","[""https://www.instagram.com/teamwakelinrealestate"",""https://www.instagram.com/team.wakelin.real.estate/""]"
Redfin,https://www.redfin.com/city/17151/CA/San-Francisco/real-estate/agents?utm_source=gmb&utm_medium=organic&utm_campaign=gmb_sf,,"[""https://www.linkedin.com/in/michael-harrington-5b59542/""]","[""https://www.facebook.com/MichaelHarringtonrealestate/""]","[""https://www.instagram.com/michaelharringtonsf/"",""https://www.instagram.com/michaelharringtonre/""]"
Michaelharringtonre,https://michaelharringtonre.com/,"[""alex@broker415.com""]",,,
Broker415,http://broker415.com/,,,,
Rogerlandryhomes,http://www.rogerlandryhomes.com/,,,,
Realdatasf,http://www.realdatasf.com/,,,,
Ericjohnsonsf,http://www.ericjohnsonsf.com/,,"[""https://www.linkedin.com/in/timgfong""]","[""https://www.facebook.com/HomeWithTheFongs/""]","[""https://www.instagram.com/tim_fong/?utm_source=ig_embed&amp;utm_campaign=loading"",""https://www.instagram.com/tim_fong""]"
Selinazhao,http://www.selinazhao.com/,,"[""https://www.linkedin.com/in/leslie-bauer-914a483/""]","[""https://www.facebook.com/highrises2homes/""]","[""https://www.instagram.com/highrises2homes/""]"
Simranalden,https://www.simranalden.com/,"[""allison@allisonchapleau.com""]","[""https://www.linkedin.com/in/allisonchapleau/""]","[""https://www.facebook.com/profile.php?id=590358274""]","[""https://www.instagram.com/allisonchapleau/""]"
Hanjimcallister,https://hanjimcallister.com/?utm_source=gbp&utm_medium=organic,,"[""https://www.linkedin.com/in/sanfranciscorealtor/"",""https://www.linkedin.com/in/sanfranciscorealtor/,""]","[""http://www.facebook.com/frankcastaldinigroup"",""https://www.facebook.com/frankcastaldinigroup"",""http://www.facebook.com/frankcastaldinigroup,""]","[""https://www.instagram.com/frankcastaldini/"",""https://www.instagram.com/frankcastaldini/,""]"
Calstreet,https://www.calstreet.com/,,,,
Thefonggroup,http://www.thefonggroup.com/,"[""mls@sfrealtors.com"",""membership@sfrealtors.com"",""ar@sfrealtors.com"",""jay.cheng@sfrealtors.com"",""communications@sfrealtors.com"",""prostandards@sfrealtors.com"",""foundation@sfrealtors.com""]","[""https://www.linkedin.com/company/san-francisco-association-of-realtors""]","[""https://www.facebook.com/sfarsocial""]","[""https://www.instagram.com/sfassociationofrealtors/""]"
Hsmsf,http://www.hsmsf.com/,"[""support@moxiworks.com"",""mail-service@platform.moxiworks.com"",""info@windermere.com"",""mail-service@platform1.moxiworks.com"",""campaigns@info.properties"",""ramon.estevez@cbrealty.com"",""ramon@ramonestevez.com"",""900625.lead.lag.100970304@leads.leadrouter.com"",""ramon@harperre.com""]","[""https://www.linkedin.com/in/jramonestevez/""]","[""https://www.facebook.com/JRamonEstevezRE""]","[""https://www.instagram.com/jramonestevezre/""]"
Mattwoebckerealestate,https://mattwoebckerealestate.com/,"[""mattwoebcke@vanguardsf.com""]","[""https://www.linkedin.com/in/mattwoebcke/""]","[""https://www.facebook.com/tr?id=760927345086010&ev=PageView&noscript=1""]","[""https://www.instagram.com/mattwoebckegroup/""]"
Search Charliebrownsf,https://search.charliebrownsf.com/,"[""charlie@charliebrownsf.com""]",,"[""https://www.facebook.com/v8.0/dialog/oauth""]",
Annelaury,http://www.annelaury.com/,"[""todd@sanfranciscorealestategroup.com"",""kim@sanfranciscorealestategroup.com""]",,,
Sanfranciscorealestategroup,http://www.sanfranciscorealestategroup.com/,,"[""https://www.linkedin.com/in/karina-tran/"",""https://www.linkedin.com/company/hood-farrell-group/"",""https://www.linkedin.com/in/tim-farrell-83a3b52/""]","[""https://www.facebook.com/profile.php?id&#x3D;61575175529676"",""https://www.facebook.com/HoodFarrellGroup?mibextid&#x3D;kFxxJD"",""https://www.facebook.com/timfarrellcompass/""]","[""https://instagram.com/ktranhomes"",""https://www.instagram.com/hoodfarrell/"",""https://www.instagram.com/timfarrell_compass/?hl&#x3D;en""]"
Hoodfarrellgroup,https://hoodfarrellgroup.com/agent/karina-tran,"[""info@cityrealestatesf.com""]","[""https://www.linkedin.com/in/ShaliniCityRe"",""https://www.linkedin.com/in/ShaliniCityRe/""]","[""https://www.facebook.com/shaliniSF.realestate/"",""https://www.facebook.com/pg/shaliniSF.realestate"",""https://www.facebook.com/tr?id=1022991594837515&ev=PageView&noscript=1""]","[""https://www.instagram.com/shalinisf.realestate/"",""https://www.instagram.com/shalinisf.realestate/?hl&#x3D;en""]"
Shalinisf,https://shalinisf.com/,"[""luba@lubasf.com"",""user@domain.com""]","[""https://www.linkedin.com/in/lubasf""]","[""http://www.facebook.com/2008/fbml"",""https://www.facebook.com/SFRealEstate""]","[""https://www.instagram.com/lubasf""]"
Lubasf,http://lubasf.com/,,,,
Zillo,https://www.zillow.com/profile/Mari%20C%20Greene/,"[""linda.leblanc@compass.com""]","[""https://www.linkedin.com/in/lindaleblancsf"",""https://www.linkedin.com/in/lindaclarksf/""]","[""https://www.facebook.com/LindaLeBlancSF"",""https://www.facebook.com/lindaleblancsf/""]","[""https://www.instagram.com/lindaleblancsf"",""https://www.instagram.com/lindaleblancsf/""]"
Daleandalla,http://www.daleandalla.com/,"[""support@realestateagents.com""]","[""https://www.linkedin.com/company/realestateagents-com""]","[""https://www.facebook.com/realestateagentsdotcom""]","[""https://www.instagram.com/realestateagentsdotcom""]"
Matthewchoiteam,https://matthewchoiteam.com/,,"[""https://www.linkedin.com/in/thomas-nguyen-2155a848/?trk&#x3D;nav_responsive_tab_profile_pic""]","[""https://www.facebook.com/remaxuprealestate/""]",
Lindaleblanc,https://www.lindaleblanc.com/,,"[""https://www.linkedin.com/in/sasha-mazur-868863103/""]","[""https://www.facebook.com/profile.php?id=100083866701844"",""https://www.facebook.com/profile.php?id&#x3D;100083866701844""]","[""https://www.instagram.com/sellingsanfran/""]"
Realestateagents,https://www.realestateagents.com/,,"[""https://www.linkedin.com/in/colleen-cotter-7372152/""]","[""https://www.facebook.com/CotterRealEstateGroup/""]","[""https://www.instagram.com/{{username}}"",""https://www.instagram.com/{{../username}}"",""https://www.instagram.com/cotterrealestategroup/""]"
Teamhatvany,http://teamhatvany.com/,,"[""https://www.linkedin.com/in/jenniferrosdail/""]","[""https://www.facebook.com/jenniferrosdailrealestateteam""]","[""https://www.instagram.com/p/Dbd_rJhvneF/"",""https://www.instagram.com/reel/DalCPgVJF5d/"",""https://www.instagram.com/p/DYVkjvnj-bI/"",""https://www.instagram.com/reel/DX2foX8S07b/"",""https://www.instagram.com/p/DX0uu2hFCBT/"",""https://www.instagram.com/reel/DXuZ45-iSpL/"",""https://www.instagram.com/p/DXYPdnnlCRQ/"",""https://www.instagram.com/reel/DVHIsLSEo_C/"",""https://www.instagram.com/p/DU_kSFQkhhQ/"",""https://www.instagram.com/p/DUd2myXj0WX/""]"
Uprealproperty,https://www.uprealproperty.com/,,,,
Sellingsanfrancisco,https://sellingsanfrancisco.com/,"[""hello@teamhowe.com""]","[""https://www.linkedin.com/in/sherrihowe/""]","[""https://www.facebook.com/tr?id=771609776960552&ev=PageView&noscript=1""]",
Deanbadessa,https://www.deanbadessa.com/,,,"[""https://www.facebook.com/simonshue/""]",
Simonshue,https://www.simonshue.com/,"[""bugreport@moatable.com""]",,,
Sterlinghomesre,http://www.sterlinghomesre.com/,,"[""https://www.linkedin.com/company/sequoia-real-estate/""]","[""https://www.facebook.com/SequoiaRealEstate/""]","[""https://www.instagram.com/sequoiarealestate/""]"
Sequoia Re,http://sequoia-re.com/,,"[""https://www.linkedin.com/in/alexandra-moari-93661871/""]",,"[""https://www.instagram.com/accounts/onetap/?next=%2F""]"
Awesomepropertyexperts,https://www.awesomepropertyexperts.com/,,"[""https://www.linkedin.com/in/suna-mullins-a83466174/""]","[""https://www.facebook.com/NotsosecretagentSuna"",""https://www.facebook.com/tr?id=771609776960552&ev=PageView&noscript=1""]","[""https://www.instagram.com/suna_mullins_realtor/""]"
Suna Yournorthpoint,http://suna.yournorthpoint.com/,,"[""https://www.linkedin.com/company/starboardcre/mycompany/verification/""]","[""https://www.facebook.com/tr?id=507914857369352&ev=PageView"",""https://www.facebook.com/people/Starboard-CRE/100076251044574/?utm_source=Starboard%20CRE&#038;utm_campaign=ce36e7a3da-EMAIL_CAMPAIGN_2022_11_07_09_12_COPY_01&#038;utm_medium=email&#038;utm_term=0_034d630b61-ce36e7a3da-454329280""]","[""https://www.instagram.com/starboard_cre/?utm_source=Starboard%20CRE&#038;utm_campaign=ce36e7a3da-EMAIL_CAMPAIGN_2022_11_07_09_12_COPY_01&#038;utm_medium=email&#038;utm_term=0_034d630b61-ce36e7a3da-454329280""]"
Starboardcre,http://www.starboardcre.com/,,"[""https://www.linkedin.com/company/amsirealestateservices/""]","[""https://www.facebook.com/amsirealestateservices""]","[""https://instagram.com/amsirealestateservices/""]"
Realestatenovo,https://realestatenovo.com/?utm_source=gbp&utm_medium=organic,,"[""https://www.linkedin.com/company/barbagelata-real-estate""]","[""https://www.facebook.com/BarbcoRealEstate""]","[""https://www.instagram.com/barbcosf/""]"
Realestatesf,http://www.realestatesf.com/,,,"[""https://www.facebook.com/profile.php?id=100076334735290""]","[""https://instagram.com/sanfranheart/""]"
Reenakimsfhomes Carrd Co,https://reenakimsfhomes.carrd.co/,,"[""https://www.linkedin.com/in/laila-salma-8869a14""]","[""https://www.facebook.com/salmacompany/""]","[""https://www.instagram.com/salmatwinsrealestate/""]"
Learadeane,http://learadeane.com/,,"[""https://www.linkedin.com/in/lisa-zahner/""]","[""https://www.facebook.com/lisazahner.realestate""]","[""https://www.instagram.com/lisazahner_sf"",""https://www.instagram.com/lisazahner_sf/""]"
Salma Team,https://salma-team.com/,"[""alex@alexepsteinre.com""]","[""https://www.linkedin.com/company/vanguard-properties/""]","[""https://www.facebook.com/vanguardsf""]","[""https://www.instagram.com/vanguardproperties/"",""https://www.instagram.com/alexepsteinre/""]"
Lisazahner,http://www.lisazahner.com/,"[""info@cityrealestatesf.com""]","[""https://www.linkedin.com/company/city-real-estate-sf""]","[""https://www.facebook.com/CityRealEstateSF/"",""https://www.facebook.com/tr?id=805034090346075&ev=PageView&noscript=1""]","[""https://www.instagram.com/cityrealestatesf/"",""https://www.instagram.com/{{username}}"",""https://www.instagram.com/{{../username}}""]"
Vanguardproperties,https://vanguardproperties.com/agents/alexander-epstein,,"[""https://www.linkedin.com/in/ella-echipare/""]",,"[""https://www.instagram.com/ellabayarea"",""https://www.instagram.com/aimeehuangreteam/""]"
,https://www.compass.com/agents/frank-villanueva,,,,
Luriegroup,http://luriegroup.com/,,"[""https://www.linkedin.com/in/alexanderlurie/"",""https://www.linkedin.com/company/the-lurie-group/"",""https://www.linkedin.com/company/the-lurie-group/?trk&#x3D;public_profile_topcard_current_company""]","[""https://www.facebook.com/LurieGroup/""]","[""https://www.instagram.com/theluriegroup/""]"
Discoversfhomes,https://www.discoversfhomes.com/,"[""richard@discoversfhomes.com""]","[""https://www.linkedin.com/in/richard-sarro-abr-gri-srs-09251335/""]","[""https://www.facebook.com/richard.sarro.1/""]",
Beverlybarnett,https://beverlybarnett.com/?utm_source=gbp&utm_medium=organic,,"[""https://www.linkedin.com/in/beverlybarnett/""]","[""https://www.facebook.com/beverlybarnettsf"",""https://www.facebook.com/tr?id=981768778826884&ev=PageView&noscript=1""]","[""https://www.instagram.com/beverlybarnettsf""]"
Maggievisser,https://www.maggievisser.com/,"[""user@domain.com"",""maggie@maggievisser.com""]","[""https://www.linkedin.com/in/maggievisser""]","[""http://www.facebook.com/2008/fbml""]","[""https://www.instagram.com/maggievisser/""]"
Realsfproperties,https://realsfproperties.com/,,,"[""https://www.facebook.com/tr?id=1708129976070442&ev=PageView&noscript=1"",""https://www.facebook.com/RealSFProperties/""]","[""https://www.instagram.com/realsfproperties/""]"
Linktr Ee/Ronnieescalante?Fbclid=Paaaalxq88Oqdjvdc54Rht2Bpufmltf1F7Ifz3Wxpgawb3Uri0Ul5Xvby Vyc_Aem_Ayi5Pieceee0Dgzgdypo2Xnwjf6Bv8 Uapxdlnrjqlv9Lbjw2U82Uvcuxgkltp8N5Y0,https://linktr.ee/ronnieescalante?fbclid=PAAaaLXq88oqdJVDc54rHt2bPufmLtf1f7ifz3WXpgAWB3uRi0UL5xvbY-vyc_aem_AYI5PIeCEeE0DgzGdYPo2XNwjF6BV8-UApxDlNrjqlv9LBjW2U82UVcUxgkLTp8n5Y0,"[""escalanterestate@gmail.com"",""nescalanterestate@gmail.com""]",,,
Stephenjbartlett,http://www.stephenjbartlett.com/,,"[""https://www.linkedin.com/in/stephenjbartlett/""]","[""https://www.facebook.com/sjbrealestatesf""]","[""https://www.instagram.com/sj_bartlett25"",""https://www.instagram.com/{{username}}"",""https://www.instagram.com/{{../username}}""]"
Flatfeebuyers,https://www.flatfeebuyers.com/,"[""info@flatfeebuyers.com"",""605a7baede844d278b89dc95ae0a9123@sentry-next.wixpress.com"",""8c4075d5481d476e945486754f783364@sentry.io"",""18d2f96d279149989b95faf0a4b41882@sentry-next.wixpress.com"",""dd0a55ccb8124b9c9d938e3acf41f8aa@sentry.wixpress.com"",""c183baa23371454f99f417f6616b724d@sentry.wixpress.com"",""9a65e97ebe8141fca0c4fd686f70996b@sentry.wixpress.com"",""ed436f5053144538958ad06a5005e99a@sentry.wixpress.com"",""460ff4620fa44cba8df530afde949785@sentry.wixpress.com"",""79baaa8e09c746d2b7401643b99792e0@sentry.wixpress.com"",""78f7996315bc402f9dcb8a2f974b82d1@sentry.wixpress.com"",""2062d0a4929b45348643784b5cb39c36@sentry.wixpress.com"",""8eb368c655b84e029ed79ad7a5c1718e@sentry.wixpress.com"",""5d1795a2db124a268f1e1bd88f503500@sentry.wixpress.com"",""271e9fa3230b4eec94b02bf95780f5f2@sentry.wixpress.com"",""example@mysite.com""]","[""https://www.linkedin.com/company/flatfeebuyers/"",""https://www.linkedin.com/company/flatfeebuyers/posts/?feedView=all""]","[""https://www.facebook.com/tr?id=451518011281588&ev=PageView&noscript=1"",""https://www.facebook.com/flatfeebuyers""]","[""https://www.instagram.com/flatfeebuyers/""]"
Philipfarrproperties,http://philipfarrproperties.com/,"[""philip@philipfarrproperties.com""]","[""https://www.linkedin.com/in/philip-farr/""]",,"[""https://www.instagram.com/philipfarrproperties/?hl=en""]"
Nonaehyaei,https://nonaehyaei.com/,"[""nona.ehyaei@compass.com""]","[""https://www.linkedin.com/in/nona-ehyaei-phd-a9a018117/""]","[""https://www.facebook.com/NonaEhyaei.RealEstate/""]","[""http://www.instagram.com/nonaehyaeirealestate""]"
Janhomes,https://janhomes.com/,,"[""https://www.linkedin.com/in/janzheng/""]","[""https://www.facebook.com/january.zheng""]","[""https://www.instagram.com/janzheng_realtor"",""https://www.instagram.com/janzheng_realtor/""]"
Erinthompson,http://www.erinthompson.com/,,"[""https://www.linkedin.com/in/erinthompsonsf/""]","[""https://www.facebook.com/ErinThompsonTeam/"",""https://www.facebook.com/ErinThompsonCo"",""https://www.facebook.com/tr?id=474830823279852&ev=PageView&noscript=1""]","[""https://www.instagram.com/erinthompsonteam/""]"
Maxarmour,http://www.maxarmour.com/?utm_source=gbp&utm_medium=organic,,"[""https://www.linkedin.com/in/maximillian-armour/""]","[""https://www.facebook.com/maxarmourofsf/""]","[""https://www.instagram.com/maxarmour_sf/"",""https://www.instagram.com/maxarmour_sf""]"
Cityrealestatesf,http://www.cityrealestatesf.com/?utm_source=google-business-profile&utm_medium=referral&utm_campaign=gbp,"[""info@cityrealestatesf.com""]","[""https://www.linkedin.com/company/city-real-estate-sf""]","[""https://www.facebook.com/CityRealEstateSF/"",""https://www.facebook.com/tr?id=805034090346075&ev=PageView&noscript=1""]","[""https://www.instagram.com/cityrealestatesf/""]"
Ascendre,http://ascendre.com/,,"[""https://www.linkedin.com/company/ascendrealestate/""]","[""https://www.facebook.com/AscendRealEstateTeam/""]","[""https://www.instagram.com/ascend.re""]"
Legacysfhomes,https://www.legacysfhomes.com/,,"[""https://www.linkedin.com/company/legacy-sf-homes"",""https://www.linkedin.com/company/legacy-sf-homes/""]","[""https://www.facebook.com/LegacySFHomes/"",""https://www.facebook.com/tr?id=2091259484502052&ev=PageView&noscript=1""]","[""https://www.instagram.com/legacyrealestate_sf/""]"
Isabellegrotte,https://isabellegrotte.com/,,"[""https://www.linkedin.com/in/isabellegrotte""]","[""https://www.facebook.com/IsabelleGrotteRE""]","[""https://www.instagram.com/isabellegrotte/""]"
Sellsfhome,https://sellsfhome.com/,"[""filler@godaddy.com""]","[""https://www.linkedin.com/in/sellsfhome/""]","[""https://www.facebook.com/sellsfhome""]","[""https://www.instagram.com/sellsfhome""]"
Bellingsbrothers,http://www.bellingsbrothers.com/,"[""aaron@bellingsbrothers.com"",""michael@bellingsbrothers.com""]","[""https://www.linkedin.com/in/aaronbellings/""]","[""https://www.facebook.com/BellingsBrothers/""]","[""https://www.instagram.com/sanfranciscohomes/?hl&#x3D;en""]"
Cityrealestatesf,https://cityrealestatesf.com/agents/ron-abta,,,,
Fiftyhills,https://www.fiftyhills.com/,,,"[""https://www.facebook.com/sharer/sharer.php?u=${generateShareLink()}&quote=${self.data(""]","[""https://www.instagram.com/fiftyhills""]"
Elevationrealestate,https://www.elevationrealestate.com/,,"[""https://linkedin.com/company/elevationrealestate""]","[""https://www.facebook.com/elevationrealestateSF"",""https://www.facebook.com/tr?id=1692697650868793&ev=PageView&noscript=1""]","[""https://www.instagram.com/elevationsf/""]"
Facebook,https://www.facebook.com/annashearealestate/,,,"[""https://www.facebook.com/recover/initiate/?privacy_mutation_token=eyJ0eXBlIjo1LCJjcmVhdGlvbl90aW1lIjoxNzg2MzM1MjYzfQ%3D%3D&amp;ars=facebook_login&amp;next=https%3A%2F%2Fwww.facebook.com%2Fannashearealestate%2F"",""https://www.facebook.com/reg/"",""https://www.facebook.com/login/"",""https://www.facebook.com/lite/"",""https://www.facebook.com/watch/"",""https://www.facebook.com/privacy/policy/?entry_point=facebook_page_footer"",""https://www.facebook.com/privacy/center/?entry_point=facebook_page_footer"",""https://www.facebook.com/about/"",""https://www.facebook.com/ad_campaign/landing.php?placement=pflo&amp;campaign_id=402047449186&amp;nav_source=unknown&amp;extra_1=auto"",""https://www.facebook.com/pages/create/?ref_type=site_footer"",""https://www.facebook.com/careers/?ref=pf"",""https://www.facebook.com/policies/cookies/"",""https://www.facebook.com/help/568137493302217"",""https://www.facebook.com/policies?ref=pf"",""https://www.facebook.com/help/?ref=pf"",""https://www.facebook.com/help/637205020878504""]",
Kindredsfhomes,http://www.kindredsfhomes.com/,,"[""https://www.linkedin.com/company/kindred-sf-homes/""]","[""https://www.facebook.com/KindredSFHomes""]","[""https://www.instagram.com/kindredsfhomes/"",""https://www.instagram.com/{{username}}"",""https://www.instagram.com/{{../username}}""]"
Helmrealestate,https://www.helmrealestate.com/,,"[""https://www.linkedin.com/in/marcusmiller/""]","[""https://www.facebook.com/HELMre/"",""https://www.facebook.com/tr?id=304758974056402&ev=PageView&noscript=1""]","[""https://www.instagram.com/marcusmillerhelmrealestate/""]"
Jingfangrealestate,http://www.jingfangrealestate.com/,,"[""https://www.linkedin.com/in/jifang/""]","[""https://www.facebook.com/jingfangrealtor""]","[""https://www.instagram.com/thejingfang/"",""https://www.instagram.com/jingfang1/""]"
Missywinssf,http://www.missywinssf.com/,,"[""https://www.linkedin.com/in/missy-wyant-smit/"",""http://linkedin.com/in/missy-wyant-smit/""]","[""https://www.facebook.com/missywinssf"",""https://www.facebook.com/sharer/sharer.php?u=https://missywinssf.com/agents/&quote="",""https://www.facebook.com/sharer/sharer.php?u=https://vimeo.com/704285100""]","[""https://www.instagram.com/missywinssf/"",""https://www.instagram.com/missywinssf"",""https://www.instagram.com/missywinssf/?hl&#x3D;en""]"
Tracyhsieh,https://www.tracyhsieh.com/,,"[""https://www.linkedin.com/in/tracyhsieh""]","[""https://www.facebook.com/tracyhsiehrealtor/""]","[""https://www.instagram.com/tracyhsiehsf/?hl&#x3D;en""]"
Havengroupsf,http://havengroupsf.com/,"[""john@havengroupsf.com"",""george@havengroupsf.com"",""lance@havengroupsf.com"",""marcelo@havengroupsf.com"",""hui@havengroupsf.com"",""anand@havengroupsf.com"",""alex@havengroupsf.com"",""jacob@havengroupsf.com"",""your@email.com""]","[""https://www.linkedin.com/in/johnsolaegui"",""https://www.linkedin.com/in/george-whitney"",""https://www.linkedin.com/in/lance-bullerwell-25b066158/"",""https://www.linkedin.com/in/marcelo-vilela-9101aa5""]",,
Momentumbayarea,http://momentumbayarea.com/,,"[""https://www.linkedin.com/company/mike-ramos-realty/""]","[""https://www.facebook.com/mikesellsthesouthbayarea/"",""https://www.facebook.com/tr?id=739041386890863&ev=PageView&noscript=1""]","[""https://www.instagram.com/magicmikeramos/""]"
Chancere,https://chancere.com/,"[""nsuki@chancere.com""]",,,
Thesfteam,https://thesfteam.com/,,,"[""https://www.facebook.com/theSFteam""]","[""https://www.instagram.com/thesfteam/""]"
Rayrealtor,https://rayrealtor.com/?utm_source=gbp&utm_medium=organic,,"[""https://www.linkedin.com/in/rayrealtor/""]",,
Calvinkam,http://www.calvinkam.com/,,"[""https://www.linkedin.com/in/calvin-kam-37425926/""]","[""https://www.facebook.com/calvinkamsf?ref&#x3D;br_rs""]","[""https://www.instagram.com/calvinkamsf/""]"
Janiceleehomes,https://janiceleehomes.com/,"[""support@moxiworks.com"",""mail-service@platform.moxiworks.com"",""info@windermere.com"",""mail-service@platform1.moxiworks.com"",""campaigns@info.properties"",""janice.lee@cbnorcal.com"",""janiceflee@gmail.com"",""900625.lead.lag.100650662@leads.leadrouter.com""]","[""https://www.linkedin.com/in/janicelee/?trk=hp-identity-name""]","[""https://www.facebook.com/mssanfranciscorealestate/""]","[""https://www.instagram.com/janiceflee/?hl=en""]"
Mosaikrealestate,https://mosaikrealestate.com/?utm_source=gbp&utm_medium=organic,,"[""https://www.linkedin.com/in/michelle-kim-830560/""]","[""https://www.facebook.com/MosaikSF/"",""https://www.facebook.com/tr?id=2088889271255662&ev=PageView&noscript=1""]","[""https://www.instagram.com/mosaikrealestate/""]"
Charlesjacob,https://charlesjacob.com/contact,,"[""https://www.linkedin.com/in/charles-jacob-124b37123""]","[""https://www.facebook.com/CharlesJacobRealty/"",""https://www.facebook.com/tr?id=5161869570536422&ev=PageView&noscript=1""]","[""https://www.instagram.com/charlesjacobrealty/""]"
Christopherleesf,https://christopherleesf.com/,"[""christopherleesf@gmail.com""]","[""https://www.linkedin.com/in/christopherleesf/""]",,"[""https://www.instagram.com/christopherleesf/""]"
Takamihomes,https://www.takamihomes.com/,"[""mia@takamihomes.com""]","[""https://www.linkedin.com/in/miatakami/""]","[""https://www.facebook.com/TakamiRealEstateGroup/""]","[""https://www.instagram.com/takamihomes/""]"
Jeffmarples,https://jeffmarples.com/,,"[""https://www.linkedin.com/in/jeffmarples/""]","[""https://www.facebook.com/JeffMarplesRealEstate/""]","[""https://www.instagram.com/jeffmarples/?hl&#x3D;en""]"
Daniellelazier,https://daniellelazier.com/,"[""danielle@vivrerealestate.com""]","[""https://www.linkedin.com/in/daniellelazier"",""http://www.linkedin.com/in/daniellelazier""]","[""https://www.facebook.com/DanielleLazierRealEstate""]","[""https://www.instagram.com/daniellelazier"",""https://instagram.com/daniellelazier""]"
Kinokorealestate,https://kinokorealestate.com/sell-or-buy?utm_source=google&utm_medium=organic&utm_campaign=gmb_listing,"[""info@ruthkrishnan.com""]","[""https://www.linkedin.com/in/ruthkrishnan/"",""https://www.linkedin.com/in/ruthkrishnan""]","[""https://www.facebook.com/Ruthkrishan.sanfranciscorealestate/"",""https://www.facebook.com/tr?id=1871650279749281&ev=PageView&amp;noscript=1""]","[""https://www.instagram.com/thekrishnanteam/""]"
Pacificedgesf,https://pacificedgesf.com/?utm_source=gbp&utm_medium=organic,"[""brandon@igniumconsulting.io""]","[""https://www.linkedin.com/in/ignium/""]",,"[""https://www.instagram.com/ignium_consulting""]"
Ruthkrishnan,https://www.ruthkrishnan.com/,,,"[""https://www.facebook.com/recover/initiate/?privacy_mutation_token=eyJ0eXBlIjo1LCJjcmVhdGlvbl90aW1lIjoxNzg2MzM1Mjc2fQ%3D%3D&amp;ars=facebook_login&amp;next=https%3A%2F%2Fwww.facebook.com%2FHBgrouprealestate%2F"",""https://www.facebook.com/reg/"",""https://www.facebook.com/login/"",""https://www.facebook.com/lite/"",""https://www.facebook.com/watch/"",""https://www.facebook.com/privacy/policy/?entry_point=facebook_page_footer"",""https://www.facebook.com/privacy/center/?entry_point=facebook_page_footer"",""https://www.facebook.com/about/"",""https://www.facebook.com/ad_campaign/landing.php?placement=pflo&amp;campaign_id=402047449186&amp;nav_source=unknown&amp;extra_1=auto"",""https://www.facebook.com/pages/create/?ref_type=site_footer"",""https://www.facebook.com/careers/?ref=pf"",""https://www.facebook.com/policies/cookies/"",""https://www.facebook.com/help/568137493302217"",""https://www.facebook.com/policies?ref=pf"",""https://www.facebook.com/help/?ref=pf"",""https://www.facebook.com/help/637205020878504""]",
Igniumconsulting Io,https://igniumconsulting.io/,"[""clientservices@theplanningcenter.com""]","[""https://www.linkedin.com/company/the-planning-center-inc.""]","[""https://www.facebook.com/theplanningcenter/"",""https://www.facebook.com/tr?id=25859856010304088&ev=PageView&noscript=1""]",
Remax,https://www.remax.com/,"[""cameron.budzius@tmf.mortgage"",""info@tmf.mortgage""]","[""https://www.linkedin.com/in/cameron-budzius-693a00b1/"",""https://www.linkedin.com/company/127054?trk=tyah&amp;trkInfo=clickedVertical%3Acompany%2CclickedEntityId%3A127054%2Cidx%3A3-1-3%2CtarId%3A1469823968420%2Ctas%3Athe%20mortgage%20firm""]","[""https://www.facebook.com/TMFCameronBudzius"",""https://www.facebook.com/TMFClosingSimplified/""]","[""https://www.instagram.com/the_mortgage_firm_nola/"",""https://www.instagram.com/themortgagefirmlender""]"
Sweetivorypearl,http://www.sweetivorypearl.com/,,,"[""https://www.facebook.com/freedommentor""]",
Hbgrouprealestate,https://www.facebook.com/HBgrouprealestate/,"[""prieurprop@gmail.com"",""compliance@placester.com""]","[""https://www.linkedin.com/prieur-properties-llc/"",""https://www.linkedin.com/shareArticle?mini=true&amp;url=https://www.prieurprop.com/&amp;title=Prieur""]","[""https://www.facebook.com/PrieurProp"",""https://www.facebook.com/sharer/sharer.php?u=https://www.prieurprop.com/""]","[""http://instagram.com/prieurproperties""]"
Candacehamm Remax Louisiana,http://www.candacehamm.remax-louisiana.com/,,"[""https://www.linkedin.com/company/realty-executives-south-louisiana-group""]","[""https://www.facebook.com/tr?id=816071119001327&ev=PageView"",""https://www.facebook.com/RealtyExecutivesSouthLouisiana""]","[""https://www.instagram.com/realtyexecutives_southla/""]"
Theplanningcenter,https://www.theplanningcenter.com/location/new-orleans-la-financial-planners/,,"[""https://www.linkedin.com/company/pandit-law-firm""]","[""https://www.facebook.com/panditlawfirm/""]","[""https://www.instagram.com/panditlaw/""]"
Themortgagefirm,https://www.themortgagefirm.com/cameronbudzius,"[""jaustinllc@gmail.com""]",,"[""https://www.facebook.com/people/Southern-Perspective/61565141383687/?sk=about""]","[""https://www.instagram.com/realtorjadepeterson/""]"
Freedommentor,https://www.freedommentor.com/,"[""info@anchorsouthre.com"",""christian@anchorsouthre.com""]","[""https://www.linkedin.com/shareArticle?mini=true&amp;url=https://www.anchorsouthrealestate.com/educating-high-schoolers-on-mortgage-rates-will-lead-to-smarter-homeowners-lawmakers-hope/&amp;title=Educating"",""https://www.linkedin.com/shareArticle?mini=true&amp;url=https://www.anchorsouthrealestate.com/the-surprising-ways-that-dust-bunnies-are-draining-your-bank-account-heres-how-to-avoid-losses/&amp;title=The"",""https://www.linkedin.com/shareArticle?mini=true&amp;url=https://www.anchorsouthrealestate.com/2019/11/06/is-the-investment-to-make-your-home-a-smart-home-worth-it-for-resale/&amp;title=Is"",""https://www.linkedin.com/shareArticle?mini=true&amp;url=https://www.anchorsouthrealestate.com/2019/04/08/what-you-save-by-getting-rid-of-excess-stuff-before-you-move/&amp;title=WHAT"",""https://www.linkedin.com/shareArticle?mini=true&amp;url=https://www.anchorsouthrealestate.com/&amp;title=Anchor""]","[""https://www.facebook.com/AnchorSouthRealEstate"",""https://www.facebook.com/sharer/sharer.php?u=https://www.anchorsouthrealestate.com/educating-high-schoolers-on-mortgage-rates-will-lead-to-smarter-homeowners-lawmakers-hope/"",""https://www.facebook.com/sharer/sharer.php?u=https://www.anchorsouthrealestate.com/the-surprising-ways-that-dust-bunnies-are-draining-your-bank-account-heres-how-to-avoid-losses/"",""https://www.facebook.com/sharer/sharer.php?u=https://www.anchorsouthrealestate.com/2019/11/06/is-the-investment-to-make-your-home-a-smart-home-worth-it-for-resale/"",""https://www.facebook.com/sharer/sharer.php?u=https://www.anchorsouthrealestate.com/2019/04/08/what-you-save-by-getting-rid-of-excess-stuff-before-you-move/"",""https://www.facebook.com/sharer/sharer.php?u=https://www.anchorsouthrealestate.com/""]","[""https://www.instagram.com/anchorsouthre""]"
Lisaday Exprealty,http://lisaday.exprealty.com/,"[""user@domain.com"",""info@betterwithbecker.com""]","[""http://www.linkedin.com/in/lesliebecker""]","[""http://www.facebook.com/2008/fbml"",""http://www.facebook.com/BetterwithBecker""]","[""http://instagram.com/betterwithbeckersolutions""]"
Prieurprop,https://www.prieurprop.com/,"[""impallari@gmail.com"",""team@latofonts.com"",""jessie@webuyneworleans.com"",""josh@webuyneworleans.com""]",,"[""https://www.facebook.com/joshisonfire4God""]","[""https://www.instagram.com/wearethosewhodream""]"
Agentfire,https://agentfire.com/,"[""jane@brokerage.com""]",,"[""https://www.facebook.com/tr?id=1152422745108643&ev=PageView&noscript=1""]",
Essentiallivingrealty,http://www.essentiallivingrealty.com/,"[""info@elrnola.com"",""compliance@placester.com""]","[""https://www.linkedin.com/shareArticle?mini=true&amp;url=https://www.essentiallivingrealty.com/&amp;title=Essential""]","[""https://facebook.com/EssentialLivingRealtors/"",""https://www.facebook.com/sharer/sharer.php?u=https://www.essentiallivingrealty.com/""]","[""https://instagram.com/essentiallivingnola""]"
Findyournola Co,https://findyournola.co/,,"[""https://www.linkedin.com/company/getlwolf/""]","[""https://www.facebook.com/getlwolf""]","[""https://www.instagram.com/getlwolf""]"
Srichardsrealtor,https://www.srichardsrealtor.com/,,,,
Thesagefirm Co,https://www.thesagefirm.co/,"[""olivia.tati1@gmail.com"",""olivia@oliviatati.com"",""user@domain.com""]",,"[""http://www.facebook.com/2008/fbml""]","[""https://www.instagram.com/theoliviatati/?hl=en""]"
Theraebroussardteam K,https://theraebroussardteam.kw.com/,"[""support@moxiworks.com"",""mail-service@platform.moxiworks.com"",""info@windermere.com"",""mail-service@platform1.moxiworks.com"",""campaigns@info.properties"",""info@jcarterandco.com"",""c21jcarteralabama@gmail.com""]",,,
Calendly,https://calendly.com/treuxnorth,"[""bugreport@moatable.com""]",,,
Oliviatati,http://oliviatati.com/,,,,
Jcarterandco,http://jcarterandco.com/,,,"[""https://www.facebook.com/tr?id=476279960147479&ev=PageView&noscript=1""]",
Stephanie Reverealtors,https://stephanie.reverealtors.com/,"[""icon-24hours-gray@2x.png"",""icon-options-gray@2x.png"",""icon-sell-your-terms-gray@2x.png"",""icon-sell-your-house-gray@2x.png"",""icon-list-your-house-gray@2x.png"",""icon-analyze-property-gray@2x.png"",""icon-fair-offer-gray@2x.png"",""icon-sell-vs-list-gray@2x.png""]",,"[""https://www.facebook.com/sharer/sharer.php?u=https%3A%2F%2Fwww.nolahousebuyers.com%2F""]",
Lookbuylive,https://lookbuylive.com/,"[""kari@neworleanspropertyservices.com""]","[""https://www.linkedin.com/in/kari-ayala-2705446/""]","[""https://www.facebook.com/neworleanspropertyservices""]","[""https://www.instagram.com/nolakari1/"",""https://www.instagram.com/reel/Daxv51isxKr/"",""https://www.instagram.com/p/DasxSdrB-ik/"",""https://www.instagram.com/p/DaIWC0Hhp5b/"",""https://www.instagram.com/p/DZA8ZYCmuG5/"",""https://www.instagram.com/p/DZAtotwGudZ/"",""https://www.instagram.com/p/DY8HH3HgpkN/"",""https://www.instagram.com/p/DY3G1arA3Ek/"",""https://www.instagram.com/p/DYaWf1wPGL3/"",""https://www.instagram.com/p/DYSdvAqmvDN/"",""https://www.instagram.com/p/DYNzVwpgzch/"",""https://www.instagram.com/p/DX9VqRoALu_/"",""https://www.instagram.com/p/DXebaW0ANAH/"",""https://www.instagram.com/p/DXUTDsWANXX/"",""https://www.instagram.com/p/DXMX69ZAChu/"",""https://www.instagram.com/p/DXFRvCBGgUv/"",""https://www.instagram.com/p/DXA0kVcgGv9/"",""https://www.instagram.com/p/DW_5DCqAC2B/"",""https://www.instagram.com/p/DW900ATAZ2S/"",""https://www.instagram.com/p/DWjRXtBgJP8/"",""https://www.instagram.com/reel/DWedRKhF1Pd/""]"
Holisticpersonal Finance/Coaching,https://www.holisticpersonal.finance/coaching,,,,
Justlistedlouisiana,http://justlistedlouisiana.com/,"[""flags@2x.png""]",,,
Agentfire,https://agentfire.com/,,"[""https://www.linkedin.com/company/agentfire/jobs/""]",,
Essentiallivingrealty,http://www.essentiallivingrealty.com/,,,,
Findyournola Co,https://findyournola.co/,,"[""https://www.linkedin.com/company/getlwolf/\\""]","[""https://www.facebook.com/GetLWolf/"",""https://www.facebook.com/GetLWolf\\"",""https://www.facebook.com/GetLWolf/\\""]","[""https://www.instagram.com/getlwolf\\""]"
Srichardsrealtor,https://www.srichardsrealtor.com/,,,,
Thesagefirm Co,https://www.thesagefirm.co/,,,,
Theraebroussardteam K,https://theraebroussardteam.kw.com/,,,,
Calendly,https://calendly.com/treuxnorth,,,"[""https://www.facebook.com/sharer/sharer.php?u=https%3A%2F%2Fwww.nolahousebuyers.com%2Fcontact-us%2F""]",
Oliviatati,http://oliviatati.com/,,,,
Jcarterandco,http://jcarterandco.com/,"[""jane@email.com""]",,,
Stephanie Reverealtors,https://stephanie.reverealtors.com/,,,,
Lookbuylive,https://lookbuylive.com/,,,,
Holisticpersonal Finance/Coaching,https://www.holisticpersonal.finance/coaching,,,,
Justlistedlouisiana,http://justlistedlouisiana.com/,,,,
Nolahousebuyers,http://www.nolahousebuyers.com/,,,,
Maribel Thepuckettteam,https://maribel.thepuckettteam.com/,,,,
1 Percent Lists,http://1-percent-lists.com/,"[""support@yesmasters.com""]",,,
Nolalivingrealty,https://www.nolalivingrealty.com/tony-bertucci,"[""eric@nolaliving.com""]",,,
Buffini,https://www.buffini.com/,,"[""https://www.linkedin.com/company/buffiniandco/""]","[""https://www.facebook.com/buffiniandcompany""]","[""https://www.instagram.com/buffiniandco/""]"
504Homebuyers,https://www.504homebuyers.com/,"[""gustavo-alves-yoxsc4zrcxw-unsplash@3x.webp""]","[""https://www.linkedin.com/company/504-home-buyers/""]","[""https://www.facebook.com/504homebuyers1""]","[""https://www.instagram.com/504homebuyers/""]"
Primerealestatenola,http://primerealestatenola.com/,"[""joy@joypatin.com""]",,,
Legacyproperty Team,https://legacyproperty.team/,"[""01_krista_logo@2x.png"",""krista@d1yifztffe.wpdns.site""]","[""https://www.linkedin.com/company/krista-mashore-coaching""]","[""https://www.facebook.com/kristamashore"",""https://www.facebook.com/kristamashore/""]","[""https://www.instagram.com/kristamashore""]"
,https://www.compass.com/agents/home-team-nola/,"[""user@domain.com"",""info@504realestatemedia.com""]","[""https://www.linkedin.com/company/504-real-estate-media/?viewAsMember=true""]","[""http://www.facebook.com/2008/fbml"",""https://www.facebook.com/504RealEstateMedia""]","[""https://www.instagram.com/504realestatemedia"",""http://instagram.com/504realestatemedia""]"
Realty,https://www.realty.com/a/tamike-veal,,,,
Sothebysrealty,https://www.sothebysrealty.com/crescentsir/eng/associate/802-a-df2107130934109661/rachel-perkoff,"[""bugreport@moatable.com""]",,,
Kristamashore,https://kristamashore.com/,"[""spotifyicon1@2xlatest-200x200.png"",""spotifyicon1@2xlatest.png""]","[""https://www.linkedin.com/in/timandjulieharris/"",""https://www.linkedin.com/company/tim-&-julie-harris""]","[""https://www.facebook.com/timandjulieharris"",""https://www.facebook.com/tr?id=1388223454827992&ev=PageView"",""https://www.facebook.com/timandjulieharris/""]","[""https://www.instagram.com/timandjulieharris/""]"
504Realestatemedia,http://www.504realestatemedia.com/,"[""info@facetofacerealty.com""]",,"[""https://www.facebook.com/Face2FaceRealty/""]","[""https://www.instagram.com/face2facerealty/""]"
Nolalivingrealty,https://www.nolalivingrealty.com/tony-bertucci,,,,
Buffini,https://www.buffini.com/,,,,
504Homebuyers,https://www.504homebuyers.com/,"[""tyler@504homebuyers.com""]",,,
Primerealestatenola,http://primerealestatenola.com/,"[""california-association-of-realtors@2x.png"",""top-agent-magazine@2x.png"",""national_association-of-retailers@2x.png""]",,,
Legacyproperty Team,https://legacyproperty.team/,"[""krista@kristamashore.com""]",,,
,https://www.compass.com/agents/home-team-nola/,,,,
Realty,https://www.realty.com/a/tamike-veal,,,,
Sothebysrealty,https://www.sothebysrealty.com/crescentsir/eng/associate/802-a-df2107130934109661/rachel-perkoff,,,,
Kristamashore,https://kristamashore.com/,,,,
504Realestatemedia,http://www.504realestatemedia.com/,,,,
Nola Homes,https://www.nola-homes.com/,,,,
Fqr,http://www.fqr.com/,,,,
Kellyrichardson Exprealty,http://kellyrichardson.exprealty.com/,,,,
Aaronrosshomes,http://aaronrosshomes.com/,"[""tom@timandjulieharris.com""]","[""https://www.linkedin.com/company/tim-&#038;-julie-harris""]",,
Timandjulieharris,https://timandjulieharris.com/,,,,
,https://www.compass.com/,"[""you@email.com""]",,"[""https://www.facebook.com/tr?id=1048735316092171&ev=PageView&noscript=1""]",
Jessicabordelon Bhhs Preferred,https://jessicabordelon.bhhs-preferred.com/,"[""eric@nolaliving.com""]",,,
Rossrealtynola,https://www.rossrealtynola.com/,"[""bianca@bayoubrokerage.com""]","[""https://www.linkedin.com/in/bianca-baham-94bb7b233?utm_source=share&utm_campaign=share_via&utm_content=profile&utm_medium=ios_app"",""https://www.linkedin.com/in/bianca-baham-94bb7b233?utm_source=share\\u0026utm_campaign=share_via\\u0026utm_content=profile\\u0026utm_medium=ios_app""]","[""https://www.facebook.com/share/1AuGy9Xz8x/?mibextid=wwXIfr""]","[""https://instagram.com/realtor_biancabaham""]"
Nolaliving,http://nolaliving.com/,"[""ben@benburka.com"",""casey@benburka.com"",""aaron@benburka.com"",""cameron@benburka.com""]","[""https://www.linkedin.com/company/ben-burka"",""https://www.linkedin.com/company/ben-burka/about/""]",,"[""https://www.instagram.com/benburka_realestate""]"
Linktr Ee/Bbaham?Utm_Source=Linktree_Profile_Share&Ltsid=25992E59 8893 4F75 9813 E72Af72E1A30,https://linktr.ee/bbaham?utm_source=linktree_profile_share&ltsid=25992e59-8893-4f75-9813-e72af72e1a30,"[""cathy@alexcate.com""]",,"[""https://www.facebook.com/https://www.facebook.com/alexcaterealty/""]","[""http://instagram.com/https://www.instagram.com/alexcaterealty/""]"
Coolmurphy,http://coolmurphy.com/jess-rocco,"[""brett@planetguide.com"",""info@snapnola.com""]","[""https://www.linkedin.com/in/kara-breithaupt-0b2a4a6/"",""https://www.linkedin.com/shareArticle?mini=true&url={URL}""]","[""https://www.facebook.com/SnapRealtyTeam/"",""https://www.facebook.com/sharer.php?u={URL}""]","[""https://www.instagram.com/SnapRealtyNola/""]"
Benburka,http://www.benburka.com/,,"[""https://www.linkedin.com/in/erealestatecoach/""]","[""https://www.facebook.com/tr?id=1638907699705025&ev=PageView&noscript=1"",""https://www.facebook.com/erealestatecoach/""]","[""https://www.instagram.com/erealestatecoach""]"
Alexcate,http://www.alexcate.com/,"[""bugreport@moatable.com""]",,,
Kaylalovesnola,https://kaylalovesnola.com/,"[""teamnugentfreeland@gmail.com""]","[""http://www.linkedin.com/pub/michael-f-freeland/28/240/85""]","[""https://www.facebook.com/tr?id=448073639385983&ev=PageView""]",
Snaprealtynola,http://www.snaprealtynola.com/,,"[""https://www.linkedin.com/in/terez-harris-35969023/""]","[""https://www.facebook.com/TerezNolaRealtorGroup""]","[""https://www.instagram.com/terezharrisrealtor/""]"
Erealestatecoach2,https://www.erealestatecoach2.com/,,"[""https://www.linkedin.com/in/jiarrarayford""]","[""https://www.facebook.com/JiarraRayfordBroker""]","[""https://www.instagram.com/rayfordrealtynola""]"
Tegan Reverealtors,http://tegan.reverealtors.com/,,,,"[""https://instagram.com/buywithbologna""]"
Metro New Orleans,https://www.metro-new-orleans.com/,"[""melaina@upperllc.com"",""user@domain.com""]",,"[""http://www.facebook.com/2008/fbml""]","[""https://www.instagram.com/uppermanagement.realty/"",""https://www.instagram.com/olivia.and.mel/"",""https://www.instagram.com/p/DZarzwrkS1o/"",""https://www.instagram.com/p/DZITs0MESbw/"",""https://www.instagram.com/p/DY2kvCBkXF9/"",""https://www.instagram.com/reel/DYpTkiOxDWG/embed/&quot;&gt;&lt;/iframe&gt;"",""https://www.instagram.com/p/DYe5CwfEeaa/"",""https://www.instagram.com/p/DXo-u36kUdx/"",""https://www.instagram.com/p/DW4EWUjkYiS/"",""https://www.instagram.com/reel/DWWmrPYkcWp/embed/&quot;&gt;&lt;/iframe&gt;"",""https://www.instagram.com/p/DVq-ng7kfWd/"",""https://www.instagram.com/p/DVj5bQZEb2J/""]"
Zachary Reverealtors,http://zachary.reverealtors.com/,"[""bugreport@moatable.com""]",,,
Smartrealestatecoach,https://www.smartrealestatecoach.com/,,,"[""https://www.facebook.com/WitryCollective""]","[""https://www.instagram.com/witrycollective/""]"
Cnola,https://wcnola.com/agent/josh-walther/,,,,
Teamrightside,http://teamrightside.com/,"[""eric@nolaliving.com""]",,,
Lisajulien,http://www.lisajulien.com/,,,,
Dorislumpkin,https://dorislumpkin.com/,,,,
Nolalivingrealty,https://www.nolalivingrealty.com/melissa-shaw,"[""ernst@listingnola.com""]","[""https://www.linkedin.com/in/david-ernst-07b377b/"",""https://www.linkedin.com/company/kwrno/""]","[""https://www.facebook.com/ListingNOLA/"",""https://www.facebook.com/kwneworleans/""]","[""https://www.instagram.com/davidernstkwrno"",""https://instagram.com/kwneworleans""]"
Jonathan Reverealtors,http://jonathan.reverealtors.com/,,,"[""https://www.facebook.com/SatsumaRealEstate/""]","[""https://www.instagram.com/satsumarealestate/""]"
Reverealtors,https://reverealtors.com/,,,,
Labauvegrp,https://www.labauvegrp.com/,"[""leslieheindel@gmail.com"",""teambeneworleans@gmail.com""]",,"[""https://www.facebook.com/beneworleans"",""https://www.facebook.com/plugins/video.php?href=https%3A%2F%2Fwww.facebook.com%2Fcrista.rock%2Fvideos%2F10154857948928542%2F&show_text=0&width=560"",""https://www.facebook.com/beneworleans/""]","[""https://www.instagram.com/beneworleans/""]"
Athenare,http://www.athenare.com/,,,,
Listingnola,https://listingnola.com/,,"[""https://www.linkedin.com/company/burk-brokerage-real-estate/""]","[""https://www.facebook.com/burkbrokerage#""]","[""https://www.instagram.com/burkbrokerage/"",""https://www.instagram.com/{{username}}"",""https://www.instagram.com/{{../username}}""]"
Zachary Reverealtors,http://zachary.reverealtors.com/,,,,
Smartrealestatecoach,https://www.smartrealestatecoach.com/,,,,
Cnola,https://wcnola.com/agent/josh-walther/,,,,
Teamrightside,http://teamrightside.com/,,,,
Lisajulien,http://www.lisajulien.com/,,,,
Dorislumpkin,https://dorislumpkin.com/,,,,
Nolalivingrealty,https://www.nolalivingrealty.com/melissa-shaw,,,"[""https://www.facebook.com/LeslieHeindelNOLA/""]",
Jonathan Reverealtors,http://jonathan.reverealtors.com/,,,,
Reverealtors,https://reverealtors.com/,,,,
Labauvegrp,https://www.labauvegrp.com/,,,,
Athenare,http://www.athenare.com/,,,,
Cnola,http://www.wcnola.com/,,,"[""https://www.facebook.com/WitryCollective""]","[""https://www.instagram.com/witrycollective/"",""https://www.instagram.com/witrycollective"",""https://www.instagram.com/p/DbEJgpOFagx/"",""https://www.instagram.com/p/DbBdgWTqpH-/"",""https://www.instagram.com/p/Da3OVRElY3n/"",""https://www.instagram.com/reel/DaiaZ6uqhsh/"",""https://www.instagram.com/p/DaDmmGBKwPU/"",""https://www.instagram.com/p/DZ-WpZhlWyB/"",""https://www.instagram.com/p/DZ74lhplQHR/"",""https://www.instagram.com/p/DZaFsZLKTPU/"",""https://www.instagram.com/p/DZNTtsCFflP/"",""https://www.instagram.com/reel/DZIH59RK2EQ/"",""https://www.instagram.com/p/DZGL1pgKXzr/"",""https://www.instagram.com/p/DY99wsCFcno/"",""https://www.instagram.com/p/DY7d7oYlSvZ/"",""https://www.instagram.com/p/DY7ZZq-FcHb/"",""https://www.instagram.com/p/DYpnkRKlTLb/"",""https://www.instagram.com/p/DYkietRK2Yc/"",""https://www.instagram.com/p/DYkXieTkbAT/"",""https://www.instagram.com/p/DYXrmD9kckq/"",""https://www.instagram.com/p/DYU_D6uxEuL/"",""https://www.instagram.com/p/DYP_nczqYAX/""]"
Christalks,https://www.christalks.com/?utm_source=google&utm_medium=organic&utm_term=gbp-listing-donaldson-re-coach,,,"[""https://www.facebook.com/TheChrisDonaldson/""]",
Coachco Ca,https://coachco.ca/,"[""matthew@coachco.ca""]",,"[""https://www.facebook.com/RECoachCo/""]","[""https://www.instagram.com/recoachco""]"
Fultongrace,https://www.fultongrace.com/realtors/irais-torres/realtor-in-chicago-il/,"[""iraist@fultongrace.com""]","[""https://www.linkedin.com/company/fulton-grace-realty/""]","[""https://www.facebook.com/fultongracerealty/""]","[""https://www.instagram.com/fultongracerealty/""]"
Homesnap,https://www.homesnap.com/Mircea-Campean/gmb2,,,,
Nikkikofkinrealestate,https://www.nikkikofkinrealestate.com/,,,,
Homesnap,https://www.homesnap.com/Wayne-Beals/gmb,"[""admin@prellorealty.com"",""admin@test.prellorealty.com""]",,"[""https://www.facebook.com/Prello-Realty-171353539569378""]",
Jordan Pyle,https://www.compass.com/agents/jordan-pyle/,"[""info@chicagomultifamilybroker.com"",""ivan@chicagomultifamilybroker.com""]","[""https://www.linkedin.com/in/ivan-mirandabaum"",""https://www.linkedin.com/in/ivan-mirandabaum-77b9ab60?utm_source=share&utm_campaign=share_via&utm_content=profile&utm_medium=ios_app""]","[""https://www.facebook.com/ivan.hernandez.56863221?mibextid=LQQJ4d%20"",""https://www.facebook.com/ivan.hernandez.56863221?mibextid=LQQJ4d""]","[""https://www.instagram.com/the_friendly_landlords_podcast?igsh=MXVvdmQzODAzanE0NQ%3D%3D&#038;utm_source=qr"",""https://www.instagram.com/the_friendly_landlords_podcast?igsh=MXVvdmQzODAzanE0NQ%3D%3D&utm_source=qr""]"
Ashley Smith C,https://www.compass.com/agents/ashley-smith-c/,,,"[""https://www.facebook.com/BuzzerRealEstate""]","[""https://www.instagram.com/buzzer_realestate/""]"
Prellorealty,http://www.prellorealty.com/,"[""user@domain.com"",""info@doraziorealestate.com""]","[""https://www.linkedin.com/company/dorazio-real-estate-llc""]","[""http://www.facebook.com/2008/fbml"",""https://www.facebook.com/drozrealestate"",""https://www.facebook.com/tr?id=422809480492618&ev=PageView"",""https://www.facebook.com/groups/chicagoveteransrealestategroup""]","[""https://www.instagram.com/doraziorealestate/""]"
Cnola,http://www.wcnola.com/,,,,
Christalks,https://www.christalks.com/?utm_source=google&utm_medium=organic&utm_term=gbp-listing-donaldson-re-coach,,,,
Coachco Ca,https://coachco.ca/,"[""chris@donaldsoneducation.com""]",,,
Fultongrace,https://www.fultongrace.com/realtors/irais-torres/realtor-in-chicago-il/,,,,
Homesnap,https://www.homesnap.com/Mircea-Campean/gmb2,,,,
Nikkikofkinrealestate,https://www.nikkikofkinrealestate.com/,,,,
Homesnap,https://www.homesnap.com/Wayne-Beals/gmb,,,,
Jordan Pyle,https://www.compass.com/agents/jordan-pyle/,,,,
Ashley Smith C,https://www.compass.com/agents/ashley-smith-c/,,,,
Prellorealty,http://www.prellorealty.com/,,,,
Form Jotform,http://form.jotform.com/230325962881157,,,,
Zillo,https://www.zillow.com/profile/Al%20Zoubi,,,,
Kelsey Shah,https://www.compass.com/agents/kelsey-shah/,,,,
Ashley Donat,https://www.compass.com/agents/ashley-donat/,,,,
Chicagomultifamilybroker,https://chicagomultifamilybroker.com/,,,,
Buzzerrealestate,http://www.buzzerrealestate.com/,,,,
Chicagonorthsiderealty,https://www.chicagonorthsiderealty.com/,,,,
Sarah Jenema,https://www.compass.com/agents/chicago/sarah-jenema/,,,,
Fachicago,http://fachicago.com/,"[""faustinoaguilera@gmail.com""]","[""http://www.linkedin.com/in/faustino-aguilera-Aguilera-Realty""]","[""https://www.facebook.com/AguileraRealty""]","[""https://www.instagram.com/faustinoaguilera/""]"
262 Realty,http://262-realty.com/,,,,
Chicago Evrealestate,https://chicago.evrealestate.com/,"[""db02329e4d63f0061fb2c9af139b3b79@o4506950598787072.ingest.us.sentry.io"",""kshaw@atproperties.com""]","[""https://www.linkedin.com/in/kelseyashaw/""]","[""https://www.facebook.com/KelseyShawChicago"",""https://www.facebook.com/atproperties/""]","[""https://www.instagram.com/chi_millennial"",""https://www.instagram.com/atproperties/""]"
Aptamigo,https://www.aptamigo.com/IL/Chicago?utm_medium=gmb,"[""support@moxiworks.com"",""mail-service@platform.moxiworks.com"",""info@windermere.com"",""mail-service@platform1.moxiworks.com"",""campaigns@info.properties"",""krystal.ruggiero@cbrealty.com"",""900618.lead.lag.101023041@leads.leadrouter.com"",""krystalclearagent@gmail.com""]","[""https://www.linkedin.com/in/krystal-ruggiero-088214327/""]","[""https://www.facebook.com/Herba.MOM526/""]","[""https://www.instagram.com/krystal_ruggiero/""]"
Atproperties,https://www.atproperties.com/agents/5433/kelsey-shaw,"[""ashleybell@atproperties.com"",""swrohloff@gmail.com"",""dominique.harris@kearney.com"",""nmouawad@gmail.com"",""john.c.petersen@gmail.com"",""jillasider@gmail.com"",""jcorgel@gmail.com"",""npearce1@gmail.com"",""jbednar@umich.edu"",""lisabeckettsaul@gmail.com"",""josephspatt@gmail.com"",""lypieper@gmail.com"",""rebecca_blair@hotmail.com"",""ktuttle22@hotmail.com"",""janicemhay@gmail.com"",""benzfin@aol.com"",""davidelkayam@me.com"",""ellen.morris33@gmail.com"",""pai.tina.pai@gmail.com"",""thuynh85@yahoo.com"",""aerotaylor@yahoo.com"",""acohen19@gmail.com"",""laurencaptain1@gmail.com"",""seb.marin29@gmail.com"",""bmurphy.info@gmail.com"",""jessica.pratt9416@gmail.com"",""avald29@gmail.com"",""agarc048@gmail.com"",""dlhc2016@gmail.com"",""kalpatel2009@gmail.com"",""emilynisson@gmail.com"",""jvinck@umich.edu"",""callistalay@gmail.com"",""amy.buban89@ymail.com""]",,"[""https://www.facebook.com/profile.php?id=100009558076586""]","[""https://www.instagram.com/iamashleybell/""]"
Eddiediazrealtor,http://www.eddiediazrealtor.com/,,"[""https://www.linkedin.com/in/vergis-eiland-4792648/""]","[""https://www.facebook.com/VergisEilandRealtor/""]","[""https://www.instagram.com/vergiseilandrealtor""]"
Krystalruggiero Sites Cbmoxi,https://krystalruggiero.sites.cbmoxi.com/,,,,
Atproperties,https://www.atproperties.com/agents/4644/ashley-bell,"[""daisy@daisymaza.com""]","[""https://www.linkedin.com/in/daisy-mazariegos-0a5523131/""]",,"[""https://www.instagram.com/daisymazainchicago/""]"
Chicago Il,https://www.compass.com/agents/locations/chicago-il/37237/,,"[""https://www.linkedin.com/in/sethcaptain/""]",,
Vergiseiland,https://vergiseiland.com/?utm_source=gbp&utm_medium=organic,"[""info@chicago-rentals.com"",""aheredia@chicagorentals.org""]",,"[""https://www.facebook.com/tr?id=2720833171362718&ev=PageView&noscript=1""]",
Fultongrace,https://www.fultongrace.com/?utm_source=GMB&utm_medium=organic,"[""dbarakat@atproperties.com"",""rachel.meyers@ymail.com""]",,,
Daisymaza,https://www.daisymaza.com/,,,,"[""https://www.instagram.com/bluedoordaverealestate/""]"
Captainrealty Net,http://www.captainrealty.net/,"[""cure-header-logo-mobile@2x.png"",""info@urbanrealestate.com""]",,"[""https://www.facebook.com/tr?id=250738453176360&ev=PageView&noscript=1"",""http://www.facebook.com/pages/Chicago-IL/Urban-Real-Estate/126469176320""]","[""https://www.instagram.com/urbanrealestate/""]"
Chicago Rentals,http://www.chicago-rentals.com/,"[""zade.lecaj@thenavagency.com""]","[""https://www.linkedin.com/company/the-nav-agency/about/""]","[""https://www.facebook.com/thenavagency""]","[""https://www.instagram.com/zade.realestate/"",""https://www.instagram.com/thenavagency/""]"
Atproperties,https://www.atproperties.com/agents/20465/deanna-barakat,"[""cengel@atproperties.com""]",,,
Michaelscavogroup,http://michaelscavogroup.com/,,"[""https://www.linkedin.com/in/michael-scavo-413b8410a/""]","[""https://www.facebook.com/themichaelscavogroup""]","[""https://www.instagram.com/michaelscavogroup/"",""https://www.instagram.com/{{username}}"",""https://www.instagram.com/{{../username}}""]"
Realtyofamerica,https://www.realtyofamerica.com/,"[""user@domain.com"",""mike.samm@kw.com""]",,"[""http://www.facebook.com/2008/fbml"",""https://www.facebook.com/lincolnparkteam""]",
Missirliangroup,http://www.missirliangroup.com/,,"[""https://www.linkedin.com/company/dream-town-realty/""]","[""https://www.facebook.com/dreamtown/""]","[""https://www.instagram.com/dreamtownchicago/""]"
Lincolnparkrealestateteam,https://www.lincolnparkrealestateteam.com/,"[""bugreport@moatable.com""]",,,
Aptamigo,https://www.aptamigo.com/jfriedman?utm_content=Google,,,,
Patriciapulido,http://www.patriciapulido.com/,"[""shay@buyselllovechicago.com"",""shay@shayhata.com""]","[""https://linkedin.com/in/shaylawrence/"",""https://www.linkedin.com/shareArticle?mini=true&amp;url=https://www.buyselllovechicago.com/spring-plumbing-alert-how-tree-roots-can-impact-your-sewer-line/&amp;title=Spring"",""https://www.linkedin.com/shareArticle?mini=true&amp;url=https://www.buyselllovechicago.com/summer-bbq-kick-off-recipes/&amp;title=Summer"",""https://www.linkedin.com/shareArticle?mini=true&amp;url=https://www.buyselllovechicago.com/how-offer-terms/&amp;title=How"",""https://www.linkedin.com/shareArticle?mini=true&amp;url=https://www.buyselllovechicago.com/&amp;title=Buy""]","[""https://facebook.com/thebuzzaboutchicago"",""https://www.facebook.com/sharer/sharer.php?u=https://www.buyselllovechicago.com/spring-plumbing-alert-how-tree-roots-can-impact-your-sewer-line/"",""https://www.facebook.com/sharer/sharer.php?u=https://www.buyselllovechicago.com/summer-bbq-kick-off-recipes/"",""https://www.facebook.com/sharer/sharer.php?u=https://www.buyselllovechicago.com/how-offer-terms/"",""https://www.facebook.com/sharer/sharer.php?u=https://www.buyselllovechicago.com/""]","[""https://www.instagram.com/buyselllovechicago/""]"
Serenerealtyinc,https://www.serenerealtyinc.com/,,"[""https://www.linkedin.com/company/yourcrossstreet/""]","[""https://www.facebook.com/yourcrossstreet""]","[""https://www.instagram.com/crossstreetsales/"",""https://www.instagram.com/yourcrossstreet/""]"
Plus Cre,https://www.plus-cre.com/,"[""info@world1realty.com""]",,,
Buyselllovechicago,http://www.buyselllovechicago.com/,,"[""https://www.linkedin.com/in/joseph-kotoch-a9095738/""]","[""https://www.facebook.com/joekotochgroup""]","[""https://www.instagram.com/windycityagents/""]"
Greenbetsy,http://greenbetsy.com/,"[""you@domain.com"",""tiffany@fultongrace.com""]",,"[""https://www.facebook.com/poolsharkbroker""]","[""https://www.instagram.com/poolsharkbroker""]"
Yourcrossstreet,https://yourcrossstreet.com/cross-street-sales-division/,,"[""https://www.linkedin.com/in/themarkquesada/""]","[""https://www.facebook.com/MarkQuesadaRealtor/"",""https://www.facebook.com/TheQuesadaGroup/""]","[""https://www.instagram.com/themarkquesada/""]"
Kendricrichardson,http://kendricrichardson.com/,,,,
Orld1Realty,https://world1realty.com/,,,,
Michaelscavogroup,http://michaelscavogroup.com/,,,,
Realtyofamerica,https://www.realtyofamerica.com/,,,,
Missirliangroup,http://www.missirliangroup.com/,,,,
Lincolnparkrealestateteam,https://www.lincolnparkrealestateteam.com/,,,,
Aptamigo,https://www.aptamigo.com/jfriedman?utm_content=Google,,,,
Patriciapulido,http://www.patriciapulido.com/,,,,
Serenerealtyinc,https://www.serenerealtyinc.com/,,,,
Plus Cre,https://www.plus-cre.com/,,"[""https://www.linkedin.com/shareArticle?mini=true&amp;url=https://www.buyselllovechicago.com/about-us/&amp;title=About""]","[""https://www.facebook.com/sharer/sharer.php?u=https://www.buyselllovechicago.com/about-us/""]",
Buyselllovechicago,http://www.buyselllovechicago.com/,,"[""https://www.linkedin.com/shareArticle?mini=true&amp;url=https://www.buyselllovechicago.com/contact-us/&amp;title=Contact""]","[""https://www.facebook.com/sharer/sharer.php?u=https://www.buyselllovechicago.com/contact-us/""]",
Greenbetsy,http://greenbetsy.com/,,,,
Yourcrossstreet,https://yourcrossstreet.com/cross-street-sales-division/,,,,
Kendricrichardson,http://kendricrichardson.com/,,,,
Orld1Realty,https://world1realty.com/,,,,
Joekotoch,https://joekotoch.com/,,,,
Poolsharkbroker,http://www.poolsharkbroker.com/,,,,
Kyleharvey Bairdwarner,https://kyleharvey.bairdwarner.com/,,,,
Thequesadagroup,http://www.thequesadagroup.com/,,,,
Danielvannarealtor,http://www.danielvannarealtor.com/,,,,
Theacdgroup,http://theacdgroup.com/,"[""logo-wp-180w@4x.png"",""logo-wp-180w@4x-300x44.png"",""info@realtyofchicago.com"",""mark@marksouthwood.com"",""aczechura@agarealtor.com"",""andrew@brokeronsite.com"",""iconover@jamesonsir.com"",""eric.weisheit@exprealty.com"",""benosellschicago@gmail.com"",""baseltarabein@remax.net""]","[""https://www.linkedin.com/company/realty-of-chicago""]","[""https://www.facebook.com/RealtyOfChicago""]","[""https://www.instagram.com/realty_of_chicago/""]"
Carmenandtony,https://www.carmenandtony.com/,"[""info@pearsonrealtygroup.com""]","[""https://www.linkedin.com/company/3790406""]","[""https://www.facebook.com/tr?id=1494965244155134&ev=PageView&noscript=1"",""http://facebook.com/pearsonrealtygroup""]","[""http://instagram.com/pearsonrealtygroup""]"
Realtyofchicago,http://realtyofchicago.com/,"[""4e376b84dfa54d438285936f87ce3cfe@o477720.ingest.sentry.io""]","[""http://www.linkedin.com/pub/howard-thomas/10/49a/1a4""]","[""http://www.facebook.com/profile.php?id=633900776""]",
Pearsonrealtygroup,http://www.pearsonrealtygroup.com/,"[""db02329e4d63f0061fb2c9af139b3b79@o4506950598787072.ingest.us.sentry.io"",""abbykelley@atproperties.com"",""medio847@aol.com"",""saraheazzone@gmail.com"",""dray.patterson16@gmail.com"",""samanthamlane@yahoo.com"",""jordan.watkins@icloud.com"",""aqauthor@gmail.com"",""arkadiygertsman@gmail.com"",""loganmwilliams02@gmail.com""]","[""https://www.linkedin.com/in/abbylkelley/""]","[""https://www.facebook.com/abbykelleychicago"",""https://www.facebook.com/atproperties/""]","[""https://www.instagram.com/abbylkelley/"",""https://www.instagram.com/atproperties/""]"
About Me/Howardthomasrealestate,https://about.me/howardthomasrealestate.com,"[""homes@brightfuturerealty.net""]",,"[""https://www.facebook.com/BFRCHICAGO/""]",
Abbykelley,http://abbykelley.com/,,"[""https://www.linkedin.com/in/edmottoproperties/"",""https://www.linkedin.com/shareArticle?mini=true&url=https://www.edmottoproperties.com&text=&title=&summary=&source="",""https://www.linkedin.com/in/https://www.linkedin.com/in/edmottoproperties/""]","[""https://www.facebook.com/people/Ed-Motto-Real-Estate-Broker/100088314729503/"",""https://www.facebook.com/sharer/sharer.php?u=https://www.edmottoproperties.com"",""https://www.facebook.com/sharer/sharer.php?u=https://edmottoproperties.com/properties/{{slug}}"",""https://www.facebook.com/sharer/sharer.php?u=https://edmottoproperties.com/properties/2020-n-lincoln-park-w-unit-28ab-chicago-il-us-60614-mrd12722521"",""https://www.facebook.com/sharer/sharer.php?u=https://edmottoproperties.com/properties/1694857407057917259-3026-N-Lake-Shore-Drive"",""https://www.facebook.com/sharer/sharer.php?u=https://edmottoproperties.com/properties/1694107838751813443-453-W-Briar-Place-Unit-PH-WEST"",""https://www.facebook.com/sharer/sharer.php?u=https://edmottoproperties.com/properties/1694139386772399792-551-W-Grant-Place"",""https://www.facebook.com/sharer/sharer.php?u=https://edmottoproperties.com/properties/1694752829221978029-531-W-Grant-Place"",""https://www.facebook.com/sharer/sharer.php?u=https://edmottoproperties.com/properties/1694267898340495368-2120-N-Lincoln-Park-West-Unit-15"",""https://www.facebook.com/sharer/sharer.php?u=https://edmottoproperties.com/properties/1694944950223358955-545-W-Grant-Place"",""https://www.facebook.com/sharer/sharer.php?u=https://edmottoproperties.com/properties/1694411270129114002-353-W-BELDEN-Avenue"",""https://www.facebook.com/sharer/sharer.php?u=https://edmottoproperties.com/properties/1694964242446932615-2342-N-Cleveland-Avenue"",""https://www.facebook.com/sharer/sharer.php?u=https://edmottoproperties.com/properties/169415593620134287-453-W-Briar-Place-Unit-2E"",""https://www.facebook.com/sharer/sharer.php?u=https://edmottoproperties.com/properties/1694487032559049786-416-W-Deming-Place-Unit-4"",""https://www.facebook.com/sharer/sharer.php?u=https://edmottoproperties.com/properties/1694314809526725731-2468-N-Orchard-Street-Unit-3""]","[""https://www.instagram.com/edmottoproperties/""]"
Brightfuturerealty Net/Index Html,https://brightfuturerealty.net/index.html,"[""azin@azinamiran.com""]",,,
Edmottoproperties,https://edmottoproperties.com/,"[""user@domain.com"",""aaron@record-realty.com""]",,"[""http://www.facebook.com/2008/fbml""]","[""https://instagram.com/aaronspiromusic""]"
Soldbyazin,http://www.soldbyazin.com/,,,"[""https://www.facebook.com/recover/initiate/?privacy_mutation_token=eyJ0eXBlIjo1LCJjcmVhdGlvbl90aW1lIjoxNzg2MzM1MzYzfQ%3D%3D&amp;ars=facebook_login&amp;next=https%3A%2F%2Fwww.facebook.com%2FRealtyofchicagosouthside"",""https://www.facebook.com/reg/"",""https://www.facebook.com/login/"",""https://www.facebook.com/lite/"",""https://www.facebook.com/watch/"",""https://www.facebook.com/privacy/policy/?entry_point=facebook_page_footer"",""https://www.facebook.com/privacy/center/?entry_point=facebook_page_footer"",""https://www.facebook.com/about/"",""https://www.facebook.com/ad_campaign/landing.php?placement=pflo&amp;campaign_id=402047449186&amp;nav_source=unknown&amp;extra_1=auto"",""https://www.facebook.com/pages/create/?ref_type=site_footer"",""https://www.facebook.com/careers/?ref=pf"",""https://www.facebook.com/policies/cookies/"",""https://www.facebook.com/help/568137493302217"",""https://www.facebook.com/policies?ref=pf"",""https://www.facebook.com/help/?ref=pf"",""https://www.facebook.com/help/637205020878504""]",
Record Realty,http://record-realty.com/,"[""ledio@samargroupre.com""]",,,
Realtyofchicagosouthside,https://www.facebook.com/Realtyofchicagosouthside,"[""terri-buseman@2x.png"",""terri@terribuseman.com""]","[""https://www.linkedin.com/in/terribuseman/""]","[""https://www.facebook.com/Terribusemanchicagorealtor/"",""https://www.facebook.com/tr?id=672527226579075&amp;ev=PageView&amp;noscript=1"",""https://www.facebook.com/Terri-Buseman-Chicago-Realtor-100811524679093/""]","[""https://www.instagram.com/terribusemanrealtor/""]"
Tagcommercialbroker,http://tagcommercialbroker.com/,"[""wendya@atproperties.com""]","[""https://www.linkedin.com/in/wendy-andrade/""]","[""https://www.facebook.com/wendy.andrade.98""]","[""https://www.instagram.com/The_wendycity_/""]"
Santiagoandelizabeth,http://www.santiagoandelizabeth.com/,"[""info@kmrealtygroup.net""]","[""https://www.linkedin.com/company/kmrealtygroupllc/""]","[""https://www.facebook.com/KMRealtyGroupLLC/"",""https://www.facebook.com/tr?id=881274423072210&ev=PageView""]","[""https://www.instagram.com/realtortammyrjacksonchicago/""]"
Samargroupre,http://www.samargroupre.com/,"[""info@thefrjgroup.com""]","[""https://www.linkedin.com/in/fernandorochajr/""]","[""https://www.facebook.com/fernandorochajr.realtor""]","[""https://www.instagram.com/frjgroup/"",""https://www.instagram.com/p/DMtNbjNu0zv/embed/"",""https://www.instagram.com/p/C2bDHTdgD4B/embed/"",""https://www.instagram.com/p/Ct9kNReAOxt/embed/"",""https://www.instagram.com/p/C77vLOygkeo/embed/"",""https://www.instagram.com/p/C2dc_NAg7at/embed/"",""https://www.instagram.com/p/C2LOsbAgiQo/embed/""]"
Terribuseman,http://www.terribuseman.com/,"[""anastasiia.hurtova@compass.com""]",,"[""https://www.facebook.com/anastasiia.re""]","[""https://instagram.com/anastasiia_real.estate""]"
Atproperties,https://www.atproperties.com/site/wendyandrade,"[""crystalsellschicago@gmail.com"",""hans@landstarrealty.com"",""josephchicagorealestate@gmail.com"",""barbarawagner.realty@gmail.com"",""krischicagosells@gmail.com"",""esanches.apts@gmail.com"",""rentwithbrett@gmail.com"",""isaacjolcover@landstarrealty.com"",""jrkrealtygroup@gmail.com"",""realtormichaelrobinson@gmail.com"",""rozielreyes23@outlook.com"",""sivezic90@gmail.com"",""karolina.landstar@gmail.com"",""molandstarrealty@gmail.com"",""meshowrents@yahoo.com"",""uifonaleasing@gmail.com""]",,"[""https://www.facebook.com/LandstarChicago"",""https://www.facebook.com/LandstarRealtyGroup/""]","[""https://www.instagram.com/landstarchicago"",""https://www.instagram.com/landstarchicago/?hl=en""]"
Zenlist,https://zenlist.com/a/edgar.zelaya,"[""zelayarealty@gmail.com""]","[""http://linkedin.com/in/edgar-zelaya-b03917304"",""http://linkedin.com/in/edgar-zelaya-b03917304\\""]","[""https://www.facebook.com/edgar.zelaya"",""https://www.facebook.com/edgar.zelaya\\""]",
Laurentraficantorealestate,http://www.laurentraficantorealestate.com/,,"[""https://www.linkedin.com/in/moskalik-traficanto-realtors-1b0a861b""]",,"[""https://www.instagram.com/p/DBwADrhMCM8/"",""https://www.instagram.com/p/DBq0YP_pbQS/"",""https://www.instagram.com/p/DBjFum8oF5B/"",""https://www.instagram.com/p/DBd7225MIFg/"",""https://www.instagram.com/ltrealestatechicago""]"
Nbeliterealty,https://nbeliterealty.com/,"[""info@nbeliterealty.com"",""name@company.com""]","[""https://www.linkedin.com/company/nb-elite-realty""]","[""https://www.facebook.com/NBEliteRealty/""]","[""https://www.instagram.com/nbeliterealty/""]"
Leadingre,https://www.leadingre.com/,,"[""https://www.linkedin.com/company/leading-real-estate-companies/""]","[""https://www.facebook.com/LeadingRealEstateCompanies""]","[""https://www.instagram.com/leadingre_official/""]"
Shieldrealestate Net,https://shieldrealestate.net/,,,,
Theresahahn,http://www.theresahahn.com/contact/,"[""theresa.hahn@cbexchange.com"",""theresa.hahn@compass.com"",""user@domain.com""]","[""https://www.linkedin.com/pub/theresa-hahn/8/284/131""]","[""http://www.facebook.com/2008/fbml"",""http://www.facebook.com/TheresaHahnChicago""]","[""https://www.instagram.com/theresahahnchicago/""]"
Mattayorealtor,https://www.mattayorealtor.com/,,"[""https://www.linkedin.com/in/mattjayo/&quot;]}],[0,{&quot;svg&quot;:[0,&quot;&lt;svg"",""https://www.linkedin.com/in/mattjayo/""]","[""https://www.facebook.com/mattayorealty/&quot;]}],[0,{&quot;svg&quot;:[0,&quot;&lt;svg"",""https://www.facebook.com/mattayorealty/""]","[""https://www.instagram.com/ayokeepsitreal&quot;]}],[0,{&quot;svg&quot;:[0,&quot;&lt;svg"",""https://www.instagram.com/ayokeepsitreal""]"
Chicagoluxurylistings,https://www.chicagoluxurylistings.com/,"[""info@chicagoluxuryrealty.com""]",,"[""https://www.facebook.com/chicagoluxuryrealty/"",""https://www.facebook.com/chicagoluxurylistings""]","[""https://www.instagram.com/chicagoluxurylistings/"",""https://www.instagram.com/312luxuryrealty/,"",""https://www.instagram.com/312luxuryrealty/""]"
Saladinosells,http://www.saladinosells.com/,"[""mike@saladinosells.homes""]","[""https://www.linkedin.com/in/mikesaladinochicago/""]","[""https://www.facebook.com/saladinosells/""]","[""https://www.instagram.com/saladinosells/?hl=en"",""https://www.instagram.com/saladinosells/""]"
Lisa Kalous,https://www.compass.com/agents/chicago/lisa-kalous/,,"[""https://www.linkedin.com/in/antonio-sarmiento-35415118""]","[""https://www.facebook.com/antonio.sarmiento.104""]","[""https://www.instagram.com/antoniochicagolandrealtor/""]"
Erin Ivey,https://www.compass.com/agents/erin-ivey/,,,,
Antoniosellshomes,https://antoniosellshomes.com/?utm_source=gbp&utm_medium=organic,,"[""https://www.linkedin.com/in/rafaelmurillo312/"",""https://www.linkedin.com/in/rafaelmurillo312""]","[""https://www.facebook.com/rmluxurygroup""]","[""https://www.instagram.com/rmluxurygroup/""]"
Homeasap,https://homeasap.com/rossietherealtor,"[""jwebb@bairdwarner.com""]",,,
Rmluxurygroup,https://rmluxurygroup.com/,,"[""https://www.linkedin.com/in/kseniawurl/""]","[""https://www.facebook.com/KseniaWurlChicagoRealtor""]","[""https://www.instagram.com/kseniawurlchicagorealtor/""]"
Universitycommonschicago,http://universitycommonschicago.com/,,"[""https://www.linkedin.com/in/michael-rosenblum-97751635b""]","[""https://www.facebook.com/HappilyEverAlways""]","[""https://www.instagram.com/michaelrosenblumofficial""]"
Urlluxurygroup,http://www.wurlluxurygroup.com/,"[""consult@muvrealestate.com""]",,"[""https://www.facebook.com/MuvRealEstate""]","[""https://www.instagram.com/muvrealestate/""]"
Michaelhallgroup,https://michaelhallgroup.com/?utm_source=gbp&utm_medium=organic,,"[""https://www.linkedin.com/in/kenreeder/""]","[""https://www.facebook.com/KenReederRealtorBroker""]","[""https://www.instagram.com/kenreeder.realtorbroker""]"
Mi Casa Chicago Il Remax,https://mi-casa-chicago-il.remax.com/,,"[""https://www.linkedin.com/in/millierosenbloom/""]","[""https://www.facebook.com/millie.rosenbloom""]","[""https://www.instagram.com/millierosenbloom/""]"
Linktr Ee/Kenreeder Realestate,https://linktr.ee/kenreeder.realestate,,"[""https://www.linkedin.com/company/102012946"",""https://www.linkedin.com/company/102012946\\\\\\""]","[""https://www.facebook.com/letsgoabodere"",""https://www.facebook.com/letsgoabodere\\\\\\""]","[""https://www.instagram.com/letsgoabode/"",""https://www.instagram.com/letsgoabode/\\\\\\""]"
Millierosenbloom,https://millierosenbloom.com/?utm_source=gbp&utm_medium=organic,,,"[""https://www.facebook.com/chicagohomepartner""]","[""https://www.instagram.com/homepartner""]"
Abode Realestate,http://abode.realestate/,,"[""https://www.linkedin.com/in/zachary-kronsnoble-18b412188?challengeId&#x3D;AQEXVZajlgiYkwAAAYgxPa05ho9KkltwvdDAFMoY4iDvMvqWP5QzWE8KLcczjMlfBgF3XbGP8RBYaS0CCAoZiWcwfZrJ2OckIQ&amp;submissionId&#x3D;8a7e0b44-5b61-6017-9239-9fe723f5ba42&amp;challengeSource&#x3D;AgESvhU3gX8hZgAAAYgxPrqINjE4cqYJGa2hDMgkD5IhbYESDh-XycXJ7Ks7k-c&amp;challegeType&#x3D;AgGw2Bv_RturnwAAAYgxPrqMHEFPN81gInXW5LboER7VOrOUt1NoY54&amp;memberId&#x3D;AgHCodqi6iLTTAAAAYgxPrqOQP9I3WJryM56lteDgXgeIww&amp;recognizeDevice&#x3D;AgEUVC1RAjoP4gAAAYgxPrqRJYfdWYAoSrQWsZAj-dSaOxvF0kga"",""https://www.linkedin.com/in/zachary-kronsnoble-18b412188/?challengeId&#x3D;AQEXVZajlgiYkwAAAYgxPa05ho9KkltwvdDAFMoY4iDvMvqWP5QzWE8KLcczjMlfBgF3XbGP8RBYaS0CCAoZiWcwfZrJ2OckIQ&amp;submissionId&#x3D;8a7e0b44-5b61-6017-9239-9fe723f5ba42&amp;challengeSource&#x3D;AgESvhU3gX8hZgAAAYgxPrqINjE4cqYJGa2hDMgkD5IhbYESDh-XycXJ7Ks7k-c&amp;challegeType&#x3D;AgGw2Bv_RturnwAAAYgxPrqMHEFPN81gInXW5LboER7VOrOUt1NoY54&amp;memberId&#x3D;AgHCodqi6iLTTAAAAYgxPrqOQP9I3WJryM56lteDgXgeIww&amp;recognizeDevice&#x3D;AgEUVC1RAjoP4gAAAYgxPrqRJYfdWYAoSrQWsZAj-dSaOxvF0kgaa""]",,"[""https://www.instagram.com/zachary_kronsnoble/?hl&#x3D;en""]"
Chicagohomepartner,https://chicagohomepartner.com/?utm_source=gbp&utm_medium=organic,"[""kandrews@bairdwarner.com""]",,,
Zachkronsnoble,https://zachkronsnoble.com/,"[""cropped-favicon@2x-32x32.webp"",""cropped-favicon@2x-192x192.webp"",""cropped-favicon@2x-180x180.webp"",""cropped-favicon@2x-270x270.webp"",""updated-cloud-gate-realty-logo@3x-1024x579.webp"",""updated-cloud-gate-realty-logo@3x-300x170.webp"",""updated-cloud-gate-realty-logo@3x-768x434.webp"",""updated-cloud-gate-realty-logo@3x-1536x868.webp"",""updated-cloud-gate-realty-logo@3x.webp"",""google-review@3x.webp"",""speed-5@4x.png"",""strategy-1@4x.png"",""conversation@3x.webp"",""buy-3@4x.png"",""sell-3@4x.png"",""luis-amaya_1@2x.webp"",""luis-amaya_1@2x-300x300.webp"",""luis-amaya_1@2x-150x150.webp"",""emily-roman@3x.webp"",""emily-roman@3x-300x300.webp"",""emily-roman@3x-150x150.webp"",""emily-roman@3x-768x768.webp"",""fredy-dominguez@3x.webp"",""fredy-dominguez@3x-300x300.webp"",""fredy-dominguez@3x-150x150.webp"",""fredy-dominguez@3x-768x768.webp"",""jacky-pantoja@3x.webp"",""jacky-pantoja@3x-300x300.webp"",""jacky-pantoja@3x-150x150.webp"",""jacky-pantoja@3x-768x768.webp"",""brian-garza@3x.webp"",""brian-garza@3x-300x300.webp"",""brian-garza@3x-150x150.webp"",""brian-garza@3x-768x768.webp"",""fabiola-mata@3x.webp"",""fabiola-mata@3x-300x300.webp"",""fabiola-mata@3x-150x150.webp"",""fabiola-mata@3x-768x768.webp"",""target@3x.webp"",""unlock@3x.webp"",""guide@3x.webp"",""cloudgate@cgrchicago.com"",""christina.andino@bhhschicago.com"",""candino.exit@gmail.com"",""dagaudio@drhorton.com"",""karlaworley.re@gmail.com"",""careyann@teamferry.com""]",,"[""https://www.facebook.com/profile.php?id=100091807691568""]","[""https://www.instagram.com/cloudgate.realty/""]"
Jovankanovakovic,https://www.jovankanovakovic.com/,"[""support@moxiworks.com"",""mail-service@platform.moxiworks.com"",""info@windermere.com"",""mail-service@platform1.moxiworks.com"",""campaigns@info.properties"",""markallenrealtyleads@gmail.com""]",,,
Katieandrewshomes,https://www.katieandrewshomes.com/,,"[""https://www.linkedin.com/in/lance-kirshner-9b89a44"",""https://www.linkedin.com/in/lance-kirshner-9b89a44/""]","[""https://www.facebook.com/p/Lance-Kirshner-of-the-LAKE-Group-100063474103704/"",""https://www.facebook.com/pages/category/Real-Estate-Agent/Lance-Kirshner-of-the-LAKE-Group-245889616184/""]","[""https://www.instagram.com/brokerlance"",""https://www.instagram.com/brokerlance/""]"
Rcirealtyllc,https://rcirealtyllc.com/,,,,
Cgrchicago,https://www.cgrchicago.com/,"[""sharon.gillman@compass.com""]","[""https://www.linkedin.com/company/gillman-group/""]","[""https://www.facebook.com/GillmanGroup/"",""https://www.facebook.com/tr?id=190928871634778&ev=PageView&noscript=1"",""https://www.facebook.com/sharer/sharer.php?u=${generateShareLink()}&quote=${self.data(""]","[""https://www.instagram.com/gillmangroup/""]"
Markallenrealty,http://www.markallenrealty.com/,,"[""https://www.linkedin.com/in/rubinabokhari/""]","[""https://www.facebook.com/profile.php?id=61570722871170""]","[""https://www.instagram.com/rubinabokhari/""]"
Lakegroupchicago,http://www.lakegroupchicago.com/,,"[""https://www.linkedin.com/in/isabella-r-webb""]","[""https://www.facebook.com/tr?id=1547717620190646&ev=PageView&noscript=1"",""https://www.facebook.com/isabellawebbRE/""]","[""https://www.instagram.com/isabella_chicagorealestate/?hl&#x3D;en""]"
Ainhoagarcia Co,https://www.ainhoagarcia-co.com/contact,"[""user@domain.com"",""team@ainhoagarcia-co.com"",""teamainhoa@ainhoagarcia-co.com""]",,"[""http://www.facebook.com/2008/fbml"",""https://www.facebook.com/bilingualchicagorealtor/""]","[""http://instagram.com/ainhoarealtor"",""https://www.instagram.com/ainhhoarealtor"",""https://www.instagram.com/reel/DCEmr_8AkUI/embed/&quot;&gt;&lt;/iframe&gt;"",""https://www.instagram.com/reel/DB8wlxgulbq/embed/&quot;&gt;&lt;/iframe&gt;"",""https://www.instagram.com/reel/DBGqAy4uwOz/embed/&quot;&gt;&lt;/iframe&gt;"",""https://www.instagram.com/reel/DBBiQ8ZuZkf/embed/&quot;&gt;&lt;/iframe&gt;"",""https://www.instagram.com/reel/DA-9pJwOiMH/embed/&quot;&gt;&lt;/iframe&gt;""]"
Downtownrealtycompany,https://downtownrealtycompany.com/,"[""mark@markjavier.realtor""]",,"[""https://www.facebook.com/markjavierchicagorealtor"",""https://www.facebook.com/markjavier.realtor""]","[""https://www.instagram.com/markjavier_realtor/""]"
Markjavier Realtor,http://www.markjavier.realtor/,"[""sales@edyramirez.com""]","[""https://www.linkedin.com/in/edy-ramirez-1836bab6/""]","[""https://www.facebook.com/edyr123""]","[""https://www.instagram.com/homesbyedy/"",""http://instagram.com/homesbyedy""]"
Edyramirez,http://www.edyramirez.com/,,"[""https://www.linkedin.com/in/lesleysweeney/""]","[""https://www.facebook.com/lesleysweeneyrealtor""]","[""https://www.instagram.com/lesleysweeneyrealtor/""]"
Tony Captivatereg,https://tony.captivatereg.com/,"[""mike.samm@kw.com""]",,"[""https://www.facebook.com/westtownteam/"",""https://www.facebook.com/tr?id=205654286507360&ev=PageView&noscript=1""]",
Christinemei Exprealty,https://christinemei.exprealty.com/,,"[""https://www.linkedin.com/company/century-21-sgr/""]","[""https://www.facebook.com/Century21SGR""]","[""https://www.instagram.com/c21sgr/""]"
Lesleysweeney,https://lesleysweeney.com/?utm_source=gbp&utm_medium=organic,"[""melissad@atproperties.com""]","[""https://www.linkedin.com/in/melissadondalski""]","[""https://www.facebook.com/MelissaDondalskiRealEstate""]","[""https://www.instagram.com/mdondalski/""]"
Esttownteam,http://www.westtownteam.com/,,"[""https://www.linkedin.com/company/cbcworldwide""]","[""http://www.facebook.com/cbcworldwide""]","[""https://www.instagram.com/cbcworldwide""]"
Century21Sgr,http://www.century21sgr.com/?utm_source=google&utm_medium=local&utm_campaign=localmaps&utm_content=2107580007,"[""hello@theeverettgroup.com""]",,"[""https://www.facebook.com/theeverettgroupcompass""]","[""https://www.instagram.com/theeverettgroup""]"
Melissadondalski,http://www.melissadondalski.com/,,,"[""https://www.facebook.com/p/Chicago-Brokers-RE-100087367813398/""]","[""https://www.instagram.com/chicagobrokersreinc/""]"
Cbcworldwide,https://www.cbcworldwide.com/professionals/lFa1antpv/jesus-garcia,"[""hello@luxurylivingchicago.com""]","[""https://www.linkedin.com/company/luxury-living-chicago-real-estate/""]","[""https://www.facebook.com/LuxuryLivingChicago""]","[""https://www.instagram.com/LuxuryLivingChicago/""]"
Theeverettgroup,https://www.theeverettgroup.com/,,"[""https://www.linkedin.com/in/emasud/""]",,"[""https://www.instagram.com/secondcityagents/"",""https://www.instagram.com/eli_masud/?hl&#x3D;en""]"
Mychicagobrokers,http://www.mychicagobrokers.com/,,,,
Inbusinessrealestate,http://www.inbusinessrealestate.com/,"[""bugreport@moatable.com""]",,,
Zenlist,https://zenlist.com/a/mauricio.lopez,"[""mauricio@cobblestonerealtygroup.com""]","[""https://www.linkedin.com/in/mauricio-lopez-bbb9b746/"",""https://www.linkedin.com/in/mauricio-lopez-bbb9b746/\\""]","[""https://www.facebook.com/profile.php?id=1346473985"",""https://www.facebook.com/profile.php?id=1346473985\\""]","[""https://www.instagram.com/mauwow1/"",""https://www.instagram.com/mauwow1/\\""]"
Nicklibert,https://www.nicklibert.com/,"[""nick@nicklibert.com""]","[""http://linkedin.com/in/nicklibert"",""https://www.linkedin.com/company/exit-strategy-realty-chicago?trk=top_nav_home"",""https://www.linkedin.com/in/danatexit/""]","[""http://facebook.com/nicklibert"",""https://www.facebook.com/NewAmerica2.0""]","[""https://www.instagram.com/nicklibert"",""https://www.instagram.com/danatexit/""]"
Morechicagohomes,http://morechicagohomes.com/,"[""eric@morechicagohomes.com"",""ericsmarcus@gmail.com""]","[""https://www.linkedin.com/in/ericsmarcus"",""https://www.linkedin.com/in/ericsmarcus\\""]","[""https://www.facebook.com/chicagohomesforsale/"",""https://www.facebook.com/chicagohomesforsale/\\""]","[""https://www.instagram.com/eric.marcus""]"
Deesavic,http://deesavic.com/?utm_source=gbp&utm_medium=organic,,"[""https://www.linkedin.com/in/dee-savic-29127113b/""]","[""https://www.facebook.com/people/Dee-Savic-Top-Chicago-Real-Estate-Agent-Baird-Warner/100094102802005/"",""https://www.facebook.com/tr?id=2160379961171409&ev=PageView&noscript=1""]","[""https://www.instagram.com/dee_savic/"",""https://www.instagram.com/{{username}}"",""https://www.instagram.com/{{../username}}""]"
Brooksellschicago,https://brooksellschicago.com/,"[""user@domain.com"",""tom@tcgroup.realty""]",,"[""http://www.facebook.com/2008/fbml"",""https://www.facebook.com/tr?id=279646633198628&ev=PageView&noscript=1""]","[""https://www.instagram.com/tcampone""]"
Carljohnsonrealestateagent,http://carljohnsonrealestateagent.com/,"[""julie.chesne@compass.com""]","[""https://www.linkedin.com/in/julie-chesne-703a2aaa/""]","[""https://www.facebook.com/JDCGroupChicago/""]","[""https://www.instagram.com/jdccompasschicago/?hl=en""]"
Tomcampone,http://www.tomcampone.com/,,"[""https://www.linkedin.com/in/scottdarrell/"",""https://www.linkedin.com/in/scottdarrell/?original_referer&#x3D;https%3A%2F%2Fthescottgrp.com%2F""]","[""https://www.facebook.com/TheScottGroupCompass""]","[""https://www.instagram.com/thescottgroup_compass/""]"
Jdc Group,https://www.jdc.group/,"[""ajax-loader@2x.gif""]","[""http://www.linkedin.com/in/gregnagel"",""https://www.linkedin.com/in/gregnagel""]","[""https://www.facebook.com/asknagelrealty/"",""https://www.facebook.com/asknagel"",""https://www.facebook.com/asknagelrealty/reviews/?ref=page_internal"",""https://www.facebook.com/Ask-Nagel-Realty-276215995812988/""]","[""https://www.instagram.com/nagelgreg/?hl=en""]"
Thescottgrp,https://www.thescottgrp.com/,,"[""https://www.linkedin.com/in/lesliechicagohomes/""]","[""https://www.facebook.com/LeslieGlazierGroup"",""https://www.facebook.com/LeslieChicagoHomes""]","[""https://www.instagram.com/leslieglaziergroup/""]"
Captivatereg,https://captivatereg.com/,"[""gabriel.1.gomez@chase.com"",""mario@chicagocityproperties.com""]",,"[""https://www.facebook.com/v8.0/dialog/oauth""]",
Asknagel,https://www.asknagel.com/,"[""support@agentfire.com"",""info@chicagoprg.com""]","[""http://linkedin.com/company/pioneer-realty-group"",""https://www.linkedin.com/company/pioneer-realty-group/""]","[""https://www.facebook.com/ChicagoPRG""]","[""https://www.instagram.com/chicagoprg/""]"
Leslieglaziergroup,https://leslieglaziergroup.com/,"[""brad.zibung@compass.com"",""dm.markus@compass.com"",""kristin.donohue@compass.com"",""neha.sheth@compass.com"",""melissa.kusack@compass.com"",""kay.yasin@compass.com"",""nikkistoner@compass.com"",""cory.kohut@gmail.com"",""akey@compass.com"",""edward.baronia@compass.com""]",,"[""https://www.facebook.com/ChicagoResidentialPartners/""]","[""https://www.instagram.com/cr_partners/""]"
Search Chicagocityproperties,https://search.chicagocityproperties.com/,,"[""https://www.linkedin.com/in/camille-canales-048871b/""]","[""https://www.facebook.com/camillecanalesgroup/""]","[""https://www.instagram.com/camilleccanales"",""https://www.instagram.com/ccg-chicago"",""https://www.instagram.com/camillecanalesgroup/""]"
Chicagoprg,https://chicagoprg.com/,,"[""https://www.linkedin.com/in/the-nav-agency"",""https://www.linkedin.com/company/the-nav-agency/about/""]","[""https://www.facebook.com/thenavagency""]","[""https://www.instagram.com/thenavagency"",""https://www.instagram.com/thenavagency/""]"
Cheekyrealtor,http://www.cheekyrealtor.com/,,"[""https://www.linkedin.com/in/hayley-westhoff-40b20a95/""]","[""https://www.facebook.com/hayley.d.westhoff""]","[""https://www.instagram.com/hayleywesthoff_realtor/""]"
Zenlist,https://zenlist.com/a/mauricio.lopez,,,,
Nicklibert,https://www.nicklibert.com/,,,,
Morechicagohomes,http://morechicagohomes.com/,,,,
Deesavic,http://deesavic.com/?utm_source=gbp&utm_medium=organic,,,,
Brooksellschicago,https://brooksellschicago.com/,,,,
Carljohnsonrealestateagent,http://carljohnsonrealestateagent.com/,,,,
Tomcampone,http://www.tomcampone.com/,,,,
Jdc Group,https://www.jdc.group/,,,,
Thescottgrp,https://www.thescottgrp.com/,,,,
Captivatereg,https://captivatereg.com/,,,,
Asknagel,https://www.asknagel.com/,,,,
Leslieglaziergroup,https://leslieglaziergroup.com/,,,,
Search Chicagocityproperties,https://search.chicagocityproperties.com/,,,,
Chicagoprg,https://chicagoprg.com/,,,,
Cheekyrealtor,http://www.cheekyrealtor.com/,,,,
Chicagoresidentialpartners,http://chicagoresidentialpartners.com/,,"[""https://www.linkedin.com/login"",""https://www.linkedin.com/legal/user-agreement/"",""https://www.linkedin.com/legal/privacy-policy/"",""https://www.linkedin.com/legal/cookie-policy/"",""https://www.linkedin.com/help/linkedin/answer/a403269/"",""https://www.linkedin.com/legal/copyright-policy/"",""https://www.linkedin.com/help/linkedin/"",""https://www.linkedin.com/login\\"",""https://www.linkedin.com/company/the-nav-agency/about/\\"",""https://www.linkedin.com/legal/user-agreement/\\"",""https://www.linkedin.com/legal/privacy-policy/\\"",""https://www.linkedin.com/help/linkedin/answer/a403269/\\"",""https://www.linkedin.com/legal/cookie-policy/\\"",""https://www.linkedin.com/legal/copyright-policy/\\"",""https://www.linkedin.com/help/linkedin/\\""]",,
Ccg Chicago,http://ccg-chicago.com/,,,,
Thenavagency,https://www.thenavagency.com/,"[""hayley.w@compass.com""]",,,
Howieandron Sites Erarealestate,https://howieandron.sites.erarealestate.com/,"[""support@moxiworks.com"",""mail-service@platform.moxiworks.com"",""info@windermere.com"",""mail-service@platform1.moxiworks.com"",""campaigns@info.properties"",""howie@markallenrealty.com"",""010241.lead.0014@leads.leadrouter.com""]",,"[""https://www.facebook.com/andronmanagementltd""]","[""https://www.instagram.com/howieandron""]"
Joannesellschicago,http://www.joannesellschicago.com/,,"[""https://www.linkedin.com/in/dominic-irpino-b13b0223/""]","[""https://www.facebook.com/IRPINORealEstate/""]","[""https://www.instagram.com/irpinorealestate/""]"
Irpinorealestate,http://www.irpinorealestate.com/,,"[""https://www.linkedin.com/in/riley-hextell-003853118/""]","[""https://www.facebook.com/hextell""]","[""https://www.instagram.com/riley_luxury/""]"
Dreamsweetrealty,http://dreamsweetrealty.com/,"[""tony@togarco.com"",""user@domain.com""]","[""https://www.linkedin.com/in/tony-garcia-521810170/""]","[""http://www.facebook.com/2008/fbml"",""https://www.facebook.com/tony.garcia.693780"",""https://www.facebook.com/togarresidential/""]","[""https://www.instagram.com/togarrealtor/""]"
Rileyhextell,https://rileyhextell.com/,,"[""https://linkedin.com/in/eswchicago"",""https://www.linkedin.com/in/eswchicago/""]","[""https://www.facebook.com/emilysachswongrealestate/""]","[""https://www.instagram.com/emilysachswong/"",""https://www.instagram.com/emilysachswong/?hl&#x3D;en""]"
Togarco,http://www.togarco.com/,"[""dmcanotice@themlsgrid.com"",""chicagoagent312@gmail.com""]","[""https://www.linkedin.com/sharing/share-offsite/?url=https%3A//www.chicagorealestatesource.com/""]","[""https://www.facebook.com/tr?id=893522267407833&amp;ev=PageView&amp;noscript=1"",""https://www.facebook.com/tr?id=1016874142033960&amp;ev=PageView&amp;noscript=1"",""https://www.facebook.com/tr?id=883109217643679&amp;ev=PageView&amp;noscript=1"",""https://www.facebook.com/sharer/sharer.php?u=https%3A//www.chicagorealestatesource.com/""]",
Eswchicago,http://www.eswchicago.com/,,"[""https://www.linkedin.com/in/leigh-marcus/""]","[""https://www.facebook.com/LeighMarcusChicago""]","[""https://www.instagram.com/leighmarcuschicago/""]"
Chicagorealestatesource,https://www.chicagorealestatesource.com/,"[""flags@2x.webp"",""globe@2x.webp"",""ben.lalez@compass.com""]","[""https://www.linkedin.com/in/benlalez"",""https://www.linkedin.com/company/thebenlalezteam""]","[""https://www.facebook.com/BenLalezRealEstate/""]","[""https://www.instagram.com/benlalezteam"",""https://www.instagram.com/thebenlalezteam/""]"
Yubrealty,http://www.yubrealty.com/,,"[""https://www.linkedin.com/company/the-yeager-team/""]","[""https://www.facebook.com/YeagerTeamRealtors""]","[""https://www.instagram.com/yeager.team.realtors/?hl&#x3D;en""]"
Leighmarcus,https://leighmarcus.com/?utm_source=gbp&utm_medium=organic,,"[""https://www.linkedin.com/in/adam-zagata-400b6449/""]","[""https://www.facebook.com/zagataproperties/""]","[""https://www.instagram.com/adam.zagata/?hl=en""]"
Benlalez,https://benlalez.com/about/,"[""sam@chiprop.com""]","[""https://www.linkedin.com/in/sam-shaffer-9366966/""]","[""https://www.facebook.com/chicagoproperties/""]","[""https://www.instagram.com/sam_chiprop""]"
Yeagerteam,https://www.yeagerteam.com/,,,,
Anirealestate,http://www.anirealestate.com/,"[""dj@kalerealty.com"",""careers@kalerealty.com""]",,"[""http://facebook.com/joinkalerealty"",""https://www.facebook.com/joinkalerealty""]","[""http://instagram.com/joinkale"",""https://instagram.com/joinkale""]"
Zagataproperties,https://zagataproperties.com/,,"[""https://www.linkedin.com/in/armando-chacon-774a979/""]","[""https://www.facebook.com/acgroupchicago/""]","[""https://www.instagram.com/armandochacongroup/?hl&#x3D;en""]"
Secondcityagents,https://secondcityagents.com/?utm_source=gbp&utm_medium=organic,,,,"[""https://www.instagram.com/secondcityagents/""]"
Bestchicagoproperties,https://www.bestchicagoproperties.com/,"[""info@bestchicagoproperties.com""]","[""https://www.linkedin.com/company/best-chicago-properties""]","[""https://www.facebook.com/BestChicagoProperties/"",""https://facebook.com/BestChicagoProperties""]","[""https://www.instagram.com/bestchicagoproperties/""]"
Vestapreferred,https://vestapreferred.com/?utm_source=gbp&utm_medium=organic,"[""info@vestapreferred.com""]","[""https://www.linkedin.com/company/vesta-preferred-llc/""]","[""https://www.facebook.com/VestaPreferred/""]","[""https://www.instagram.com/vestapreferredchicago/""]"
Mattlaricy,https://mattlaricy.com/?utm_source=gbp&utm_medium=organic,"[""mlaricy@americorpre.com""]","[""https://www.linkedin.com/in/mattlaricy/"",""https://www.linkedin.com/company/americorp-real-estate/""]","[""https://www.facebook.com/mlaricy/""]","[""https://www.instagram.com/mlaricy/"",""https://www.instagram.com/mlaricy/?hl&#x3D;en""]"
Markbucknergroup Net,http://www.markbucknergroup.net/,"[""user@domain.com"",""mark.buckner@compass.com"",""bbdigitallab@gmail.com"",""eliza.buckner@compass.com"",""celeste.chicas@compass.com"",""kim.lynch@compass.com"",""malik.smith@compass.com""]","[""https://www.linkedin.com/in/mark-a-buckner-02bb0b6/""]","[""http://www.facebook.com/2008/fbml"",""https://www.facebook.com/markbucknergroup/""]","[""http://instagram.com/markbucknergroup""]"
Fultongrace,https://www.fultongrace.com/realtors/patrick-shino/realtor-in-chicago-il/,"[""patrick@fultongrace.com""]","[""https://www.linkedin.com/in/patrick-shino-1a541431/""]","[""https://www.facebook.com/SKgroupchicago/""]","[""https://www.instagram.com/patrick_shino/""]"
Chicagopropertysisters,https://chicagopropertysisters.com/,"[""carrie@atproperties.com""]","[""https://www.linkedin.com/in/carriemccormick""]","[""https://www.facebook.com/CARRIEMCCORMICKREALESTATE"",""https://www.facebook.com/tr?id=238668480552194&amp;ev=PageView&amp;noscript=1""]","[""https://www.instagram.com/carriemccormickrealestate/""]"
Debradobbs,https://debradobbs.com/,"[""tpichet@globaltyinvestment.com""]","[""https://www.linkedin.com/company/globalty-investment""]","[""https://www.facebook.com/globaltyinvestment"",""https://www.facebook.com/tr?id=3450992518556009&ev=PageView&noscript=1""]","[""http://instagram.com/Globaltyinvestment"",""https://instagram.com/Globaltyinvestment""]"
Huntchicago,https://huntchicago.com/,"[""info@nbeliterealty.com"",""name@company.com""]","[""https://www.linkedin.com/company/nb-elite-realty""]","[""https://www.facebook.com/NBEliteRealty/""]","[""https://www.instagram.com/nbeliterealty/""]"
Ryanhardychicago,https://ryanhardychicago.com/,,,"[""https://www.facebook.com/tr?id=1828725164022423&ev=PageView"",""https://www.facebook.com/tr?id=1442231646227751&ev=PageView&noscript=1""]",
Millionluxury,https://www.millionluxury.com/,"[""charterclubrlty@gmail.com"",""bayagent1@gmail.com"",""johnsmith@myemail.com""]","[""https://www.linkedin.com/in/randy-richman-realtor-associate-5578a732/""]","[""https://www.facebook.com/charterclubrlty/""]","[""https://www.instagram.com/charterclubrealty/""]"
Charterclubrealty,http://charterclubrealty.com/,"[""arlo@camposcommercial.com"",""info@camposcommercial.com""]",,"[""https://www.facebook.com/profile.php?id=61578988401183""]","[""https://www.instagram.com/camposcommercial/""]"
Camposcommercial,https://camposcommercial.com/,,"[""https://www.linkedin.com/in/jonathanbigelman/""]","[""https://www.facebook.com/jonathansellsmiami/""]","[""https://www.instagram.com/miami.broker/?hl&#x3D;en""]"
Jonathanbigelman,https://jonathanbigelman.com/,,,"[""https://www.facebook.com/AdolfoLPenagosRealtor"",""https://www.facebook.com/AdolfoLPenagosRealtor/""]","[""https://www.instagram.com/adolfolpenagosrealtor/""]"
Adolfopenagos,https://www.adolfopenagos.com/,,"[""http://www.linkedin.com/company/florida-realty-of-miami"",""http://linkedin.com/company/florida-realty-of-miami""]","[""http://www.facebook.com/FLRealtyOfMiami/"",""https://facebook.com/FLRealtyOfMiami/""]","[""http://www.instagram.com/floridarealtyofmiami/"",""http://instagram.com/floridarealtyofmiami/""]"
Floridarealtyofmiami,https://www.floridarealtyofmiami.com/,"[""hello@sfrealestate.us""]","[""https://www.linkedin.com/in/jorge-velasquez-27978b39/""]","[""https://www.facebook.com/sfrealestate.us""]","[""https://www.instagram.com/southfloridarealestateus/""]"
Sfrealestate Us,https://www.sfrealestate.us/,"[""steven@stevenvargas.com"",""chloe@chloevargas.com""]","[""https://www.linkedin.com/in/chloedipietro/""]","[""https://www.facebook.com/thevargasteamre""]","[""https://www.instagram.com/thevargasteam/""]"
Stevenvargas,http://stevenvargas.com/,"[""you@example.com"",""info@mybrokerone.com""]",,,
Mybrokerone,http://www.mybrokerone.com/,"[""info@eliteoceanviewrealty.com""]","[""https://www.linkedin.com/sharing/share-offsite/?url=https%3A//www.eliteoceanviewrealty.com/"",""https://www.linkedin.com/in/teopalmieri""]","[""https://www.facebook.com/tr?id=228301585096838&amp;ev=PageView&amp;noscript=1"",""https://www.facebook.com/tr?id=883109217643679&amp;ev=PageView&amp;noscript=1"",""https://www.facebook.com/sharer/sharer.php?u=https%3A//www.eliteoceanviewrealty.com/"",""https://www.facebook.com/eliteoceanviewrealty""]","[""https://www.instagram.com/teo.elite""]"
Eliteoceanviewrealty,http://www.eliteoceanviewrealty.com/,"[""bugreport@moatable.com""]",,,
Luxuryhomesinmiamiforsale,http://luxuryhomesinmiamiforsale.com/,"[""txwinner-white-horizontal@4x.png"",""txwinner-white-horizontal@4x-200x94.png"",""txwinner-white-horizontal@4x-400x188.png"",""txwinner-white-horizontal@4x-600x282.png"",""txwinner-white-horizontal@4x-800x376.png"",""txwinner-white-horizontal@4x-1200x565.png"",""winner-color-horizontal@4x.png"",""winner-color-horizontal@4x-200x108.png"",""winner-color-horizontal@4x-400x216.png"",""winner-color-horizontal@4x-600x324.png"",""winner-color-horizontal@4x-800x432.png"",""winner-color-horizontal@4x-1200x648.png"",""mkuzina@miamiluxuryrealestate.com"",""info@miamiluxurymiami.com"",""ana@atrluxuryhomes.com"",""charlette.seidel@floridamoves.com"",""lourdes.alatriste@elliman.com"",""martha.pomares@elliman.com"",""anna@annasherrill.com"",""mls@onesothebysrealty.com"",""info@dorapuig.com"",""oliver.lloyd@elliman.com"",""judithcorcos@gmail.com"",""albert@albertjusto.com"",""jille@jillszeder.com"",""darrell.burks@floridamoves.com"",""realestate@fgdgroup.com"",""devin.kay@elliman.com"",""miamiportfoliomanager@bespokerealestate.com"",""kayt@besokerealestate.com"",""ruthie.assouline@elliman.com"",""iakhrass@elliman.com"",""phoberman@urbis-realestate.com"",""diana.garchitorena@elliman.com""]","[""https://www.linkedin.com/in/mariakuzina/"",""https://www.linkedin.com/shareArticle?mini=true&url={URL}""]","[""https://www.facebook.com/miamiluxurymiami"",""https://www.facebook.com/sharer.php?u={URL}""]","[""https://www.instagram.com/luxurymiamirealestates/""]"
Miamiluxuryrealestates,http://miamiluxuryrealestates.com/,"[""heloisa@amgintrealty.com""]",,"[""https://www.facebook.com/tr?id=2675535552715242&amp;ev=PageView%0D%0A&amp;noscript=1"",""https://www.facebook.com/amginternationalrealty/""]","[""https://www.instagram.com/miamirealestate_florida/""]"
Amgintrealty,https://amgintrealty.com/,,,,
Livingpremises,http://livingpremises.com/,"[""info@costagroupmiami.com""]","[""https://www.linkedin.com/sharing/share-offsite/?mini=true\\u0026url=\\""]","[""https://www.facebook.com/sharer.php?u=\\""]","[""https://www.instagram.com/costagroupmiami/"",""https://www.instagram.com/costagroupmiami/\\""]"
Costagroupmiami,http://www.costagroupmiami.com/,,,,
Lmrealtygroup Net,https://www.lmrealtygroup.net/,"[""info@ofcoursemiami.fr"",""brigitte@ofcoursemiami.fr"",""bigillc@yahoo.com"",""xavier@ofcoursemiami.fr"",""kevin@ofcoursemiami.fr""]","[""https://www.linkedin.com/company/ofcoursemiami/about/""]","[""https://www.facebook.com/OfCourseMiami""]","[""https://www.instagram.com/ofcoursemiami""]"
Ofcoursemiami,http://ofcoursemiami.com/,"[""emesa@onesothebysrealty.com""]",,,
Eliterealestateassociates,http://eliterealestateassociates.com/,"[""ibis@ibisegozi.com""]","[""https://www.linkedin.com/in/ibis-egozi-4683956/?original_referer=https%3A%2F%2Fibisegozi.com%2F""]","[""https://www.facebook.com/ibisegozi.miamibeach""]","[""https://www.instagram.com/p/DPPnoD_jpxJ/"",""https://www.instagram.com/reel/DPJoVD1jn7N/"",""https://www.instagram.com/reel/DPFAaiygUok/"",""https://www.instagram.com/reel/DFvAtf6uzM3/"",""https://www.instagram.com/reel/CyD1U7QOvpo/"",""https://www.instagram.com/reel/CxLoVVPLO6e/"",""https://www.instagram.com/reel/CxDr413ritZ/"",""https://www.instagram.com/reel/CwxQw5LLqCD/"",""https://www.instagram.com/reel/Cwktt7csr7-/"",""https://www.instagram.com/reel/CwaDMQrr7BP/"",""https://www.instagram.com/reel/CrMgN7eLLTe/"",""https://www.instagram.com/reel/Cp-Ui0bDFL7/"",""https://www.instagram.com/ibisegozi/""]"
Makeyourmovemia,http://makeyourmovemia.com/,"[""bugreport@moatable.com""]",,,
Miamirealestatebroker,http://www.miamirealestatebroker.com/,"[""jim@hitchcocksolutions.com"",""testlg@idxboost.com""]","[""https://www.linkedin.com/in/james-w-hitchcock/""]",,
Superluxurygroup,http://www.superluxurygroup.com/,,"[""https://www.linkedin.com/company/superluxurygroup""]","[""https://www.facebook.com/superluxurygroup&quot;,&quot;li_imgtarget&quot;:true,&quot;li_imgnofollow&quot;:false,&quot;li_youtube&quot;:&quot;&quot;,&quot;li_vimeo&quot;:&quot;&quot;},{&quot;lid&quot;:&quot;tild6638-3536-4538-b663-656461653534&quot;,&quot;li_img&quot;:&quot;https://static.tildacdn.net/tild3864-6530-4465-b163-613863646161/YOUTUBE.png&quot;,&quot;li_imgalt&quot;:&quot;&quot;,&quot;li_imgtitle&quot;:&quot;&quot;,&quot;li_imgurl&quot;:&quot;https://www.youtube.com/superluxurygroup&quot;,&quot;li_imgtarget&quot;:true,&quot;li_imgnofollow&quot;:false,&quot;li_youtube&quot;:&quot;&quot;,&quot;li_vimeo&quot;:&quot;&quot;},{&quot;lid&quot;:&quot;tild3939-3261-4838-a236-653136633936&quot;,&quot;li_img&quot;:&quot;https://static.tildacdn.net/tild6631-3163-4536-b165-626363313439/GOOGLE.png&quot;,&quot;li_imgalt&quot;:&quot;&quot;,&quot;li_imgtitle&quot;:&quot;&quot;,&quot;li_imgurl&quot;:&quot;https://www.google.com/search?q=Super+Luxury+Group&amp;sxsrf=ALiCzsbfJTydH07AI1AKOszc9kZZBDrhcQ%3A1660134765375&amp;ei=baXzYrfAFuORrgSs75nQBg&amp;ved=0ahUKEwj3quD3o7z5AhXjiIsKHax3BmoQ4dUDCA4&amp;uact=5&amp;oq=Super+Luxury+Group&amp;gs_lcp=Cgdnd3Mtd2l6EAMyBQgAEIAEMgYIABAeEBYyBggAEB4QFjIGCAAQHhAWMgYIABAeEBZKBAhBGABKBAhGGABQAFgAYOYCaABwAXgAgAF8iAF8kgEDMC4xmAEAoAECoAEBwAEB&amp;sclient=gws-wiz&quot;,&quot;li_imgtarget&quot;:true,&quot;li_imgnofollow&quot;:false,&quot;li_youtube&quot;:&quot;&quot;,&quot;li_vimeo&quot;:&quot;&quot;}]"",""https://www.facebook.com/superluxurygroup""]","[""https://www.instagram.com/superluxurygroup&quot;,&quot;li_imgtarget&quot;:true,&quot;li_imgnofollow&quot;:false,&quot;li_youtube&quot;:&quot;&quot;,&quot;li_vimeo&quot;:&quot;&quot;},{&quot;lid&quot;:&quot;tild3538-6661-4362-a263-616539626633&quot;,&quot;li_img&quot;:&quot;https://static.tildacdn.net/tild6437-6162-4561-b261-646664386631/TWITTER.png&quot;,&quot;li_imgalt&quot;:&quot;&quot;,&quot;li_imgtitle&quot;:&quot;&quot;,&quot;li_imgurl&quot;:&quot;https://twitter.com/superluxurygrp&quot;,&quot;li_imgtarget&quot;:true,&quot;li_imgnofollow&quot;:false,&quot;li_youtube&quot;:&quot;&quot;,&quot;li_vimeo&quot;:&quot;&quot;},{&quot;lid&quot;:&quot;tild3430-6237-4066-b161-633336373839&quot;,&quot;li_img&quot;:&quot;https://static.tildacdn.net/tild3937-6562-4639-a435-663734623930/TIKTOK.png&quot;,&quot;li_imgalt&quot;:&quot;&quot;,&quot;li_imgtitle&quot;:&quot;&quot;,&quot;li_imgurl&quot;:&quot;https://www.tiktok.com/@superluxurygroup&quot;,&quot;li_imgtarget&quot;:true,&quot;li_imgnofollow&quot;:false,&quot;li_youtube&quot;:&quot;&quot;,&quot;li_vimeo&quot;:&quot;&quot;},{&quot;lid&quot;:&quot;tild6265-3563-4236-b263-386466313033&quot;,&quot;li_img&quot;:&quot;https://static.tildacdn.net/tild6439-6162-4037-b563-363530313565/FACEBOOK.png&quot;,&quot;li_imgalt&quot;:&quot;&quot;,&quot;li_imgtitle&quot;:&quot;&quot;,&quot;li_imgurl&quot;:&quot;https://www.facebook.com/superluxurygroup&quot;,&quot;li_imgtarget&quot;:true,&quot;li_imgnofollow&quot;:false,&quot;li_youtube&quot;:&quot;&quot;,&quot;li_vimeo&quot;:&quot;&quot;},{&quot;lid&quot;:&quot;tild6638-3536-4538-b663-656461653534&quot;,&quot;li_img&quot;:&quot;https://static.tildacdn.net/tild3864-6530-4465-b163-613863646161/YOUTUBE.png&quot;,&quot;li_imgalt&quot;:&quot;&quot;,&quot;li_imgtitle&quot;:&quot;&quot;,&quot;li_imgurl&quot;:&quot;https://www.youtube.com/superluxurygroup&quot;,&quot;li_imgtarget&quot;:true,&quot;li_imgnofollow&quot;:false,&quot;li_youtube&quot;:&quot;&quot;,&quot;li_vimeo&quot;:&quot;&quot;},{&quot;lid&quot;:&quot;tild3939-3261-4838-a236-653136633936&quot;,&quot;li_img&quot;:&quot;https://static.tildacdn.net/tild6631-3163-4536-b165-626363313439/GOOGLE.png&quot;,&quot;li_imgalt&quot;:&quot;&quot;,&quot;li_imgtitle&quot;:&quot;&quot;,&quot;li_imgurl&quot;:&quot;https://www.google.com/search?q=Super+Luxury+Group&amp;sxsrf=ALiCzsbfJTydH07AI1AKOszc9kZZBDrhcQ%3A1660134765375&amp;ei=baXzYrfAFuORrgSs75nQBg&amp;ved=0ahUKEwj3quD3o7z5AhXjiIsKHax3BmoQ4dUDCA4&amp;uact=5&amp;oq=Super+Luxury+Group&amp;gs_lcp=Cgdnd3Mtd2l6EAMyBQgAEIAEMgYIABAeEBYyBggAEB4QFjIGCAAQHhAWMgYIABAeEBZKBAhBGABKBAhGGABQAFgAYOYCaABwAXgAgAF8iAF8kgEDMC4xmAEAoAECoAEBwAEB&amp;sclient=gws-wiz&quot;,&quot;li_imgtarget&quot;:true,&quot;li_imgnofollow&quot;:false,&quot;li_youtube&quot;:&quot;&quot;,&quot;li_vimeo&quot;:&quot;&quot;}]"",""https://www.instagram.com/superluxurygroup""]"
Arnaudhomburger,https://arnaudhomburger.com/,"[""arnaudhomburger@gmail.com""]","[""https://www.linkedin.com/in/arnaud-homburger-2113b2123/""]","[""https://www.facebook.com/ArnaudHOMBURGERRealtor/"",""https://www.facebook.com/tr?id=1219010800135223&ev=PageView&noscript=1&cd%5Bpage_title%5D=Homepage&cd%5Bpost_type%5D=page&cd%5Bpost_id%5D=194&cd%5Bplugin%5D=PixelYourSite&cd%5Buser_role%5D=guest&cd%5Bevent_url%5D=arnaudhomburger.com%2F""]","[""https://www.instagram.com/arnaud.homburger/""]"
Thesignaturerealty,https://www.thesignaturerealty.com/,"[""brett@thesigcre.com""]","[""https://www.linkedin.com/in/brettsignature/""]","[""https://www.facebook.com/brettthetenantrep""]","[""https://www.instagram.com/brett_thetenantrep/""]"
Pilarsaravia Exprealty,https://pilarsaravia.exprealty.com/seller/valuation/,"[""support@agentfire.com""]","[""https://www.linkedin.com/company/rise-realty/""]","[""https://www.facebook.com/RISErealty""]","[""https://www.instagram.com/riserealty/""]"
Ericfarmelant,http://www.ericfarmelant.com/,,"[""https://www.linkedin.com/in/davidrocca/""]","[""https://www.facebook.com/tr?id=1442231646227751&ev=PageView&noscript=1"",""https://www.facebook.com/people/David-Rocca/100069485047426/""]","[""https://www.instagram.com/owning_miami/""]"
Riserealty,https://riserealty.com/,,,,
Roccasellsflorida,https://roccasellsflorida.com/,,,,
Addressmiami,http://www.addressmiami.com/,"[""carole@propertiesofmiami.com""]","[""https://www.linkedin.com/in/caroleengels/""]","[""https://www.facebook.com/Propertiesofmiami/""]",
Abnerglobal,http://www.abnerglobal.com/,"[""rileys@rileysmithgroup.com"",""riley@rileysmithgroup.com"",""amy@rileysmithgroup.com"",""ana@rileysmithgroup.com"",""andres@rileysmithgroup.com"",""anthony@rileysmithgroup.com"",""carlos@rileysmithgroup.com"",""carolina@rileysmithgroup.com"",""emily@rileysmithgroup.com"",""giuliana@rileysmithgroup.com"",""guillermo@rileysmithgroup.com"",""heather@rileysmithgroup.com"",""ian@rileysmithgroup.com"",""jen@rileysmithgroup.com"",""liz@rileysmithgroup.com"",""maria@rileysmithgroup.com"",""mary@rileysmithgroup.com"",""rafael@rileysmithgroup.com"",""randi@rileysmithgroup.com"",""rebeca@rileysmithgroup.com"",""silvina@rileysmithgroup.com"",""tayreen@rileysmithgroup.com"",""victor@rileysmithgroup.com"",""nicole@rileysmithgroup.com"",""brian@rileysmithgroup.com"",""kelsey@rileysmithgroup.com"",""natalia@rileysmithgroup.com"",""elli@rileysmithgroup.com"",""jessicad@rileysmithgroup.com"",""gemma@rileysmithgroup.com"",""amanda@rileysmithgroup.com"",""kelly@rileysmithgroup.com"",""rosie@rileysmithgroup.com"",""mike@rileysmithgroup.com"",""jason@rileysmithgroup.com"",""ivana@rileysmithgroup.com"",""cristina@rileysmithgroup.com"",""valerie@rileysmithgroup.com"",""odalys@rileysmithgroup.com"",""james@rileysmithgroup.com"",""daniela@rileysmithgroup.com"",""derek@rileysmithgroup.com"",""alonso@rileysmithgroup.com"",""elizabeth@rileysmithgroup.com"",""jayson@rileysmithgroup.com"",""christopher@rileysmithgroup.com"",""sarahy@rileysmithgroup.com"",""brian.s@rileysmithgroup.com"",""amy.o@rileysmithgroup.com"",""katriina@rileysmithgroup.com"",""theo@rileysmithgroup.com"",""jessica.delae@rileysmithgroup.com"",""alexandra@rileysmithgroup.com"",""jeff@rileysmithgroup.com"",""karina@rileysmithgroup.com"",""jdf@rileysmithgroup.com"",""angel@rileysmithgroup.com"",""damaris@rileysmithgroup.com"",""cynthia@rileysmithgroup.com"",""kiara@rileysmithgroup.com"",""jay@rileysmithgroup.com"",""brenda@rileysmithgroup.com"",""michael@rileysmithgroup.com"",""anaclarke@rileysmithgroup.com"",""linda@rileysmithgroup.com"",""david@rileysmithgroup.com"",""andrea@rileysmithgroup.com""]","[""https://www.linkedin.com/company/the-riley-smith-group/"",""https://www.linkedin.com/company/the-riley-smith-group""]","[""https://www.facebook.com/rileysmithgroup/""]","[""https://instagram.com/rileysmithgroup/"",""https://www.instagram.com/rileysmithgroup/""]"
Propertiesforsaleandrent,https://www.propertiesforsaleandrent.com/,"[""alek@aleksandrateam.com""]","[""https://www.linkedin.com/in/aleksandramarzecrealty/"",""https://www.linkedin.com/in/aleksandramarzecrealty/\\"",""https://www.linkedin.com/sharing/share-offsite/?mini=true\\u0026url=\\""]","[""https://www.facebook.com/AleksandraTeam"",""https://www.facebook.com/AleksandraTeam\\"",""https://www.facebook.com/sharer.php?u=\\""]","[""https://www.instagram.com/Aleksandramarzec9"",""https://www.instagram.com/Aleksandramarzec9\\""]"
Southfloridaoffmarket,https://southfloridaoffmarket.com/,"[""danmaza@miamirealestatetrends.com""]","[""https://www.linkedin.com/company/miami-real-estate-trends/""]","[""https://www.facebook.com/MiamiRealEstateTrends""]","[""https://www.instagram.com/MiamiRealEstateTrends/""]"
Propertiesofmiami,https://www.propertiesofmiami.com/,,"[""https://www.linkedin.com/in/miltonmiamirealtor/""]","[""https://www.facebook.com/polarisadvisorsgroup"",""https://www.facebook.com/MiamiMilton"",""https://www.facebook.com/tr?id=543972098074697&ev=PageView&noscript=1""]","[""https://www.instagram.com/polaris.advisors/"",""https://www.instagram.com/miltonmiamirealty/?hl&#x3D;en"",""https://www.instagram.com/miltonmiamirealty/""]"
Klerosre,http://www.klerosre.com/,"[""midtownmiamirealty@gmail.com""]",,"[""https://www.facebook.com/2008/fbml""]","[""https://www.instagram.com/jesusvaldescarmona/""]"
Alexasierra,https://alexasierra.com/,"[""alexandra.sierra@compass.com""]",,,
Miamihomequeen,https://www.miamihomequeen.com/,"[""rhondakohn@kw.com"",""adam.cooper@quantum.com"",""jamie.smith@quantum.com"",""dave.wong@quantum.com"",""madilyn.runolfsdottir@quantum.com"",""eduardo.reichel@quantum.com"",""laura.morgan@quantum.com"",""agent@access.com""]","[""https://linkedin.com/in/rhondakohn"",""https://www.linkedin.com/in/rhondakohn"",""https://www.linkedin.com/company/accessdotcom""]","[""https://facebook.com/lacondoqueen"",""https://www.facebook.com/lacondoqueen""]","[""https://instagram.com/rhondakohn/"",""https://www.instagram.com/rhondakohn/"",""https://www.instagram.com/reel/DbvhrZbDMux/"",""https://www.instagram.com/reel/DbnuXnpk0kK/"",""https://www.instagram.com/reel/DbdgOIPjqoe/"",""https://www.instagram.com/reel/DbLeevSE_DI/"",""https://www.instagram.com/reel/DbDrEr2ibgW/"",""https://www.instagram.com/reel/Da5dJjyD8B5/"",""https://www.instagram.com/reel/DaxpjZ8DOQs/"",""https://www.instagram.com/reel/DanbjevAIKI/"",""https://www.instagram.com/reel/DafoN7DG34q/""]"
Miacitylife,http://www.miacitylife.com/,"[""miacitylife.re@gmail.com""]",,,"[""https://www.instagram.com/pmtgroupll/""]"
Gravityrealestate,http://www.gravityrealestate.com/,,,,"[""https://www.instagram.com/gravityrealestate/""]"
Bestamericanrealty,http://www.bestamericanrealty.com/,,,"[""https://www.facebook.com/tr?id=1442231646227751&ev=PageView&noscript=1""]",
Centennialrealtygroup,https://centennialrealtygroup.com/,"[""centennialrealtymiami@gmail.com"",""mejiajcarlos@yahoo.com""]","[""https://www.linkedin.com/company/centennial-realty-group""]","[""https://www.facebook.com/juanmejiarealtor""]","[""https://www.instagram.com/centennialrealtygroup""]"
Abrahamash,https://abrahamash.com/,"[""abraham@abrahamash.com"",""abe@abeashmiami.com""]","[""https://www.linkedin.com/in/abrahamash/"",""https://www.linkedin.com/in/yourprofile"",""https://www.linkedin.com/in/abrahamash""]","[""https://www.facebook.com/AbeAshMiamiBroker"",""https://www.facebook.com/yourprofile"",""https://www.facebook.com/AbrahamAshMiami""]","[""https://www.instagram.com/abrahamashmiami/"",""https://www.instagram.com/yourprofile"",""https://www.instagram.com/AbrahamAshMiami""]"
Apexcapitalrealty,http://apexcapitalrealty.com/,"[""info@apexcapitalrealty.com""]","[""https://www.linkedin.com/company/apex-capital-realty""]","[""https://www.facebook.com/tr?id=470090364585367&ev=PageView&noscript=1"",""https://www.facebook.com/apexcapitalrealty""]","[""https://www.instagram.com/apexcapitalrealty""]"
Miamirealestateopportunities,https://www.facebook.com/miamirealestateopportunities/,,,"[""https://www.facebook.com/recover/initiate/?privacy_mutation_token=eyJ0eXBlIjo1LCJjcmVhdGlvbl90aW1lIjoxNzg2MzM1NDkxfQ%3D%3D&amp;ars=facebook_login&amp;next=https%3A%2F%2Fwww.facebook.com%2Fmiamirealestateopportunities%2F"",""https://www.facebook.com/reg/"",""https://www.facebook.com/login/"",""https://www.facebook.com/lite/"",""https://www.facebook.com/watch/"",""https://www.facebook.com/privacy/policy/?entry_point=facebook_page_footer"",""https://www.facebook.com/privacy/center/?entry_point=facebook_page_footer"",""https://www.facebook.com/about/"",""https://www.facebook.com/ad_campaign/landing.php?placement=pflo&amp;campaign_id=402047449186&amp;nav_source=unknown&amp;extra_1=auto"",""https://www.facebook.com/pages/create/?ref_type=site_footer"",""https://www.facebook.com/careers/?ref=pf"",""https://www.facebook.com/policies/cookies/"",""https://www.facebook.com/help/568137493302217"",""https://www.facebook.com/policies?ref=pf"",""https://www.facebook.com/help/?ref=pf"",""https://www.facebook.com/help/637205020878504""]",
Alexandriarealtygroup,https://alexandriarealtygroup.com/,"[""alex@alexandriarealtygroup.com"",""testlg@idxboost.com""]",,,"[""https://www.instagram.com/alexandriarealtygroup?igsh=ZzNyOXg2MmJ5OXNq&amp;utm_source=qr"",""https://www.instagram.com/alexandriarealtygroup?igsh=ZzNyOXg2MmJ5OXNq&utm_source=qr""]"
Rinasellsmiami,https://rinasellsmiami.com/?utm_source=gbp&utm_medium=organic,,"[""https://www.linkedin.com/in/rina-rodriguez-86a6551a7/""]","[""https://www.facebook.com/rinasellsmiami/""]","[""https://www.instagram.com/rinasellsmiami/"",""https://www.instagram.com/{{username}}"",""https://www.instagram.com/{{../username}}""]"
Laurenhershey,https://www.laurenhershey.com/,"[""laurenhersheyrealtor@gmail.com""]","[""https://www.linkedin.com/in/lauren-hershey/""]","[""https://www.facebook.com/tr?id=334002140382749&ev=PageView&noscript=1"",""https://www.facebook.com/tr?id=334002140382749&amp;ev=PageView&amp;noscript=1"",""https://www.facebook.com/realtormiamibeach/""]","[""https://www.instagram.com/miami_florida_realtor/""]"
Jackcodengroup,http://www.jackcodengroup.com/,"[""info@lgrealtygroup.com""]",,"[""https://www.facebook.com/lgrealtygroupinc"",""https://www.facebook.com/tr?id=381982036454712&amp;ev=PageView&amp;noscript=1"",""https://www.facebook.com/tr?id=381982036454712&ev=PageView&noscript=1""]","[""https://www.instagram.com/lgrealtygroup/""]"
Lgrealtygroup,https://www.lgrealtygroup.com/,"[""joseluis@realtygroup.miami""]","[""https://www.linkedin.com/in/joseluisherrerafleites""]","[""https://www.facebook.com/JoseLuisHerreraRealtor"",""https://www.facebook.com/tr?id=2283685291890394&ev=PageView&noscript=1""]","[""https://www.instagram.com/joseluisherrerarealtor"",""https://www.instagram.com/joseluisherrerarealtor/"",""https://www.instagram.com/p/DbvuJ-FmkG4/"",""https://www.instagram.com/reel/DbtLmS-Omxw/"",""https://www.instagram.com/reel/DbrIaUVIZjF/"",""https://www.instagram.com/reel/Dbny3FwOIMw/"",""https://www.instagram.com/reel/DbnpRe6uSAQ/"",""https://www.instagram.com/reel/DblRQOzu6NX/"",""https://www.instagram.com/p/DbiznCNFs6I/"",""https://www.instagram.com/p/Dbb0a3DFk_9/"",""https://www.instagram.com/reel/DbV7qeIOJK4/"",""https://www.instagram.com/reel/DbUBrveuviN/""]"
Realtygroup Miami,https://realtygroup.miami/,,"[""https://www.linkedin.com/in/nancybatchelor""]","[""https://www.facebook.com/nancybatchelormiamirealtor/""]","[""https://www.instagram.com/nancybatchelorteam""]"
Miamibeachluxuryliving,https://miamibeachluxuryliving.com/?utm_source=gbp&utm_medium=organic,,"[""https://www.linkedin.com/in/dimitrijoseph/""]","[""https://www.facebook.com/profile.php?id&#x3D;61551357735841&amp;paipv&#x3D;0&amp;eav&#x3D;Afa-4-snWjjhAqxqXvcpQJYiuuq2YXRckRWQnwkXRQaUuehnRabdiruTiA9XW7KwxsE"",""https://www.facebook.com/sharer/sharer.php?u=${generateShareLink()}&quote=${self.data(""]","[""https://www.instagram.com/dimitrijosephh/?hl&#x3D;en""]"
Dimitri Sdgroupmiami,https://dimitri.sdgroupmiami.com/,"[""gteran@avantiway.com""]","[""https://www.linkedin.com/in/guillermo-teran-9484979b/"",""https://www.linkedin.com/in/guillermo-teran-9484979b/\\"",""https://www.linkedin.com/sharing/share-offsite/?mini=true\\u0026url=\\""]","[""https://www.facebook.com/gteran69"",""https://www.facebook.com/gteran69\\"",""https://www.facebook.com/sharer.php?u=\\""]","[""https://www.instagram.com/gteran69/"",""https://www.instagram.com/gteran69/\\""]"
Gteran,https://www.gteran.com/,"[""alek@aleksandrateam.com""]","[""https://www.linkedin.com/in/aleksandramarzecrealty/"",""https://www.linkedin.com/in/aleksandramarzecrealty/\\""]","[""https://www.facebook.com/AleksandraTeam"",""https://www.facebook.com/AleksandraTeam\\""]","[""https://www.instagram.com/Aleksandramarzec9"",""https://www.instagram.com/Aleksandramarzec9\\""]"
Aleksandramarzec,https://www.aleksandramarzec.com/,,"[""https://www.linkedin.com/in/dr-adrian-burke/""]","[""https://www.facebook.com/AdrianBurkeLuxuryRealEstateMiami"",""https://www.facebook.com/AdrianKnowsMiamiLuxury/"",""https://www.facebook.com/tr?id=377244567900716&ev=PageView&noscript=1""]","[""https://www.instagram.com/adrian.burke.global.luxury/"",""https://www.instagram.com/adrian.burke.global.luxury/?hl&#x3D;en""]"
Seanmichaelfitzgerald,http://www.seanmichaelfitzgerald.com/,"[""sean@fitzrealdev.com""]","[""https://www.linkedin.com/in/sean-fitzgerald3/""]","[""https://www.facebook.com/profile.php?id=61571673298360""]","[""https://www.instagram.com/fitzgeraldrealestate/""]"
Oliversellsmiami,https://oliversellsmiami.com/?utm_source=gbp&utm_medium=organic,"[""support@moxiworks.com"",""mail-service@platform.moxiworks.com"",""info@windermere.com"",""mail-service@platform1.moxiworks.com"",""campaigns@info.properties"",""oliver.ruiz@cbrealty.com"",""gloria.morales@cbrealty.com"",""900615.lead.lag.101014932@leads.leadrouter.com""]","[""https://www.linkedin.com/in/oliverruizrealestate""]","[""https://www.facebook.com/realestatebyoliver/""]","[""https://www.instagram.com/oliversellsmiami/?hl=en""]"
Ivanandmike,https://www.ivanandmike.com/,"[""martirena96@gmail.com"",""mlsfl@compass.com"",""christel.renaud@compass.com"",""ivan.chorney@compass.com"",""cindy.perez@compass.com""]","[""https://www.linkedin.com/company/ivan-and-mike-team/posts/?feedView=all""]","[""https://www.facebook.com/onlymiamiluxury/""]","[""https://www.instagram.com/ivanandmiketeam/""]"
Miamirealtysolution,http://miamirealtysolution.com/,"[""info@chariff.com""]","[""https://www.linkedin.com/company/chariff-realty-group""]","[""http://www.facebook.com/chariffrealty"",""https://www.facebook.com/chariffrealty""]","[""https://www.instagram.com/chariff/""]"
Chariff,http://www.chariff.com/,"[""sacosta@onesothebysrealty.com"",""n@brickell.news""]","[""https://www.linkedin.com/in/sebastianacosta/"",""https://www.linkedin.com/in/sebastianacosta/\\"",""https://www.linkedin.com/sharing/share-offsite/?mini=true\\u0026url=\\""]","[""https://facebook.com/sebastianyangacosta"",""https://facebook.com/sebastianyangacosta\\"",""https://www.facebook.com/sharer.php?u=\\""]","[""https://www.instagram.com/sebastianacosta/"",""https://www.instagram.com/sebastianacosta/\\""]"
Sebastianacosta,http://www.sebastianacosta.com/,"[""info@homemiamire.com""]","[""https://www.linkedin.com/in/luz-v-abreu-63463422/"",""https://www.linkedin.com/in/luz-v-abreu-63463422/\\""]","[""https://www.facebook.com/homemiamire"",""https://www.facebook.com/homemiamire\\""]","[""https://www.instagram.com/luzvabreu/"",""https://www.instagram.com/luzvabreu/\\""]"
Beacons Ai/Mrdreammaker_,https://beacons.ai/mrdreammaker_,"[""info@realbrokers.miami""]",,"[""https://www.facebook.com/realbrokersmiami""]","[""https://www.instagram.com/realbrokersmiami""]"
Homemiamire,http://www.homemiamire.com/,,"[""https://www.linkedin.com/in/david-freed777/""]","[""https://www.facebook.com/david.freed1/"",""https://www.facebook.com/tr?id=895335212920653&ev=PageView&noscript=1""]","[""https://www.instagram.com/beaverdaddy/?hl&#x3D;en""]"
Condoblackbook,https://www.condoblackbook.com/,,"[""https://www.linkedin.com/company/stuart-st-james"",""https://www.linkedin.com/company/stuart-st-james/""]","[""https://www.facebook.com/stuartstjames/"",""https://www.facebook.com/tr?id=2613166025644193&ev=PageView&noscript=1"",""https://www.facebook.com/stuartstjames""]",
Realbrokersmiami,https://realbrokersmiami.com/,"[""theivyteam@gmail.com""]",,"[""https://www.facebook.com/IvyAssociatesInc""]",
Miamishome,https://miamishome.com/?utm_source=gbp&utm_medium=organic,,"[""https://www.linkedin.com/company/9344452/admin/"",""https://www.linkedin.com/company/the-boston-realty-group/""]","[""https://www.facebook.com/thebostonrealtygroup/"",""https://www.facebook.com/thebostonrealtygroup""]","[""https://www.instagram.com/thebostonrealtygroup/?hl=en""]"
Stuartstjames,https://stuartstjames.com/,,,,
Ivyboston,https://www.ivyboston.com/contact/,"[""info@ixactcontact.com""]","[""https://www.linkedin.com/company/ixactcontactsolutions/""]","[""https://www.facebook.com/IXACTContact""]","[""https://www.instagram.com/ixactcontact_crm/""]"
Thebostonrealtygroup,https://www.thebostonrealtygroup.com/,,,"[""https://www.facebook.com/truenorthbostonrealty""]","[""https://www.instagram.com/truenorthboston/""]"
Dorothymanning Exprealty,http://dorothymanning.exprealty.com/,"[""sprites@2x.png"",""kbrown@brownwagner.com""]","[""https://www.linkedin.com/company/brown-&-wagner-llc""]","[""https://www.facebook.com/BrownWagnerLLC""]",
Greenwayrealtygroupllc,https://greenwayrealtygroupllc.com/contact-us,,"[""https://www.linkedin.com/in/robertaorlandino/""]","[""https://www.facebook.com/BostonBackBayHomes/""]","[""https://www.instagram.com/roberta_bostonbbhomes/""]"
Remax,https://www.remax.com/real-estate-agents/amanda-travassos-new-bedford-ma/102266386,"[""contact@bradvisors.com""]","[""https://www.linkedin.com/company/43755""]","[""https://www.facebook.com/bradvisors/""]","[""https://instagram.com/bostonrealtyadvisors""]"
Bradvisors,http://www.bradvisors.com/,,"[""https://www.linkedin.com/company/cushman-&-wakefield"",""https://www.linkedin.com/company/cushman-&amp;-wakefield""]","[""https://www.facebook.com/CushmanWakefield""]","[""https://www.instagram.com/cushwake/"",""http://instagram.com/cushwake""]"
Cushmanwakefield,https://www.cushmanwakefield.com/en/united-states/offices/boston?utm_source=google&utm_medium=organic&utm_campaign=gmb_uberall_USA040,"[""support@moxiworks.com"",""mail-service@platform.moxiworks.com"",""info@windermere.com"",""mail-service@platform1.moxiworks.com"",""campaigns@info.properties"",""roy.schwartz@cbrealty.com"",""roy@bostonsbestrealty.com"",""900601.lead.lag.101023119@leads.leadrouter.com"",""info@bostonsbestrealty.com""]",,"[""https://www.facebook.com/people/Bostons-Best-Realty/61574745225070/""]","[""https://www.instagram.com/bostonsbestrealty/"",""https://www.instagram.com/bostonsbestrealty""]"
Bostonsbestrealty,http://bostonsbestrealty.com/,"[""paul@fairfieldrealtyboston.com""]",,,
Placester,https://placester.com/,"[""user@domain.com"",""dave@prosellrealty.com""]",,"[""http://www.facebook.com/2008/fbml""]","[""https://www.instagram.com/prosellrealtyadvisors""]"
Fairfieldrealtyboston,http://www.fairfieldrealtyboston.com/,,"[""https://www.linkedin.com/company/boston-pads/""]","[""https://www.facebook.com/Boston.Pads.Real.Estate/""]","[""https://www.instagram.com/bostonpads/""]"
Prosellrealty,https://www.prosellrealty.com/,"[""anthony.menounos@nemoves.com"",""ken.tutunjian@nemoves.com"",""900601.lead.lag.100715212@leads.leadrouter.com"",""anthony.menounos@gmail.com""]","[""https://www.linkedin.com/in/anthonymenounos/"",""https://www.linkedin.com/in/heatherolin/"",""https://www.linkedin.com/in/dianekeane/""]","[""https://www.facebook.com/AnthonyMenounosBostonRealEstateGroup"",""https://www.facebook.com/people/Heather-Olin/100054395821806/"",""https://www.facebook.com/DianeKeaneRealEstate""]","[""https://www.instagram.com/bostonrealestategroup/"",""https://www.instagram.com/heather_olin/"",""https://www.instagram.com/keane.diane/""]"
Firstrealtymgt,https://www.firstrealtymgt.com/,"[""2da842c767f04973985018dd9924b335@sentry.io""]","[""https://www.linkedin.com/company/theteam-re/""]","[""https://www.facebook.com/TheTeamRE/""]","[""https://www.instagram.com/theteamre""]"
Bostonpads,https://bostonpads.com/,,,,
Raveis,https://www.raveis.com/Office/MA/Boston-South-End/22155?utm_source=google-my-business&utm_medium=organic&utm_campaign=BostonSouthEndMA,,,"[""https://www.facebook.com/recover/initiate/?privacy_mutation_token=eyJ0eXBlIjo1LCJjcmVhdGlvbl90aW1lIjoxNzg2MzM1NTE5fQ%3D%3D&amp;ars=facebook_login&amp;next=https%3A%2F%2Fwww.facebook.com%2FMelissaRealEstateBoston%2F"",""https://www.facebook.com/reg/"",""https://www.facebook.com/login/"",""https://www.facebook.com/lite/"",""https://www.facebook.com/watch/"",""https://www.facebook.com/privacy/policy/?entry_point=facebook_page_footer"",""https://www.facebook.com/privacy/center/?entry_point=facebook_page_footer"",""https://www.facebook.com/about/"",""https://www.facebook.com/ad_campaign/landing.php?placement=pflo&amp;campaign_id=402047449186&amp;nav_source=unknown&amp;extra_1=auto"",""https://www.facebook.com/pages/create/?ref_type=site_footer"",""https://www.facebook.com/careers/?ref=pf"",""https://www.facebook.com/policies/cookies/"",""https://www.facebook.com/help/568137493302217"",""https://www.facebook.com/policies?ref=pf"",""https://www.facebook.com/help/?ref=pf"",""https://www.facebook.com/help/637205020878504""]",
Leerealtyboston,http://www.leerealtyboston.com/,,,,
Cynergyrealty,https://cynergyrealty.com/,,,,
Meichelle5 Wixsite,https://meichelle5.wixsite.com/site,"[""kimberlyclark123z@gmail.com""]","[""https://www.linkedin.com/in/kim-clark-a20a86a7/""]","[""https://www.facebook.com/RealtorKimClark""]",
Nexthomeurs,http://nexthomeurs.com/,"[""info@thestrategystreet.com"",""frank@thestrategystreet.com"",""compliance@placester.com""]","[""https://www.linkedin.com/shareArticle?mini=true&amp;url=https://www.thestrategystreet.com/&amp;title=Strategy""]","[""http://facebook.com/thestrategystreet"",""https://www.facebook.com/TheVentrescaTeam/reviews"",""https://www.facebook.com/sharer/sharer.php?u=https://www.thestrategystreet.com/""]","[""http://instagram.com/strategystreet""]"
Homeendeavorsrealty,http://www.homeendeavorsrealty.com/,"[""info@luxurylivingre.com""]","[""https://linkedin.com/shareArticle?mini=true&amp;title=Home&amp;url=https://www.luxurylivingre.com/"",""https://www.linkedin.com/in/luxurylivingrealestate""]","[""https://www.facebook.com/sharer.php?u=https://www.luxurylivingre.com/&amp;t=Home"",""https://www.facebook.com/luxlivingrealestate""]","[""https://www.instagram.com/luxlivingrealestate/""]"
Mrsbrownstoneboston,https://mrsbrownstoneboston.com/,"[""info@indiantypefoundry.com"",""gregory@herringboneboston.com"",""celina@herringboneboston.com"",""daniel@herringboneboston.com""]",,"[""https://www.facebook.com/283283318195002""]","[""https://www.instagram.com/herringboneboston?igsh=eXdkNWxwb3AxbmJt"",""https://www.instagram.com/celina_doucette/?hl=en"",""https://www.instagram.com/daniel_lewis_realtor/?hl=en""]"
Thestrategystreet,http://thestrategystreet.com/,"[""user@domain.com""]","[""https://www.linkedin.com/in/marinirealestate/""]","[""http://www.facebook.com/2008/fbml"",""https://www.facebook.com/joe.marini.real.estate""]","[""https://www.instagram.com/joemarinirealestate/""]"
Luxurylivingre,http://www.luxurylivingre.com/,"[""bugreport@moatable.com""]",,,
Modernre,http://modernre.com/,,,,
Casey Martin,https://www.compass.com/agents/casey-martin/,,,,
Herringboneboston,https://herringboneboston.com/the-team,,,,
Marinirealestate,http://www.marinirealestate.com/,"[""haley.cutter@gmail.com"",""duglas1010@gmail.com"",""meaghan.realestate@gmail.com"",""jferrisliving@gmail.com"",""kjriveroll@gmail.com"",""alexcoxallre@gmail.com"",""mario.luxeliving@gmail.com"",""jmckenzie4505@gmail.com"",""annaliseinboston@gmail.com"",""adam.cooper@metropolis.com"",""jamie.smith@metropolis.com"",""dave.wong@metropolis.com"",""madilyn.runolfsdottir@metropolis.com"",""eduardo.reichel@metropolis.com"",""laura.morgan@metropolis.com"",""agent@access.com"",""cutterluxe@compass.com"",""realestate.shahabmadadi@gmail.com""]","[""https://linkedin.com/in/haley-cutter-ab71bb3/"",""https://www.linkedin.com/in/haley-cutter-ab71bb3/"",""https://www.linkedin.com/company/accessdotcom""]","[""https://facebook.com/haley.cutter"",""https://www.facebook.com/haley.cutter""]","[""https://instagram.com/haley.cutter/?hl=en"",""https://www.instagram.com/haley.cutter/?hl=en"",""https://www.instagram.com/accessdotcom"",""https://www.instagram.com/cutterluxeliving/"",""https://www.instagram.com/reel/DW9p9yqkuoj/"",""https://www.instagram.com/p/DDzkn6eu8EV/"",""https://www.instagram.com/p/DA4eU_tM__m/"",""https://www.instagram.com/p/C_ipSiKOHsA/"",""https://www.instagram.com/p/C_TFjjMuYlo/"",""https://www.instagram.com/p/C_QbseVORGC/"",""https://www.instagram.com/p/C_Jd8YKOtZb/"",""https://www.instagram.com/p/C-_MOc9uHD1/"",""https://www.instagram.com/p/C-puez6uQx9/""]"
Jaynekramer,https://jaynekramer.com/,"[""lisa@lisahaboston.com""]","[""https://www.linkedin.com/in/lisa-h-3b9b7037/""]",,"[""https://www.instagram.com/lisahizza""]"
Newwavebostonre,http://www.newwavebostonre.com/,,,,
Club Realty,http://club-realty.com/,"[""shoreyrealestate@gmail.com""]","[""https://www.linkedin.com/in/davidshorey""]","[""https://www.facebook.com/tr?id=1548068378822299&ev=PageView&noscript=1"",""https://www.facebook.com/The-Shorey-Sheehan-Real-Estate-Team-773111049367577/"",""https://facebook.com/ShoreyRealtyGroup/""]","[""https://www.instagram.com/shoreyrealtygroup/""]"
Leerealtyboston,http://www.leerealtyboston.com/,,,,
Cynergyrealty,https://cynergyrealty.com/,,,,
Meichelle5 Wixsite,https://meichelle5.wixsite.com/site,,,,
Nexthomeurs,http://nexthomeurs.com/,,,"[""https://www.facebook.com/WordPresscom""]",
Homeendeavorsrealty,http://www.homeendeavorsrealty.com/,,,,
Mrsbrownstoneboston,https://mrsbrownstoneboston.com/,,"[""https://www.linkedin.com/shareArticle?mini=true&amp;url=https://www.thestrategystreet.com/contact/&amp;title=Contact""]","[""https://www.facebook.com/sharer/sharer.php?u=https://www.thestrategystreet.com/contact/""]",
Thestrategystreet,http://thestrategystreet.com/,,,,
Luxurylivingre,http://www.luxurylivingre.com/,,,,
Modernre,http://modernre.com/,,,,
Casey Martin,https://www.compass.com/agents/casey-martin/,,,,
Herringboneboston,https://herringboneboston.com/the-team,,,,
Marinirealestate,http://www.marinirealestate.com/,,,,
Jaynekramer,https://jaynekramer.com/,,,,
Newwavebostonre,http://www.newwavebostonre.com/,,,,
Club Realty,http://club-realty.com/,,,,
Candorinvestmentgroup,https://candorinvestmentgroup.com/,"[""yassien.youssef@compass.com""]",,,
Cutterluxe,http://www.cutterluxe.com/,,,,
Lisahaboston,http://www.lisahaboston.com/,,,,
Yygroupre,https://yygroupre.com/,,,,
Remax,https://www.remax.com/real-estate-offices/remax-realty-plus-boston-ma/100427783,"[""user@domain.com"",""toni.gilardi@gibsonsir.com"",""lauren.newton@gibsonsir.com"",""michael.salvati@gibsonsir.com""]",,"[""http://www.facebook.com/2008/fbml"",""https://www.facebook.com/thegilardigroup/""]","[""https://www.instagram.com/thegilardigroup/""]"
Jaxcrerar Exprealty,https://jaxcrerar.exprealty.com/,"[""norman@primerealtygrp.com""]","[""https://www.linkedin.com/in/norman-o-grady-82b694b/""]","[""https://www.facebook.com/norman.ogrady/""]",
Thegilardigroup,http://www.thegilardigroup.com/,"[""help@cityrealtyboston.com"",""accounting@cityrealtyboston.com"",""ap@cityrealtyboston.com"",""ar@cityrealtyboston.com"",""citykids@cityrealtyboston.com"",""hoa@cityrealtyboston.com"",""rentals@cityrealtyboston.com"",""reschool@cityrealtyboston.com"",""605a7baede844d278b89dc95ae0a9123@sentry-next.wixpress.com"",""18d2f96d279149989b95faf0a4b41882@sentry-next.wixpress.com"",""dd0a55ccb8124b9c9d938e3acf41f8aa@sentry.wixpress.com"",""c183baa23371454f99f417f6616b724d@sentry.wixpress.com"",""8c30b2581acc426badc414e8a5dc04ef@sentry.wixpress.com"",""8eb368c655b84e029ed79ad7a5c1718e@sentry.wixpress.com"",""2062d0a4929b45348643784b5cb39c36@sentry.wixpress.com"",""5d1795a2db124a268f1e1bd88f503500@sentry.wixpress.com""]",,"[""https://www.facebook.com/CityRealtyBoston/""]","[""https://www.instagram.com/cityrealtyboston""]"
Instagram,https://www.instagram.com/svetti_realtor/,,"[""https://www.linkedin.com/in/william-montero-1a34a01b""]",,"[""https://www.instagram.com/willmonterosothebys/""]"
Gibsonsothebysrealty,http://gibsonsothebysrealty.com/,,"[""https://www.linkedin.com/company/rooney-real-estate-inc./""]","[""https://www.facebook.com/RooneyRealEstate/""]","[""https://www.instagram.com/rooneyre/""]"
Primerealtygrp,https://www.primerealtygrp.com/,,,,
Cityrealtyboston,http://www.cityrealtyboston.com/,,"[""https://www.linkedin.com/in/amaury-de-labbey/""]","[""https://www.facebook.com/AmaurydeLabbeyRealtor/""]","[""https://www.instagram.com/the.adl/""]"
Monterore,https://monterore.com/?utm_source=gbp&utm_medium=organic,,"[""https://www.linkedin.com/in/debbieadamidis/""]","[""https://www.facebook.com/BostonRealEstatePros/""]","[""https://www.instagram.com/bostonrealestatepros/?hl&#x3D;en/""]"
Rooney Re,https://rooney-re.com/?utm_source=gbp&utm_medium=organic,"[""manager@bostonmovesre.com"",""alex@bostonmovesre.com""]","[""https://www.linkedin.com/company/boston-moves-real-estate""]","[""https://www.facebook.com/BostonMoves""]","[""https://instagram.com/bostonmovesteam?igshid=YmMyMTA2M2Y=""]"
Fiorellirealtyassociates,http://www.fiorellirealtyassociates.com/,,"[""https://linkedin.com/in/gabrielle-russo-58012483""]","[""https://www.facebook.com/AgentImage""]","[""https://www.instagram.com/gabriellerusso_realty""]"
Amaurydelabbey,http://amaurydelabbey.com/,"[""sgrossack@617regroup.com""]",,"[""https://www.facebook.com/WordPresscom""]",
Bostonrealestatepros,https://bostonrealestatepros.com/?utm_source=gbp&utm_medium=organic,"[""info@insightrealtygroup.com"",""lmayajp@gmail.com"",""offergood@aol.com"",""irishpaula@gmail.com"",""bryan.loveliveboston@gmail.com"",""rachael@rachaelkulik.com"",""karen8red@gmail.com"",""jamaicaplain@gmail.com"",""kris@krismacdonald.com"",""yourname@youremail.com""]",,"[""https://www.facebook.com/insightrealtyboston"",""https://www.facebook.com/tr?ev=35673362&amp;cd[value]=0.00&amp;cd[currency]=USD&amp;noscript=1"",""https://www.facebook.com/tr?id=436415373176255&amp;ev=PageView&amp;noscript=1""]","[""https://www.instagram.com/insightrealtyboston/""]"
Tylerbenner Exprealty,https://tylerbenner.exprealty.com/,"[""email@example.com"",""mbkelley@kw.com""]","[""https://www.linkedin.com/in/marybethkelley/""]","[""https://www.facebook.com/marybethkelley123""]","[""https://www.instagram.com/mbk_bostonrealestate/"",""https://www.instagram.com/mbk_realestate/"",""https://www.instagram.com/p/CRjyXIis8d2/"",""https://www.instagram.com/p/CRhlrEnMX-p/"",""https://www.instagram.com/p/CRY1T8AMxr0/"",""https://www.instagram.com/p/CRY0KZns1z8/"",""https://www.instagram.com/p/CRYzY8xs1ZG/"",""https://www.instagram.com/p/CQQZC44MgoY/"",""https://www.instagram.com/p/CQQXZfSsxVN/"",""https://www.instagram.com/p/CP3fyw6MetF/"",""https://www.instagram.com/p/CPGAwMdsI9F/"",""https://www.instagram.com/p/CO29gissK40/""]"
Burnsinvestments,http://www.burnsinvestments.com/,,,,
Entryonlynewengland,https://entryonlynewengland.com/,"[""cbrayrealestate@gmail.com""]","[""https://www.linkedin.com/in/collinbray""]",,"[""https://www.instagram.com/collinbray/""]"
Collinbray,http://www.collinbray.com/,,"[""https://www.linkedin.com/in/juanrealestategroup/""]","[""https://www.facebook.com/juanrealestate/?ref&#x3D;page_internal""]","[""https://www.instagram.com/juanrealestate/?hl&#x3D;en""]"
Adam Shamus,https://www.compass.com/agents/adam-shamus/,"[""anthonyl@lamacchiarealty.com"",""info@lamacchiarealty.com""]","[""https://www.linkedin.com/company/lamacchia-realty-inc-""]","[""https://www.facebook.com/LamacchiaRealty""]",
Juanrealestate,https://juanrealestate.com/?utm_source=gbp&utm_medium=organic,"[""realtyford@yahoo.com"",""j.fordrealtyinc@gmail.com""]",,"[""https://www.facebook.com/condos.in.boston.for.sale/""]",
Lamacchiarealty,http://www.lamacchiarealty.com/,,"[""https://www.linkedin.com/in/beth-dickerson-3189a57""]","[""https://www.facebook.com/DickersonRE/""]","[""https://www.instagram.com/bostonluxuryrealestate/""]"
Elliman,https://www.elliman.com/agent/nicole-paler/1193583,,"[""https://www.linkedin.com/in/collin-fishman-68608833""]","[""https://www.facebook.com/CollinFishmanRealEstate"",""https://www.facebook.com/tr?id=900994225189406&ev=PageView&noscript=1""]","[""https://www.instagram.com/collinfishman/?hl&#x3D;en""]"
Bostonreb,http://www.bostonreb.com/,"[""support@moxiworks.com"",""mail-service@platform.moxiworks.com"",""info@windermere.com"",""mail-service@platform1.moxiworks.com"",""campaigns@info.properties"",""rich.hornblower@nemoves.com"",""ken.tutunjian@nemoves.com"",""900601.lead.lag.100710160@leads.leadrouter.com""]","[""https://www.linkedin.com/in/richardhornblower"",""https://www.linkedin.com/in/richardhornblower/""]","[""https://www.facebook.com/richard.hornblower.rra""]","[""https://www.instagram.com/richard.hornblower.rra""]"
Bethdickerson,https://bethdickerson.com/,"[""info@thecharlesrealty.com"",""sarah@thecharlesrealty.com""]",,"[""https://www.facebook.com/thecharlesrealty""]","[""https://www.instagram.com/thecharlesrealty/""]"
Collinfishman,http://www.collinfishman.com/,"[""user@domain.com"",""josh@joshesantana.com""]","[""https://www.linkedin.com/in/joshEsantana/""]","[""http://www.facebook.com/2008/fbml"",""https://www.facebook.com/joshEsantanaRE""]","[""https://www.instagram.com/josh.E.santana""]"
Alexanderlisek Exprealty,https://alexanderlisek.exprealty.com/,,,"[""https://www.facebook.com/firstbostonrealty/"",""https://www.facebook.com/1590398059760139/posts/1253581350108480"",""https://www.facebook.com/1590398059760139/posts/1244566987676583"",""https://www.facebook.com/1590398059760139/posts/1244552674344681""]","[""https://www.instagram.com/firstbostonrealty/"",""https://www.instagram.com/p/DYZ9aKnDtHl/"",""https://www.instagram.com/p/DYXBNgojh-W/"",""https://www.instagram.com/p/DYVUhnDD_aT/"",""https://www.instagram.com/p/DJnNWCPsBpL/""]"
Burnsinvestments,http://www.burnsinvestments.com/,,,,
Entryonlynewengland,https://entryonlynewengland.com/,,,,
Collinbray,http://www.collinbray.com/,"[""dsc00033@05x.jpg""]",,,
Adam Shamus,https://www.compass.com/agents/adam-shamus/,"[""info@lamacchiacares.org""]",,,
Juanrealestate,https://juanrealestate.com/?utm_source=gbp&utm_medium=organic,"[""jrealtyford@yahoo.com"",""lamb.janet@yahoo.com""]",,,
Lamacchiarealty,http://www.lamacchiarealty.com/,,,,
Elliman,https://www.elliman.com/agent/nicole-paler/1193583,,,,
Bostonreb,http://www.bostonreb.com/,,,,
Bethdickerson,https://bethdickerson.com/,,,,
Collinfishman,http://www.collinfishman.com/,,,,
Alexanderlisek Exprealty,https://alexanderlisek.exprealty.com/,,,,
Richardhornblower,http://www.richardhornblower.com/,,,,
Thecharlesrealty,https://www.thecharlesrealty.com/realestate/agent/sarah-glovsky/,,,,
Joshesantana,http://joshesantana.com/,,,,
Citycentralre,https://citycentralre.com/,"[""info@citycentralre.com""]","[""https://www.linkedin.com/company/city-central-realty-llc""]","[""https://www.facebook.com/CityCentralRealty/""]",
Movinggreaterboston,https://movinggreaterboston.com/?utm_source=gbp&utm_medium=organic,,"[""https://www.linkedin.com/company/movinggreaterboston/""]","[""https://www.facebook.com/GreaterBostonRealtors""]","[""https://www.instagram.com/movinggreaterboston""]"
Thewhaleyringteam,https://thewhaleyringteam.com/agent/paul-whaley,,"[""https://linkedin.com/in/paul-whaley-4877b7""]","[""https://facebook.com/paul.whaley.756"",""https://www.facebook.com/WhaleyRingTeam/""]","[""https://www.instagram.com/paulwhaleyboston/"",""https://www.instagram.com/thewhaleyringteam/?hl&#x3D;en""]"
Boston Evrealestate,http://boston.evrealestate.com/,"[""amy@carlislegrouprealestate.com"",""user@domain.com"",""emily@carlislegrouprealestate.com""]",,"[""http://www.facebook.com/2008/fbml"",""https://www.facebook.com/CarlisleGroupBoston/""]","[""https://www.instagram.com/carlislerealestate/""]"
Carlislegrouprealestate,https://www.carlislegrouprealestate.com/our-team/emily-nichols,,"[""https://www.linkedin.com/in/aysinc/""]","[""https://www.facebook.com/boston1realty/""]","[""https://www.instagram.com/explore/locations/1801862456564412/boston-one-realty-group-inc/""]"
Bostononeteam,https://bostononeteam.com/?utm_source=gbp&utm_medium=organic,"[""thesarkisteam@elliman.com""]","[""https://www.linkedin.com/company/sarkis-team/""]","[""https://www.facebook.com/thesarkisteamre""]","[""https://www.instagram.com/thesarkisteam/"",""https://www.instagram.com/thesarkisteam/#""]"
Sarkisboston,http://sarkisboston.com/,"[""sales@seaportrealtygroup.com""]",,"[""https://www.facebook.com/seaportrealtygroup02127/""]",
Seaportrealtygroup,http://www.seaportrealtygroup.com/,,,"[""https://www.facebook.com/JoyceLebedewRealEstate/""]","[""https://www.instagram.com/joycelebedewrealestate/?hl&#x3D;en""]"
Joycelebedewrealestate,https://www.joycelebedewrealestate.com/,,"[""https://www.linkedin.com/in/maggie-gold-seelig-a97306a0/""]","[""https://www.facebook.com/tr?id=925463569738947&ev=PageView&noscript=1""]","[""https://www.instagram.com/maggie_seelig/"",""https://www.instagram.com/rkgoldman/?hl=en"",""https://www.instagram.com/mgsgrouprealestate/""]"
Mgsgrouprealestate,http://mgsgrouprealestate.com/,,"[""https://www.linkedin.com/company/the-bht/""]","[""https://www.facebook.com/TheBHT""]","[""https://www.instagram.com/bostonhometeam/""]"
Thebostonhometeam,https://thebostonhometeam.com/?utm_source=gbp&utm_medium=organic,"[""choicehomesma@gmail.com""]","[""https://linkedin.com/in/rahel-choi"",""https://linkedin.com/in/rahel-choi\\""]","[""https://facebook.com/rahelchoi.realtor"",""https://facebook.com/rahelchoi.realtor\\""]","[""https://instagram.com/rahelchoi.realtor"",""https://instagram.com/rahelchoi.realtor\\""]"
Bulfinchbostonrealty,https://www.bulfinchbostonrealty.com/,"[""bugreport@moatable.com""]",,,
Greaterbostonrealestateagents,https://www.greaterbostonrealestateagents.com/,"[""eben@eyebytes.com"",""filler@godaddy.com"",""contact@oakfr.com""]","[""https://www.linkedin.com/company/oak-forest-realty/mycompany/?viewAsMember=true""]",,
Deanofresults,http://www.deanofresults.com/,"[""support@agentfire.com""]","[""https://www.linkedin.com/company/cs-luxury-group/""]","[""https://www.facebook.com/csluxurygroup""]","[""https://www.instagram.com/csluxurygroup/""]"
Theoakforest,https://theoakforest.com/,,,"[""https://www.facebook.com/pages/AS-Realty-Inc/120595724721344""]","[""https://instagram.com/as_realty_boston/""]"
Oconnorandhighland,http://www.oconnorandhighland.com/,,,,
Csluxurygroup,http://www.csluxurygroup.com/,,"[""https://www.linkedin.com/in/alisacoyle?trk=nav_responsive_tab_profile""]","[""https://www.facebook.com/GBRTeam/""]",
Stephcrawfordgroup,https://stephcrawfordgroup.com/?utm_source=gbp&utm_medium=organic,,"[""https://www.linkedin.com/in/steph-crawford-mba-204a8135/""]","[""https://www.facebook.com/SCrawford1115""]","[""https://www.instagram.com/stephcrawford_realtor/""]"
Kenmoreproperties,http://www.kenmoreproperties.com/,"[""info@kenmoreproperties.com""]",,,
Rpgroupatcompass,https://www.rpgroupatcompass.com/,"[""user@domain.com"",""rpgroup@compass.com""]","[""https://www.linkedin.com/in/sam-reifman-packett-9a6a7827/""]","[""http://www.facebook.com/2008/fbml"",""https://www.facebook.com/TheRPGroupAtCompass""]","[""https://www.instagram.com/therpgroup/""]"
Movingtonewtonma,https://movingtonewtonma.com/,"[""bugreport@moatable.com""]",,,
Raveis,https://www.raveis.com/Agent/stevefacelle,"[""team@adamsand.co"",""trevor@adamsand.co"",""ashlee@adamsand.co""]","[""https://www.linkedin.com/in/trevor-wissink-adams/"",""https://www.linkedin.com/company/adams-and-co/"",""https://www.linkedin.com/company/adams-and-co/\\"",""https://www.linkedin.com/in/trevor-wissink-adams/\\""]","[""https://www.facebook.com/p/Adams-Co-Real-Estate-61566468256100/"",""https://www.facebook.com/profile.php?id=61566468256100"",""https://www.facebook.com/profile.php?id=61566468256100\\"",""https://www.facebook.com/p/Adams-Co-Real-Estate-61566468256100/\\""]","[""https://www.instagram.com/adamsand.co/"",""https://www.instagram.com/adamsand.co/\\""]"
Conceptpropertiesre,https://conceptpropertiesre.com/,,"[""https://www.linkedin.com/company/evo-real-estate-group/""]","[""https://www.facebook.com/evobostonrealestate""]","[""https://www.instagram.com/evoboston/""]"
Adamsand Co,https://adamsand.co/,,"[""https://www.linkedin.com/in/leslie-mackinnon-87083810/""]","[""https://www.facebook.com/LeslieMacKinnonRealEstate/""]","[""https://www.instagram.com/lesliesellshouses/?hl&#x3D;en""]"
Evoboston,https://evoboston.com/?utm_source=gbp&utm_medium=organic,"[""info@thecharlesrealty.com""]",,"[""https://www.facebook.com/thecharlesrealty""]","[""https://www.instagram.com/thecharlesrealty/""]"
Lesliemackinnon,https://lesliemackinnon.com/,,"[""https://www.linkedin.com/in/scarlettrealtyinc/""]","[""https://www.facebook.com/ScarlettRealtyInc""]","[""https://www.instagram.com/scarlettsalesqueenboston/""]"
Thecharlesrealty,https://www.thecharlesrealty.com/,,,,
Scarletttamburro,https://scarletttamburro.com/,"[""logo@2x.jpg"",""email@email.com""]","[""https://linkedin.com/company/century-21-cityside--boston""]","[""https://www.facebook.com/tr?id=1000985181308873&ev=PageView&noscript=1"",""https://www.facebook.com/pages/Century-21-Cityside/161376720548880""]","[""https://www.instagram.com/century21cityside/?hl=en"",""https://www.instagram.com/century21cityside/""]"
Arborviewrealtyinc,http://www.arborviewrealtyinc.com/,"[""name@website.com"",""goodrich@compass.com""]","[""https://www.linkedin.com/company/goodrichteam/?viewAsMember=true""]","[""https://www.facebook.com/goodrichteam/""]","[""https://www.instagram.com/GoodrichTeam/""]"
C21Cityside,http://www.c21cityside.com/,,,,
Goodrichboston,https://www.goodrichboston.com/?utm_source=gbp&utm_medium=local&utm_campaign=website_clicks,"[""commongroundcollective@compass.com"",""compliance@placester.com"",""logan.jacobs@compass.com""]","[""https://www.linkedin.com/shareArticle?mini=true&amp;url=https://www.cgcboston.com/&amp;title=Common""]","[""https://www.facebook.com/CommonGround.Boston"",""https://www.facebook.com/sharer/sharer.php?u=https://www.cgcboston.com/""]","[""https://www.instagram.com/commonground.boston""]"
Homesnap,https://www.homesnap.com/Michael-MacDonald-4/gmb2,,"[""https://www.linkedin.com/in/guycontaldirealtor/""]","[""https://www.facebook.com/GuySellsHomes/"",""https://www.facebook.com/GuyContaldiRealtor/""]","[""https://www.instagram.com/guycontaldirealtor/"",""https://www.instagram.com/guycontaldirealtor/?hl&#x3D;en"",""https://www.instagram.com/{{username}}"",""https://www.instagram.com/{{../username}}""]"
Ellenandjanisrealestate,https://www.ellenandjanisrealestate.com/,"[""info@broadsoundre.com""]",,"[""https://www.facebook.com/realestatejuanc"",""https://www.facebook.com/tr?id=3062320644082714&ev=PageView&noscript=1""]","[""https://www.instagram.com/realestatejuanc/"",""https://instagram.com/realestatejuanc""]"
Guysellshomes,https://guysellshomes.com/,"[""nico@realty.boston""]","[""https://www.linkedin.com/company/realty-boston/""]",,"[""https://www.instagram.com/realty.boston/""]"
Amandawoodwardhomes,https://www.amandawoodwardhomes.com/,"[""brian@briangagnonre.com""]","[""https://www.linkedin.com/in/briangagnonrealestate/""]","[""https://www.facebook.com/tr?id=909073350302686&ev=PageView"",""https://www.facebook.com/tr?id=718956147149603&ev=PageView&noscript=1"",""https://www.facebook.com/TheBrianGagnonRealtyGroup/""]","[""https://www.instagram.com/briangagnonre/""]"
Darnellrealty,https://www.darnellrealty.com/,"[""amgroup@compass.com""]","[""https://www.linkedin.com/in/amgboston/""]","[""https://www.facebook.com/people/The-Aranson-Maguire-Group/100090628334273/"",""https://www.facebook.com/profile.php?id=100089877442878""]","[""https://www.instagram.com/aransonmaguire/?hl=en"",""https://www.instagram.com/aransonmaguire/""]"
Briangagnonre,https://briangagnonre.com/,,,,
Amgboston,http://amgboston.com/,"[""bugreport@moatable.com""]",,,
Jackieorealestate,https://www.jackieorealestate.com/,,"[""https://www.linkedin.com/in/carmelalaurella""]","[""https://www.facebook.com/CLPropertiesRE/""]","[""https://www.instagram.com/{{username}}"",""https://www.instagram.com/{{../username}}"",""https://www.instagram.com/clpropertiesre/""]"
Listwithjameslynch,https://listwithjameslynch.com/,"[""a.smith@cbrealty.com""]","[""https://www.linkedin.com/company/cbrealty""]","[""http://www.facebook.com/CBRealtyNE/"",""https://www.facebook.com/compass""]","[""https://www.instagram.com/CBRealtyNE/"",""https://www.instagram.com/compass/""]"
Clproperties,http://www.clproperties.com/,,,,
Coldwellbankerhomes,https://www.coldwellbankerhomes.com/ma/boston/agent/adam-smith/aid_267339/,,,,
Mbrgboston,http://www.mbrgboston.com/,,"[""https://www.linkedin.com/sharing/share-offsite/?url=https:///blog/100-shawmut-ave-807-boston-ma-us-02118-73474115&media=https://dlajgvw9htjpb.cloudfront.net/cms/17724c3e-511a-4d95-ac58-1b61ad26dcfd/73474115/-4184788597858027388.jpg&description="",""https://www.linkedin.com/sharing/share-offsite/?url=https:///blog/75-fulton-st-21-boston-ma-us-02109-73479933&media=https://dlajgvw9htjpb.cloudfront.net/cms/17724c3e-511a-4d95-ac58-1b61ad26dcfd/73479933/-8323527675449511427.jpg&description="",""https://www.linkedin.com/sharing/share-offsite/?url=https:///blog/9-spring-hill-road-boston-ma-us-02136-73533083&media=https://dlajgvw9htjpb.cloudfront.net/cms/17724c3e-511a-4d95-ac58-1b61ad26dcfd/73533083/6577891570888102431.jpg&description="",""https://www.linkedin.com/sharing/share-offsite/?url=https:///blog/1-marlin-rd-boston-ma-us-02132-73370650&media=https://dlajgvw9htjpb.cloudfront.net/cms/17724c3e-511a-4d95-ac58-1b61ad26dcfd/73370650/-6315870357656530064.jpg&description="",""https://www.linkedin.com/sharing/share-offsite/?url=https:///blog/9-olde-hickory-path-westborough-ma-us-01581-73211517&media=https://dlajgvw9htjpb.cloudfront.net/cms/17724c3e-511a-4d95-ac58-1b61ad26dcfd/73211517/-2227335010964329925.jpg&description="",""https://www.linkedin.com/sharing/share-offsite/?url=https:///blog/73-stearns-road-unit-2-brookline-ma-02446-72891133&media=https://dq1niho2427i9.cloudfront.net/17724c3e-511a-4d95-ac58-1b61ad26dcfd/-453793413.jpg&description="",""https://www.linkedin.com/sharing/share-offsite/?url=https:///blog/857-vfw-parkway-boston-ma-us-02132-73428403&media=https://dlajgvw9htjpb.cloudfront.net/cms/17724c3e-511a-4d95-ac58-1b61ad26dcfd/73428403/5513780791968075829.jpg&description="",""https://www.linkedin.com/sharing/share-offsite/?url=https:///blog/633-e-7th-3-boston-ma-us-02127-73431654&media=https://dlajgvw9htjpb.cloudfront.net/cms/17724c3e-511a-4d95-ac58-1b61ad26dcfd/73431654/4744625038709067378.jpg&description="",""https://www.linkedin.com/sharing/share-offsite/?url=https:///blog/285-corey-st-boston-ma-us-02132-73227679&media=https://dlajgvw9htjpb.cloudfront.net/cms/17724c3e-511a-4d95-ac58-1b61ad26dcfd/73227679/7105920812755148481.jpg&description="",""https://www.linkedin.com/sharing/share-offsite/?url=https:///blog/87-franklin-st-104-quincy-ma-us-02169-73374155&media=https://dlajgvw9htjpb.cloudfront.net/cms/17724c3e-511a-4d95-ac58-1b61ad26dcfd/73374155/-2798504808122930787.jpg&description="",""https://www.linkedin.com/sharing/share-offsite/?url=https:///blog/375-creek-street-wrentham-ma-us-02093-73254154&media=https://dlajgvw9htjpb.cloudfront.net/cms/17724c3e-511a-4d95-ac58-1b61ad26dcfd/73254154/2465346278956333671.jpg&description="",""https://www.linkedin.com/sharing/share-offsite/?url=https:///blog/337-chelsea-st-1-boston-ma-us-02128-73474116&media=https://dlajgvw9htjpb.cloudfront.net/cms/17724c3e-511a-4d95-ac58-1b61ad26dcfd/73474116/-8040451516811663919.jpg&description="",""https://www.linkedin.com/sharing/share-offsite/?url=https:///blog/242-pond-street-westwood-ma-us-02090-73230827&media=https://dlajgvw9htjpb.cloudfront.net/cms/17724c3e-511a-4d95-ac58-1b61ad26dcfd/73230827/-7266975202327520282.jpg&description="",""https://www.linkedin.com/sharing/share-offsite/?url=https:///blog/221-columbus-ave-unit-502-boston-ma-02116-73041636&media=https://dq1niho2427i9.cloudfront.net/17724c3e-511a-4d95-ac58-1b61ad26dcfd/-1600078585.jpg&description="",""https://www.linkedin.com/sharing/share-offsite/?url=https:///blog/32-woodside-dr-grafton-ma-us-01519-73332486&media=https://dlajgvw9htjpb.cloudfront.net/cms/17724c3e-511a-4d95-ac58-1b61ad26dcfd/73332486/-4966693284459653751.jpg&description="",""https://www.linkedin.com/sharing/share-offsite/?url=https:///blog/120-tudor-street-unit-b-boston-ma-02127-73097513&media=https://dlajgvw9htjpb.cloudfront.net/cms/17724c3e-511a-4d95-ac58-1b61ad26dcfd/73097513/614832558455952401.jpg&description="",""https://www.linkedin.com/sharing/share-offsite/?url=https:///blog/500-union-street-5404-westborough-ma-us-01581-73362967&media=https://dlajgvw9htjpb.cloudfront.net/cms/17724c3e-511a-4d95-ac58-1b61ad26dcfd/73362967/-3093602278811765525.jpg&description="",""https://www.linkedin.com/sharing/share-offsite/?url=https:///blog/71-church-street-unit-4-boston-ma-02122-72950414&media=https://dq1niho2427i9.cloudfront.net/17724c3e-511a-4d95-ac58-1b61ad26dcfd/2123251096.jpg&description="",""https://www.linkedin.com/sharing/share-offsite/?url=https:///blog/73-bishops-forest-drive-unit-73-waltham-ma-02452-72983262&media=https://dq1niho2427i9.cloudfront.net/17724c3e-511a-4d95-ac58-1b61ad26dcfd/-2024333777.jpg&description="",""https://www.linkedin.com/sharing/share-offsite/?url=https:///blog/189-191-sycamore-st-watertown-ma-02472-72890407&media=https://dq1niho2427i9.cloudfront.net/17724c3e-511a-4d95-ac58-1b61ad26dcfd/460745446.jpg&description="",""https://www.linkedin.com/sharing/share-offsite/?url=https:///blog/120-mountfort-st-unit-504-boston-ma-02215-73017590&media=https://dq1niho2427i9.cloudfront.net/17724c3e-511a-4d95-ac58-1b61ad26dcfd/-527412437.jpg&description="",""https://www.linkedin.com/in/zackharwoodrealestate/""]","[""https://www.facebook.com/sharer/sharer.php?u=https://zackharwood.com/properties/100-shawmut-ave-807-boston-ma-us-02118-73474115"",""https://www.facebook.com/sharer/sharer.php?u=https://zackharwood.com/properties/75-fulton-st-21-boston-ma-us-02109-73479933"",""https://www.facebook.com/sharer/sharer.php?u=https://zackharwood.com/properties/9-spring-hill-road-boston-ma-us-02136-73533083"",""https://www.facebook.com/sharer/sharer.php?u=https://zackharwood.com/properties/1-marlin-rd-boston-ma-us-02132-73370650"",""https://www.facebook.com/sharer/sharer.php?u=https://zackharwood.com/properties/9-olde-hickory-path-westborough-ma-us-01581-73211517"",""https://www.facebook.com/sharer/sharer.php?u=https://zackharwood.com/properties/73-stearns-road-unit-2-brookline-ma-02446-72891133"",""https://www.facebook.com/sharer/sharer.php?u=https://zackharwood.com/properties/857-vfw-parkway-boston-ma-us-02132-73428403"",""https://www.facebook.com/sharer/sharer.php?u=https://zackharwood.com/properties/633-e-7th-3-boston-ma-us-02127-73431654"",""https://www.facebook.com/sharer/sharer.php?u=https://zackharwood.com/properties/285-corey-st-boston-ma-us-02132-73227679"",""https://www.facebook.com/sharer/sharer.php?u=https://zackharwood.com/properties/87-franklin-st-104-quincy-ma-us-02169-73374155"",""https://www.facebook.com/sharer/sharer.php?u=https://zackharwood.com/properties/375-creek-street-wrentham-ma-us-02093-73254154"",""https://www.facebook.com/sharer/sharer.php?u=https://zackharwood.com/properties/337-chelsea-st-1-boston-ma-us-02128-73474116"",""https://www.facebook.com/sharer/sharer.php?u=https://zackharwood.com/properties/242-pond-street-westwood-ma-us-02090-73230827"",""https://www.facebook.com/sharer/sharer.php?u=https://zackharwood.com/properties/221-columbus-ave-unit-502-boston-ma-02116-73041636"",""https://www.facebook.com/sharer/sharer.php?u=https://zackharwood.com/properties/32-woodside-dr-grafton-ma-us-01519-73332486"",""https://www.facebook.com/sharer/sharer.php?u=https://zackharwood.com/properties/120-tudor-street-unit-b-boston-ma-02127-73097513"",""https://www.facebook.com/sharer/sharer.php?u=https://zackharwood.com/properties/500-union-street-5404-westborough-ma-us-01581-73362967"",""https://www.facebook.com/sharer/sharer.php?u=https://zackharwood.com/properties/71-church-street-unit-4-boston-ma-02122-72950414"",""https://www.facebook.com/sharer/sharer.php?u=https://zackharwood.com/properties/73-bishops-forest-drive-unit-73-waltham-ma-02452-72983262"",""https://www.facebook.com/sharer/sharer.php?u=https://zackharwood.com/properties/189-191-sycamore-st-watertown-ma-02472-72890407"",""https://www.facebook.com/sharer/sharer.php?u=https://zackharwood.com/properties/120-mountfort-st-unit-504-boston-ma-02215-73017590"",""https://www.facebook.com/zackharwoodrealestate/""]","[""https://www.instagram.com/zackharwoodrealestate/""]"
Fitzpatrickre,http://www.fitzpatrickre.com/,"[""single-family-home-map-icon@2x.png""]",,"[""https://www.facebook.com/tr?id=168438941229524&ev=PageView&noscript=1""]",
Broadwaygroupboston,http://broadwaygroupboston.com/,,,,
Douglaspaulre,http://www.douglaspaulre.com/,"[""team@sazamare.com""]","[""https://www.linkedin.com/in/kensazama/""]","[""https://www.facebook.com/SazamaRealEstate/""]","[""https://www.instagram.com/sazamarealestate/""]"
Zackharwood,http://zackharwood.com/,"[""2da842c767f04973985018dd9924b335@sentry.io""]","[""https://www.linkedin.com/in/ijrasner""]","[""https://www.facebook.com/tr?id=1145057685527445&ev=PageView&noscript=1"",""https://www.facebook.com/tr?id=292935754652476&ev=PageView&noscript=1"",""https://www.facebook.com/tr?id=623583988441714&ev=PageView&noscript=1"",""https://www.facebook.com/therasnergroup/"",""https://www.facebook.com/therasnergroup""]","[""https://www.instagram.com/ilya.rasner.realtor/""]"
Therealtyconcierge,https://www.therealtyconcierge.com/homes-and-houses-worcester-massachusetts/,"[""darcy@bentorealestate.com"",""accessibility@incomrealestate.com""]",,,
Karinademurchyan,https://karinademurchyan.com/,"[""dan@gorfinklegroup.com""]",,"[""https://www.facebook.com/gorfinklegroup""]","[""https://www.instagram.com/gorfinklegroup/""]"
Amandawoodwardhomes,https://www.amandawoodwardhomes.com/,,,,
Darnellrealty,https://www.darnellrealty.com/,,,,
Briangagnonre,https://briangagnonre.com/,,,,
Amgboston,http://amgboston.com/,,,,
Jackieorealestate,https://www.jackieorealestate.com/,,,,
Listwithjameslynch,https://listwithjameslynch.com/,,,,
Clproperties,http://www.clproperties.com/,,,,
Coldwellbankerhomes,https://www.coldwellbankerhomes.com/ma/boston/agent/adam-smith/aid_267339/,,,,
Mbrgboston,http://www.mbrgboston.com/,,,,
Fitzpatrickre,http://www.fitzpatrickre.com/,,,,
Broadwaygroupboston,http://broadwaygroupboston.com/,,,,
Douglaspaulre,http://www.douglaspaulre.com/,,,,
Zackharwood,http://zackharwood.com/,,,,
Therealtyconcierge,https://www.therealtyconcierge.com/homes-and-houses-worcester-massachusetts/,,,,
Karinademurchyan,https://karinademurchyan.com/,,"[""https://www.linkedin.com/in/dan-gorfinkle-83815037/"",""https://www.linkedin.com/in/mariodecristofaro/?trk=public_profile_browsemap""]","[""https://www.facebook.com/dangorfinklerealtor""]","[""https://www.instagram.com/mariod97/""]"
Bostongrandrealty,http://bostongrandrealty.com/,"[""info@bostongrandrealty.com""]",,"[""https://www.facebook.com/bostongrandrealty/""]","[""https://www.instagram.com/bostongrandrealty/?hl=en:%20""]"
Bostonproperrealestate,https://www.bostonproperrealestate.com/,,"[""https://www.linkedin.com/in/danielacafaro/"",""https://www.linkedin.com/in/tim-schoenheit-442a8850/""]",,
Danielacafaro,http://www.danielacafaro.com/,"[""support@moxiworks.com"",""mail-service@platform.moxiworks.com"",""info@windermere.com"",""mail-service@platform1.moxiworks.com"",""campaigns@info.properties"",""katelyn.sullivan@cbrealty.com"",""realtorkatelyne@gmail.com"",""ken.tutunjian@nemoves.com"",""900601.lead.lag.100933847@leads.leadrouter.com""]","[""https://www.linkedin.com/in/realtorkatelyne""]","[""https://www.facebook.com/realtorkatelyne""]","[""https://www.instagram.com/realtorkatelyne""]"
Katelynesullivan,https://www.katelynesullivan.com/,,"[""https://www.linkedin.com/company/forman-realtors/""]","[""https://www.facebook.com/formanrealtors/"",""https://www.facebook.com/formanrealtors""]","[""https://www.instagram.com/formanrealtors/""]"
Formanrealtors,https://formanrealtors.com/,,,,
Columbuscastles,http://www.columbuscastles.com/,"[""sales@vntgrealestate.com"",""sold@vntgrealestate.com"",""user@domain.com""]","[""http://linkedin.com/company/vntgrealestate""]","[""http://www.facebook.com/2008/fbml"",""http://facebook.com/profile.php?id=61553814043957""]","[""https://www.instagram.com/vntgrealestate""]"
Remaxallegianceohio,https://www.remaxallegianceohio.com/jennydowney,"[""support@agentfire.com""]",,"[""https://www.facebook.com/thestyergroup"",""https://www.facebook.com/thestyergroup/"",""https://www.facebook.com/profile.php?id=61579287065643"",""https://www.facebook.com/styerrep""]","[""https://instagram.com/styer_rep"",""https://instagram.com/styer_hospitality_co"",""https://www.instagram.com/hainrihar/""]"
Vntgrealestate,https://vntgrealestate.com/,"[""2da842c767f04973985018dd9924b335@sentry.io""]",,,
Barryhall Red1Realty,https://barryhall.red1realty.com/?fbclid=IwAR3ISdd0CJxPHURb0rDEPyTjsoy9l1gXV48NiIXPzoIDlJKTnolj10omOSk,,"[""https://linkedin.com/in/lauriebone""]","[""https://facebook.com/lauriebone12""]",
Styerrep,https://styerrep.com/libby-hainrihar/,,"[""https://www.linkedin.com/sharing/share-offsite/?url=https%3A//www.malenarealty.com/"",""https://www.linkedin.com/in/malena-chhuom-agent""]","[""https://www.facebook.com/tr?id=883109217643679&amp;ev=PageView&amp;noscript=1"",""https://www.facebook.com/sharer/sharer.php?u=https%3A//www.malenarealty.com/"",""https://www.facebook.com/people/Realtor-Malena-Chhuom-Real-Estate-Agent-KW-Consultants-Realty/61561923268816/#""]","[""https://www.instagram.com/curatedohioliving/""]"
Faor,https://faor.com/,"[""michael.schmidt@cbrealty.com"",""900617.lead.lag.101024671@leads.leadrouter.com""]",,,
Jimsulay,http://jimsulay.com/,,,"[""https://www.facebook.com/southlandauto.net/""]","[""https://www.instagram.com/johnmasseygenerationsrealty/""]"
Farmgroundagent,http://farmgroundagent.com/,"[""matt@mattmitchellhomes.com""]","[""https://www.linkedin.com/in/mattcmitchell/""]","[""https://www.facebook.com/themitchellhomegroup/""]","[""http://www.instagram.com/themitchellhomegroup/""]"
Shannonbrewster,http://www.shannonbrewster.com/,"[""bugreport@moatable.com""]",,,
Propertiesbygabriel,https://www.propertiesbygabriel.com/,"[""pventohiorealty@gmail.com""]",,,
Paulventrealestate,http://paulventrealestate.com/,"[""dhamilton@cutlerhomes.com"",""danhamilton614@gmail.com""]","[""https://www.linkedin.com/shareArticle?mini=true&amp;url=https://www.cbushomes.com/&amp;title=CbusHomes.com""]","[""https://www.facebook.com/sharer/sharer.php?u=https://www.cbushomes.com/""]","[""https://instagram.com/danhamilton.614""]"
Centralohiohomeconnection,https://centralohiohomeconnection.com/,,"[""https://www.linkedin.com/in/maria-letechipia-56b26746/""]",,"[""https://www.instagram.com/meletechipia/""]"
Cbushomes,https://www.cbushomes.com/,,,,
Leading Edge London Oh Remax,https://leading-edge-london-oh.remax.com/,,,"[""https://www.facebook.com/recover/initiate/?privacy_mutation_token=eyJ0eXBlIjo1LCJjcmVhdGlvbl90aW1lIjoxNzg2MzM1NjE0fQ%3D%3D&amp;ars=facebook_login&amp;next=https%3A%2F%2Fwww.facebook.com%2Fwww.newconceptrealty.org"",""https://www.facebook.com/reg/"",""https://www.facebook.com/login/"",""https://www.facebook.com/lite/"",""https://www.facebook.com/watch/"",""https://www.facebook.com/privacy/policy/?entry_point=facebook_page_footer"",""https://www.facebook.com/privacy/center/?entry_point=facebook_page_footer"",""https://www.facebook.com/about/"",""https://www.facebook.com/ad_campaign/landing.php?placement=pflo&amp;campaign_id=402047449186&amp;nav_source=unknown&amp;extra_1=auto"",""https://www.facebook.com/pages/create/?ref_type=site_footer"",""https://www.facebook.com/careers/?ref=pf"",""https://www.facebook.com/policies/cookies/"",""https://www.facebook.com/help/568137493302217"",""https://www.facebook.com/policies?ref=pf"",""https://www.facebook.com/help/?ref=pf"",""https://www.facebook.com/help/637205020878504""]",
Ebusser Kw,http://ebusser.kw.com/,"[""reshowcasemarion@gmail.com""]",,"[""https://www.facebook.com/realestateshowcaseres""]","[""https://www.instagram.com/res.marion/""]"
Century21,http://www.century21.com/,"[""marnita@buckeyelake.com"",""name@website.com""]","[""https://www.linkedin.com/in/marnitaswickard""]","[""https://www.facebook.com/BuckeyeLakeTwins""]","[""https://www.instagram.com/marnitaswickard/"",""https://www.instagram.com/marnitaswickard""]"
Howardhanna,https://www.howardhanna.com/Agent/Detail/Edward-Robson/70604,"[""sara@sarawalsh.com""]",,"[""https://www.facebook.com/127694711181560""]","[""https://www.instagram.com/sarawalshrealtor""]"
Shannonbrewster,http://www.shannonbrewster.com/,,,,
Propertiesbygabriel,https://www.propertiesbygabriel.com/,,,,
Paulventrealestate,http://paulventrealestate.com/,,"[""https://www.linkedin.com/shareArticle?mini=true&amp;url=https://www.cbushomes.com/about/&amp;title=ABOUT""]","[""https://www.facebook.com/sharer/sharer.php?u=https://www.cbushomes.com/about/""]",
Centralohiohomeconnection,https://centralohiohomeconnection.com/,,"[""https://www.linkedin.com/shareArticle?mini=true&amp;url=https://www.cbushomes.com/contact/&amp;title=CONTACT""]","[""https://www.facebook.com/sharer/sharer.php?u=https://www.cbushomes.com/contact/""]",
Cbushomes,https://www.cbushomes.com/,,,,
Leading Edge London Oh Remax,https://leading-edge-london-oh.remax.com/,,,,
Ebusser Kw,http://ebusser.kw.com/,,,"[""https://www.facebook.com/help/787040499275067"",""https://www.facebook.com/help/2579891418969617"",""https://www.facebook.com/help/contact/419859403337390""]",
Century21,http://www.century21.com/,,,,
Howardhanna,https://www.howardhanna.com/Agent/Detail/Edward-Robson/70604,,,,
Pattijackson,http://pattijackson.com/,,,,
Realestateconnections Org,http://www.realestateconnections.org/,,,,
Theohiohomegroup,http://theohiohomegroup.com/,,,,
Marialetechipia,https://marialetechipia.com/?utm_source=gbp&utm_medium=organic,,,,
Bio Site/Traceyedwards,https://bio.site/traceyedwards,"[""traceyedwards@kw.com""]","[""https://www.linkedin.com/in/traceysedwards/""]","[""https://www.facebook.com/Tracey""]","[""https://www.instagram.com/@homesbytraceyedwards""]"
Generations Realty,https://www.generations-realty.com/,"[""user@domain.com"",""beckett@beckettrg.com""]",,"[""http://www.facebook.com/2008/fbml""]",
Howardhanna,https://www.howardhanna.com/Office/Detail/Westerville-Northeast/013177,,,"[""https://www.facebook.com/JoshuaCoxRealty"",""https://www.facebook.com/TheAgencyCBrealty/""]","[""https://www.instagram.com/joshh_cox/?hl=en"",""https://www.instagram.com/theagencyre_group/""]"
Www,https://www.com.ohio.gov/dico/contacts.aspx,"[""bugreport@moatable.com""]",,,
Delenaciamaccowesterville,https://www.delenaciamaccowesterville.com/,,,,
Bio Site/Traceyedwards,https://bio.site/traceyedwards,,,,
Generations Realty,https://www.generations-realty.com/,,,,
Howardhanna,https://www.howardhanna.com/Office/Detail/Westerville-Northeast/013177,,,,
Www,https://www.com.ohio.gov/dico/contacts.aspx,,,,
Delenaciamaccowesterville,https://www.delenaciamaccowesterville.com/,,,,
Beckettrg,http://www.beckettrg.com/,,,,
Agencyrealestategroup,https://agencyrealestategroup.com/agent/joshua-cox,,,,
Ashmontrealty,http://www.ashmontrealty.com/,,,,
Onereal,https://onereal.com/trey-bolin,"[""marcom@allegrorealty.com"",""ap@allegrorealty.com"",""legal@allegrorealty.com"",""accessibility@allegrorealty.com"",""media@allegrorealty.com"",""info@allegrorealty.com""]",,,
614Happyplacefinder,http://614happyplacefinder.com/,"[""support@moxiworks.com"",""mail-service@platform.moxiworks.com"",""info@windermere.com"",""mail-service@platform1.moxiworks.com"",""campaigns@info.properties"",""casey.ganger@kingthompson.com"",""0783.lead.901187@leads.leadrouter.com""]","[""http://linkedin.com/in/caseyganger/"",""https://www.linkedin.com/in/caseyganger""]","[""https://facebook.com/614HappyPlaceFinder"",""https://www.facebook.com/tr?id=572429804235355&ev=PageView&noscript=1"",""https://www.facebook.com/614HappyPlaceFinder""]","[""http://Instagram.com/caseyfihe""]"
Red1Realty,https://www.red1realty.com/agents/1006598/Mark+Dandrea,,"[""https://www.linkedin.com/company-beta/3122486/""]","[""https://www.facebook.com/Brivity""]","[""https://www.instagram.com/brivityplatform/""]"
Takealookbrokers,http://takealookbrokers.com/,"[""josie.derstine@cbrealty.com"",""900617.lead.lag.100963442@leads.leadrouter.com""]",,"[""https://www.facebook.com/josiederstinerealestate""]","[""https://www.instagram.com/josiereeserealty""]"
Ohiosedgerealty,https://ohiosedgerealty.com/,"[""bugreport@moatable.com""]",,,
Josiederstine Sites Cbmoxi,https://josiederstine.sites.cbmoxi.com/,,,"[""https://www.facebook.com/tr?id=1997113793852267&ev=PageView&noscript=1"",""http://www.facebook.com/pages/Ohio-Real-Estate-Auctions/121047001283982""]",
Relocatetoohio,http://www.relocatetoohio.com/,"[""workwithyoshi@gmail.com""]",,,
Beacons Ai/The Amberjohnson,https://beacons.ai/the.amberjohnson,"[""willevans@auctionohio.com""]",,,
Ohiorealestateauctions,http://www.ohiorealestateauctions.com/,"[""nicole@nicoleharrison.com""]","[""https://www.linkedin.com/in/nicoleharrison/""]","[""https://www.facebook.com/BrokerNicole/""]","[""https://www.instagram.com/broker_nicole"",""https://www.instagram.com/Broker_Nicole/"",""https://instagram.com/broker_nicole""]"
Linktr Ee/Collectivehomegroup?Utm_Source=Linktree_Profile_Share&Ltsid=007C6497 A888 4424 B1F0 A22144C0Dd21,https://linktr.ee/collectivehomegroup?utm_source=linktree_profile_share&ltsid=007c6497-a888-4424-b1f0-a22144c0dd21,,,,
Willevansauctions,https://willevansauctions.com/,,,"[""https://www.facebook.com/moreohioteam/?locale&#x3D;cs_CZ""]","[""https://www.instagram.com/moreohioteam/""]"
Nicoleharrison,http://www.nicoleharrison.com/,,,,
Columbusrealtors,http://www.columbusrealtors.com/,"[""jamie@jamiemaze.com""]","[""https://www.linkedin.com/in/jamiemaze/""]","[""https://www.facebook.com/MazeandCoRealEstateGroup""]","[""https://www.instagram.com/mazeandcompany/""]"
El1Tecollective,http://el1tecollective.com/,"[""user@domain.com""]",,"[""http://www.facebook.com/2008/fbml"",""https://www.facebook.com/tr?id=2015975958671688&ev=PageView&noscript=1""]",
614Happyplacefinder,http://614happyplacefinder.com/,,,,
Red1Realty,https://www.red1realty.com/agents/1006598/Mark+Dandrea,,,,
Takealookbrokers,http://takealookbrokers.com/,,,,
Ohiosedgerealty,https://ohiosedgerealty.com/,,,,
Josiederstine Sites Cbmoxi,https://josiederstine.sites.cbmoxi.com/,"[""info@ohiorealestateauctions.com""]",,,
Relocatetoohio,http://www.relocatetoohio.com/,,,,"[""https://www.instagram.com/linktr.ee/"",""https://www.instagram.com/linktr.ee/\\""]"
Beacons Ai/The Amberjohnson,https://beacons.ai/the.amberjohnson,,,,
Ohiorealestateauctions,http://www.ohiorealestateauctions.com/,,,,
Linktr Ee/Collectivehomegroup?Utm_Source=Linktree_Profile_Share&Ltsid=007C6497 A888 4424 B1F0 A22144C0Dd21,https://linktr.ee/collectivehomegroup?utm_source=linktree_profile_share&ltsid=007c6497-a888-4424-b1f0-a22144c0dd21,,,,
Willevansauctions,https://willevansauctions.com/,,,,"[""https://www.instagram.com/6drone4/""]"
Nicoleharrison,http://www.nicoleharrison.com/,,,,
Columbusrealtors,http://www.columbusrealtors.com/,,,,
El1Tecollective,http://el1tecollective.com/,,,,
Moreohio,https://moreohio.com/?utm_source=gbp&utm_medium=organic,,,,
Linktr Ee/Floridaohiohomes,https://linktr.ee/floridaohiohomes,,,,
E Merge,http://www.e-merge.com/,,,,
Norbysellsohio,https://norbysellsohio.com/,,,,
Ceciliastoever E Merge,https://ceciliastoever.e-merge.com/,,,,
Matchmakerofre,http://www.matchmakerofre.com/,"[""mike@whitemangroup.com"",""andy@whitemangroup.com""]",,"[""https://www.facebook.com/thewhitemanrealtygroup/"",""https://www.facebook.com/pages/The-Whiteman-Realty-Group/642517855817852""]","[""https://www.instagram.com/whitemanrealtygroup/""]"
Barrettault Howardhanna,http://barrettault.howardhanna.com/,,,"[""https://www.facebook.com/LudwigRealEstate/""]","[""https://www.instagram.com/ludwigrealestate/?hl&#x3D;en""]"
Stablerealty Realestate,http://stablerealty.realestate/,"[""team@latofonts.com"",""anapbm@gmail.com"",""cavenrisk@woh.rr.com"",""armstrongpattie@yahoo.com"",""karmstrong0920@gmail.com"",""codybradley@realtor.com"",""debprater20@gmail.com"",""rita.thurman4@gmail.com"",""alishawallace84@gmail.com"",""don.ritter.45365@gmail.com""]",,,
Thelorilynngroup,http://www.thelorilynngroup.com/,,"[""https://www.linkedin.com/in/connie-sadowski""]","[""https://www.facebook.com/connieblumsadowski""]","[""https://www.instagram.com/athomewithconniesadowski""]"
Majupflasterer,https://majupflasterer.com/,"[""jmahler1@gmail.com"",""compliance@placester.com""]","[""https://www.linkedin.com/in/jeff-mahler-99716518/"",""https://www.linkedin.com/shareArticle?mini=true&amp;url=https://www.jeffmahlerhomes.com/&amp;title=Jeff""]","[""https://www.facebook.com/jeffmahlerrealtor"",""https://www.facebook.com/sharer/sharer.php?u=https://www.jeffmahlerhomes.com/""]","[""https://www.instagram.com/jeff_mahler_realtor""]"
Nancyantwi Red1Realty,https://nancyantwi.red1realty.com/,"[""bsyoh11@gmail.com""]",,"[""https://www.facebook.com/BuySellYourOhioHome""]","[""https://www.instagram.com/buysellohiohomes/""]"
Whitemangroup,http://www.whitemangroup.com/,"[""christin.mullins@realtyohio.com""]","[""https://www.linkedin.com/company/realty-ohio-real-estate""]","[""https://www.facebook.com/tr?id=330110238535945&ev=PageView&noscript=1"",""https://www.facebook.com/tr?id=342927462918087&ev=PageView&noscript=1"",""https://facebook.com/ChristinMullinsRealtor/"",""https://www.facebook.com/realtyohiorealestate/""]",
Ludwigrealestategroup,https://ludwigrealestategroup.com/?utm_source=gbp&utm_medium=organic,"[""bugreport@moatable.com""]",,,
Brokersrealestateinc,http://www.brokersrealestateinc.com/,"[""customercare@realtyohio.com""]",,,
Ceciliastoever E Merge,https://ceciliastoever.e-merge.com/,,,,
Matchmakerofre,http://www.matchmakerofre.com/,,,,
Barrettault Howardhanna,http://barrettault.howardhanna.com/,,,,
Stablerealty Realestate,http://stablerealty.realestate/,,,,
Thelorilynngroup,http://www.thelorilynngroup.com/,,,,
Majupflasterer,https://majupflasterer.com/,,,,
Nancyantwi Red1Realty,https://nancyantwi.red1realty.com/,,,,
Whitemangroup,http://www.whitemangroup.com/,,"[""https://www.linkedin.com/shareArticle?mini=true&amp;url=https://www.jeffmahlerhomes.com/about/&amp;title=GET""]","[""https://www.facebook.com/sharer/sharer.php?u=https://www.jeffmahlerhomes.com/about/""]",
Ludwigrealestategroup,https://ludwigrealestategroup.com/?utm_source=gbp&utm_medium=organic,,"[""https://www.linkedin.com/shareArticle?mini=true&amp;url=https://www.jeffmahlerhomes.com/contact/&amp;title=GET""]","[""https://www.facebook.com/sharer/sharer.php?u=https://www.jeffmahlerhomes.com/contact/""]",
Brokersrealestateinc,http://www.brokersrealestateinc.com/,,,,
Bhhspro,http://www.bhhspro.com/,,,,
Conniesadowski,https://conniesadowski.com/?utm_source=gbp&utm_medium=organic,,,,
Jeffmahlerhomes,https://www.jeffmahlerhomes.com/,"[""name@website.com""]",,,
Juliemacala Red1Realty,https://juliemacala.red1realty.com/,,,,
Buysellyourohiohome,http://www.buysellyourohiohome.com/,,,,
Christinmullins Realtyohio,http://christinmullins.realtyohio.com/,,,,
Belenrodriguez Columbushomeownership,http://belenrodriguez.columbushomeownership.com/,,,,
Ohiorealestatellc,http://www.ohiorealestatellc.com/,,,,
Bhhspro,http://bhhspro.com/,"[""bugreport@moatable.com""]",,,
Generations Realty,http://www.generations-realty.com/,,,,
Ohiolegacyhomegroup,https://www.ohiolegacyhomegroup.com/,"[""customercare@realtyohio.com""]","[""https://www.linkedin.com/company/realty-ohio-real-estate""]","[""https://www.facebook.com/tr?id=342927462918087&ev=PageView&noscript=1"",""https://www.facebook.com/realtyohiorealestate/""]",
Ashgale Kw,https://ashgale.kw.com/,,,,
Nathanielhall Red1Realty,https://nathanielhall.red1realty.com/,"[""teamresultsohio@gmail.com""]","[""https://www.linkedin.com/in/scott-marvin-68466813/"",""https://www.linkedin.com/shareArticle?mini=true&url={URL}""]","[""https://www.facebook.com/TeamResultsRealty/"",""https://www.facebook.com/sharer.php?u={URL}""]",
Liveincentralohio,https://www.liveincentralohio.com/,,,"[""https://www.facebook.com/recover/initiate/?privacy_mutation_token=eyJ0eXBlIjo1LCJjcmVhdGlvbl90aW1lIjoxNzg2MzM1NjU0fQ%3D%3D&amp;ars=facebook_login&amp;next=https%3A%2F%2Fwww.facebook.com%2FDan.amaro.realtor%2F"",""https://www.facebook.com/reg/"",""https://www.facebook.com/login/"",""https://www.facebook.com/lite/"",""https://www.facebook.com/watch/"",""https://www.facebook.com/privacy/policy/?entry_point=facebook_page_footer"",""https://www.facebook.com/privacy/center/?entry_point=facebook_page_footer"",""https://www.facebook.com/about/"",""https://www.facebook.com/ad_campaign/landing.php?placement=pflo&amp;campaign_id=402047449186&amp;nav_source=unknown&amp;extra_1=auto"",""https://www.facebook.com/pages/create/?ref_type=site_footer"",""https://www.facebook.com/careers/?ref=pf"",""https://www.facebook.com/policies/cookies/"",""https://www.facebook.com/help/568137493302217"",""https://www.facebook.com/policies?ref=pf"",""https://www.facebook.com/help/?ref=pf"",""https://www.facebook.com/help/637205020878504""]",
Linkedin,http://www.linkedin.com/in/markrlangdon,"[""oar@ohiorealtors.org"",""name@example.com""]","[""https://www.linkedin.com/company/ohio-realtors/""]","[""https://www.facebook.com/OhioRealtors""]","[""https://www.instagram.com/ohiorealtors/""]"
Bhhspro,http://bhhspro.com/,,,,
Generations Realty,http://www.generations-realty.com/,,,,
Ohiolegacyhomegroup,https://www.ohiolegacyhomegroup.com/,,,,
Ashgale Kw,https://ashgale.kw.com/,,,,
Nathanielhall Red1Realty,https://nathanielhall.red1realty.com/,,,,
Liveincentralohio,https://www.liveincentralohio.com/,,,,
Linkedin,http://www.linkedin.com/in/markrlangdon,,,,
Workwithchrismassey,http://www.workwithchrismassey.com/,,,,
Ritaboswellgroup,http://ritaboswellgroup.com/,,,,
Genesisgrouprealestate,https://genesisgrouprealestate.com/,,,"[""https://www.facebook.com/recover/initiate/?privacy_mutation_token=eyJ0eXBlIjo1LCJjcmVhdGlvbl90aW1lIjoxNzg2MzM1NjU3fQ%3D%3D&amp;ars=facebook_login&amp;next=https%3A%2F%2Fwww.facebook.com%2FTeamResultsRealty%2F""]",
Plowmanproperties,https://www.plowmanproperties.com/,,,"[""https://www.facebook.com/help/787040499275067"",""https://www.facebook.com/help/2579891418969617"",""https://www.facebook.com/help/contact/419859403337390""]",
Brokerssold,http://www.brokerssold.com/,,,,
Realtyohio,http://www.realtyohio.com/,,"[""http://www.linkedin.com/company/national-association-of-realtors""]","[""http://www.facebook.com/NARdotRealtor/""]","[""https://instagram.com/NARdotRealtor""]"
Jassonfarrier,http://www.jassonfarrier.com/,,,,
Ohioteamresults,https://ohioteamresults.com/,,,,
Michellecosner Kw,https://michellecosner.kw.com/,,,,
Linktr Ee/Collectivehomegroup,https://linktr.ee/collectivehomegroup,"[""workwithyoshi@gmail.com""]",,,
Theohiohomestore,http://www.theohiohomestore.com/,"[""robbandtera@theohiohomestore.com""]","[""https://www.linkedin.com/in/robb-harpster/""]","[""https://www.facebook.com/harpsterandbarkergroup""]","[""https://www.instagram.com/harpsterandbarkergroup/""]"
Ninacampbell Red1Realty,http://ninacampbell.red1realty.com/,"[""sold@buysellohio.com""]","[""https://www.linkedin.com/company/buysellohio""]","[""https://www.facebook.com/buysellohiorealty""]","[""https://www.instagram.com/buysellohio/""]"
Buysellohio,https://www.buysellohio.com/,"[""wendy@eskerteam.com""]",,,
Eskerteam,https://www.eskerteam.com/,,"[""https://www.linkedin.com/company/webster-real-estate-llc""]","[""https://www.facebook.com/profile.php?id=61555763772090""]","[""https://www.instagram.com/webster_real_estate/""]"
Websterrealestate Org,https://websterrealestate.org/,,,,
Jennmorgan Myflodesk,https://jennmorgan.myflodesk.com/jenn,"[""support@moxiworks.com"",""mail-service@platform.moxiworks.com"",""info@windermere.com"",""mail-service@platform1.moxiworks.com"",""campaigns@info.properties"",""laura.foster@cbrealty.com"",""900617.lead.lag.101023106@leads.leadrouter.com""]",,"[""https://www.facebook.com/realtorlaurafoster""]","[""https://www.instagram.com/laurafoster_realtor""]"
Joshirealestategroup,https://joshirealestategroup.com/,"[""bugreport@moatable.com""]",,,
Laurafoster Sites Cbmoxi,https://laurafoster.sites.cbmoxi.com/,,,,
Thefarmingrealtor,http://www.thefarmingrealtor.com/,,"[""https://www.linkedin.com/in/anthony-colantuono/""]","[""https://www.facebook.com/RealEstateLegacyGroup""]","[""https://www.instagram.com/realestatelegacygroup""]"
Debbiemcnichols,http://debbiemcnichols.com/,,,,
Rustichomegroup,https://rustichomegroup.com/,"[""chase.vance@cbrealty.com"",""900617.lead.lag.101014720@leads.leadrouter.com""]","[""https://www.linkedin.com/in/chasevance""]","[""https://www.facebook.com/chase.vance.12""]","[""https://www.instagram.com/chasevancere""]"
Clemoves,https://clemoves.com/?utm_source=gbp&utm_medium=organic,,,"[""https://www.facebook.com/ohiorealestatepros""]",
Linktr Ee/Collectivehomegroup,https://linktr.ee/collectivehomegroup,,,,
Theohiohomestore,http://www.theohiohomestore.com/,,,,"[""https://www.instagram.com/linktr.ee/"",""https://www.instagram.com/linktr.ee/\\""]"
Ninacampbell Red1Realty,http://ninacampbell.red1realty.com/,,,,
Buysellohio,https://www.buysellohio.com/,,,,
Eskerteam,https://www.eskerteam.com/,,,,
Websterrealestate Org,https://websterrealestate.org/,,,,
Jennmorgan Myflodesk,https://jennmorgan.myflodesk.com/jenn,,,,
Joshirealestategroup,https://joshirealestategroup.com/,,,,
Laurafoster Sites Cbmoxi,https://laurafoster.sites.cbmoxi.com/,"[""arnavjoshi.realtor@gmail.com"",""mayajoshi.realtor@gmail.com""]",,,
Thefarmingrealtor,http://www.thefarmingrealtor.com/,,,,
Debbiemcnichols,http://debbiemcnichols.com/,,,,
Rustichomegroup,https://rustichomegroup.com/,,,,
Clemoves,https://clemoves.com/?utm_source=gbp&utm_medium=organic,,,,
Deliciousrealestate,http://deliciousrealestate.com/,,,,
Heatherkamann,https://www.heatherkamann.com/,"[""heatherkamann@howardhanna.com""]","[""http://linkedin.com/in/heather-kamann-2421256""]","[""https://www.facebook.com/KamannProfessionalGroup/""]","[""https://www.instagram.com/kamannprofessionalgroup/""]"
Newnestandco,https://newnestandco.com/,"[""team@latofonts.com"",""anapbm@gmail.com"",""info@newnestandco.com"",""andrea@newnestandco.com"",""fawn@newnestandco.com"",""stacy@newnestandco.com""]",,"[""https://www.facebook.com/newnestandcogroup""]","[""https://www.instagram.com/newnestandcogroup/""]"
Homesthatclick,http://www.homesthatclick.com/,,,"[""https://www.facebook.com/tr?id=260461501034738&ev=PageView&noscript=1"",""https://www.facebook.com/HomesThatClick""]","[""https://www.instagram.com/homesthatclickcolumbus/""]"
Dalvarez Brokerssold,https://dalvarez.brokerssold.com/,,,"[""https://www.facebook.com/WordPresscom"",""https://www.facebook.com/KellerWilliamsClevelandAgent""]","[""https://www.instagram.com/lisa216realtor/""]"
Realtorclevelandohio,https://realtorclevelandohio.com/,"[""info@asktcg.com""]","[""https://www.linkedin.com/in/peterchabris/""]","[""https://www.facebook.com/thechabrisgroup""]","[""https://www.instagram.com/thechabrisgroup/""]"
Rickwright1,http://www.rickwright1.com/,"[""eric4short@gmail.com""]","[""https://www.linkedin.com/in/ericmilisavljevich""]","[""https://www.facebook.com/Ericforshortrealtor/""]",
Erinpernice Brokerssold,https://erinpernice.brokerssold.com/,,"[""https://www.linkedin.com/company/modcbus/""]","[""https://www.facebook.com/MODERNOHIO/""]","[""https://www.instagram.com/modohio/""]"
Asktcg,http://www.asktcg.com/,"[""user@domain.com"",""info@neohliving.com""]",,"[""http://www.facebook.com/2008/fbml"",""https://www.facebook.com/realestatewithwoz""]","[""https://www.instagram.com/neohlivingandyandkelsey/""]"
Eric4Short,http://www.eric4short.com/,"[""carltonshaffer4@gmail.com"",""sarah@sarahsells.net"",""dianiamais@gmail.com"",""mariannemurrayrealtor@gmail.com"",""betsy10tc@gmail.com""]",,"[""https://www.facebook.com/theshaffergroupremaxpartners""]","[""https://www.instagram.com/shaffergroup""]"
Modohio,https://www.modohio.com/,"[""bugreport@moatable.com""]",,,
Neohliving,http://www.neohliving.com/,"[""customercare@realtyohio.com""]","[""https://www.linkedin.com/company/realty-ohio-real-estate""]","[""https://www.facebook.com/tr?id=342927462918087&ev=PageView&noscript=1"",""https://www.facebook.com/realtyohiorealestate/""]",
Irynashkrab,http://www.irynashkrab.com/,,"[""https://www.linkedin.com/company/491065""]","[""https://www.facebook.com/BestCREColumbus""]","[""https://www.instagram.com/bestcorporaterealestateinc/""]"
Afford Realestate,http://www.afford-realestate.com/,"[""support@agentfire.com""]",,"[""https://www.facebook.com/patrickmurphy77"",""https://www.facebook.com/patrickmurphy77rphyblvdgroupreal45/videos""]","[""https://www.instagram.com/patrickmurphy_cbus_realtor/""]"
Capitolohioteam,https://www.capitolohioteam.com/,,"[""https://www.linkedin.com/company/capitol-ohio-sales-team/?viewAsMember=true""]","[""https://www.facebook.com/Capitol-Ohio-Sales-Team-278186282656577/""]","[""https://www.instagram.com/capitolohioteam/""]"
Takealookrealestate,https://www.takealookrealestate.com/,,"[""https://www.linkedin.com/company-beta/3122486/""]","[""https://www.facebook.com/Brivity""]","[""https://www.instagram.com/brivityplatform/""]"
Sellfor1Percent,https://sellfor1percent.com/,"[""info@sellfor1percent.com""]","[""https://www.linkedin.com/company/sell-for-1-percent-realtors"",""https://www.linkedin.com/authwall?trk=gf&#038;trkInfo=AQFVrIkkqmVDTgAAAYM1TVTgOuxRXiZgjxphPMwidIgWQnGPoIwQk0S0VCutDIL5ekddBUtyN5fksMD5JpGTk7mlwf55HmAwUzktr__mNIMAkmJoZj18J_P5dKAPX2-OQn0LdVk=&#038;original_referer=&#038;sessionRedirect=https%3A%2F%2Fwww.linkedin.com%2Fcompany%2Fsell-for-1-percent-realtors""]","[""https://www.facebook.com/sellfor1"",""https://www.facebook.com/tr?id=1296473350427478&ev=PageView&noscript=1&cd%5Bpage_title%5D=Sell+for+1+Percent+-+Ranked+Inside+the+Top+1%25+of+All+Agents+Nationwide&cd%5Bpost_type%5D=page&cd%5Bpost_id%5D=7594&cd%5Bplugin%5D=PixelYourSite&cd%5Buser_role%5D=guest&cd%5Bevent_url%5D=sellfor1percent.com%2F""]","[""https://www.instagram.com/sellfor1percentrealtors/""]"
Joeymarino,http://www.joeymarino.com/,"[""donaldpayne@visionrealty.com""]","[""https://www.linkedin.com/in/donaldpaynevisionrealty""]","[""https://www.facebook.com/visionrealtydonpayne""]",
Thebrookshometeam,http://www.thebrookshometeam.com/,"[""office@visionsalesteam.com"",""info@talmadgehometeam.com"",""info@yourrealestatewebsite.com"",""u003einfo@yourrealestatewebsite.com"",""info@clintonrealestate.com"",""u003einfo@clintonrealestate.com"",""info@doylestownrealestate.com"",""u003einfo@doylestownrealestate.com"",""info@example.com"",""u003einfo@example.com"",""info@wadsworthrealestate.com"",""info@rittmanrealestate.com"",""info@sterlingrealestate.com"",""u003einfo@sterlingrealestate.com""]",,"[""https://www.facebook.com/rittmanrealestate\\""]","[""https://www.instagram.com/rittmanrealestate\\""]"
Visionrealty,https://www.visionrealty.com/,"[""info@marceliasrealtor.com"",""u003einfo@marceliasrealtor.com"",""sherman@toplinehomeinspections.com"",""crumpqc2@gmail.com"",""radonwizard@live.com"",""aadvancedaair@yahoo.com"",""jerryerwin28@gmail.com"",""anaish@planescompanies.com"",""mercytreeandlandscaping@gmail.com"",""gattocleaning@gmail.com"",""seltonferreiraa@gmail.com"",""rachaeln.be@gmail.com"",""dannemillerbaby@yahoo.com"",""prolineohio@yahoo.com"",""john@2ndshiftpainting.com"",""stagingspacesdesign@gmail.com"",""we@waibelelectric.com"",""jdsmithroofing@gmail.com""]",,"[""https://www.facebook.com/marceliasfb""]",
Visionsalesteam,http://visionsalesteam.com/,"[""samcooper@howardhanna.com""]",,"[""https://www.facebook.com/samcooperrealestateagent/""]","[""https://www.instagram.com/samcooperrealtor""]"
Marceliasrealtor,https://www.marceliasrealtor.com/,"[""info@thomasriddle.com""]","[""https://www.linkedin.com/company/thomas-company-new-albany-realty""]","[""https://www.facebook.com/NewAlbanyOhioRE"",""https://www.facebook.com/tr?id=977136556830420&ev=PageView&noscript=1"",""https://www.facebook.com/NewAlbanyOhioRE/""]","[""https://www.instagram.com/newalbanyohiorealestate/""]"
Noahjay Red1Realty,https://noahjay.red1realty.com/,"[""red-logo-dark@2x.png"",""logo-light@2x.png"",""house-9.png@2x.jpg"",""device@2x.png"",""sa5@2x.jpg"",""sa6@2x.jpg"",""sa1@2x.jpg"",""sa8@2x.jpg"",""sa9@2x.png"",""sa10@2x.png"",""sa11@2x.png"",""sa12@2x.png"",""sa13@2x.jpg"",""sa14@2x.jpg"",""sa15@2x.jpg"",""jaysenbarlow@gmail.com"",""house-9@2x.png"",""equalhousing@2x.png""]","[""https://www.linkedin.com/in/jaysenbarlow"",""https://www.linkedin.com/sharing/share-offsite/?url=https%3A%2F%2Fwww.sell4onepercent.com%2F"",""https://linkedin.com/in/jaysenbarlow""]","[""https://www.facebook.com/tr?id=845792406546165&ev=PageView&noscript=1"",""https://facebook.com/jaysenbarlowrealtor"",""https://www.facebook.com/sharer.php?u=https%3A%2F%2Fwww.sell4onepercent.com%2F""]","[""https://instagram.com/jaysenbarlowrealtor""]"
Samcooperrealtor,http://www.samcooperrealtor.com/,"[""info@roostrealestateco.com""]","[""https://www.linkedin.com/company/roost-real-estate-company"",""https://www.linkedin.com/in/chris-mcallister-roost""]","[""https://www.facebook.com/ROOSTRealEstateCo"",""https://www.facebook.com/pg/ROOSTRealEstateCo"",""https://www.facebook.com/policy.php""]",
Newalbanyohio,http://www.newalbanyohio.com/,"[""support@moxiworks.com"",""mail-service@platform.moxiworks.com"",""info@windermere.com"",""mail-service@platform1.moxiworks.com"",""campaigns@info.properties"",""stevena.clay@cbrealty.com"",""stevena.j.clay@gmail.com"",""900617.lead.lag.100935079@leads.leadrouter.com""]","[""https://www.linkedin.com/in/realcolumbusliving""]","[""https://www.facebook.com/tr?id=462591561306893&ev=PageView&noscript=1"",""https://www.facebook.com/realcolumbusliving""]",
Sell4Onepercent,https://www.sell4onepercent.com/,"[""username@example.com"",""lee@ritchierealtygroup.com"",""2da842c767f04973985018dd9924b335@sentry.io""]","[""https://www.linkedin.com/in/leeritchierealtor""]","[""https://www.facebook.com/tr?id=1381027758575099&ev=PageView&noscript=1"",""https://www.facebook.com/RitchieRealtyGroup/"",""https://www.facebook.com/RitchieRealtyGroup""]","[""https://www.instagram.com/ritchierealtygroup/?hl=en""]"
Roostrealestateco,https://roostrealestateco.com/,"[""bugreport@moatable.com""]",,,
Buchrealty,http://buchrealty.com/,"[""jonpinhorn.typedesign@gmail.com"",""matt@pixelspread.com"",""impallari@gmail.com"",""hello@rfuenzalida.com""]",,"[""https://www.facebook.com/buchrealty""]","[""https://www.instagram.com/buchrealty""]"
Josephspeakman Realtor,https://josephspeakman.realtor/,"[""sales@josephspeakman.com""]","[""https://www.linkedin.com/in/joespeakman/"",""https://www.linkedin.com/sharing/share-offsite/?url=https:///blog/178-buttles-avenue-columbus-oh-43215-20240923201949215965000000&media=https://dlajgvw9htjpb.cloudfront.net/cms/edf0aef2-60bf-4628-b9bf-9c2b1aa56e09/224033897/2854186268304656803.jpg&description="",""https://www.linkedin.com/sharing/share-offsite/?url=https:///blog/348-w-second-avenue-columbus-oh-43201-20250103041223063847000000&media=https://dlajgvw9htjpb.cloudfront.net/cms/edf0aef2-60bf-4628-b9bf-9c2b1aa56e09/225000179/1361768268366768321.jpg&description="",""https://www.linkedin.com/sharing/share-offsite/?url=https:///blog/61-w-2nd-avenue-columbus-oh-43201-223026172&media=https://dlajgvw9htjpb.cloudfront.net/cms/edf0aef2-60bf-4628-b9bf-9c2b1aa56e09/223026172/8451177364402429217.jpg&description="",""https://www.linkedin.com/sharing/share-offsite/?url=https:///blog/1061-harrison-park-place-columbus-oh-43201-20250204170539365458000000&media=https://dlajgvw9htjpb.cloudfront.net/cms/edf0aef2-60bf-4628-b9bf-9c2b1aa56e09/225003825/3832345776012457524.jpg&description="",""https://www.linkedin.com/sharing/share-offsite/?url=https:///blog/976-neil-avenue-columbus-oh-43201-223018934&media=https://dlajgvw9htjpb.cloudfront.net/cms/edf0aef2-60bf-4628-b9bf-9c2b1aa56e09/223018934/-7607783461137429688.jpg&description="",""https://www.linkedin.com/sharing/share-offsite/?url=https:///blog/1047-perry-street-columbus-oh-43201-222027028&media=https://dlajgvw9htjpb.cloudfront.net/cms/edf0aef2-60bf-4628-b9bf-9c2b1aa56e09/222027028/7877664298797786409.jpg&description="",""https://www.linkedin.com/sharing/share-offsite/?url=https:///blog/1161-n-4th-street-columbus-oh-43201-223006668&media=https://dlajgvw9htjpb.cloudfront.net/cms/edf0aef2-60bf-4628-b9bf-9c2b1aa56e09/223006668/4437972651261600280.jpg&description="",""https://www.linkedin.com/sharing/share-offsite/?url=https:///blog/981-delaware-avenue-columbus-oh-43201-20240409124820359778000000&media=https://dlajgvw9htjpb.cloudfront.net/cms/edf0aef2-60bf-4628-b9bf-9c2b1aa56e09/224010488/-6767248120835811348.jpg&description="",""https://www.linkedin.com/sharing/share-offsite/?url=https:///blog/87-w-2nd-avenue-columbus-oh-43201-222036055&media=https://dlajgvw9htjpb.cloudfront.net/cms/edf0aef2-60bf-4628-b9bf-9c2b1aa56e09/222036055/-2595760063134043422.jpg&description="",""https://www.linkedin.com/sharing/share-offsite/?url=https:///blog/321-tappan-street-columbus-oh-43201-223021067&media=https://dlajgvw9htjpb.cloudfront.net/cms/edf0aef2-60bf-4628-b9bf-9c2b1aa56e09/223021067/-3072828575598918533.jpg&description="",""https://www.linkedin.com/sharing/share-offsite/?url=https:///blog/250-w-spring-street-811-columbus-oh-43215-20240702161514699597000000&media=https://dlajgvw9htjpb.cloudfront.net/cms/edf0aef2-60bf-4628-b9bf-9c2b1aa56e09/224022552/-2272056008004965054.jpg&description="",""https://www.linkedin.com/sharing/share-offsite/?url=https:///blog/155-e-4th-avenue-columbus-oh-43202-223014676&media=https://dlajgvw9htjpb.cloudfront.net/cms/edf0aef2-60bf-4628-b9bf-9c2b1aa56e09/223014676/-1193353814120647667.jpg&description="",""https://www.linkedin.com/sharing/share-offsite/?url=https:///blog/621-gibbard-avenue-columbus-oh-43201-223003043&media=https://dlajgvw9htjpb.cloudfront.net/cms/edf0aef2-60bf-4628-b9bf-9c2b1aa56e09/223003043/7030936653721595281.jpg&description="",""https://www.linkedin.com/sharing/share-offsite/?url=https:///blog/91-w-2nd-avenue-columbus-oh-43201-222040446&media=https://dlajgvw9htjpb.cloudfront.net/cms/edf0aef2-60bf-4628-b9bf-9c2b1aa56e09/222040446/-7267097783938763442.jpg&description="",""https://www.linkedin.com/sharing/share-offsite/?url=https:///blog/319-w-2nd-avenue-columbus-oh-43201-221011603&media=https://dq1niho2427i9.cloudfront.net/edf0aef2-60bf-4628-b9bf-9c2b1aa56e09/29010156.jpg&description="",""https://www.linkedin.com/sharing/share-offsite/?url=https:///blog/853-poppy-hills-drive-blacklick-oh-43004-222024278&media=https://dlajgvw9htjpb.cloudfront.net/cms/edf0aef2-60bf-4628-b9bf-9c2b1aa56e09/222024278/1034333746109437944.jpg&description="",""https://www.linkedin.com/sharing/share-offsite/?url=https:///blog/94-n-6th-street-g48-columbus-oh-43215-222008151&media=https://dq1niho2427i9.cloudfront.net/edf0aef2-60bf-4628-b9bf-9c2b1aa56e09/1642077829.jpg&description="",""https://www.linkedin.com/sharing/share-offsite/?url=https:///blog/1153-michigan-avenue-columbus-oh-43201-223013239&media=https://dlajgvw9htjpb.cloudfront.net/cms/edf0aef2-60bf-4628-b9bf-9c2b1aa56e09/223013239/-3732123640066997559.jpg&description="",""https://www.linkedin.com/sharing/share-offsite/?url=https:///blog/77-w-2nd-avenue-columbus-oh-43201-20240429195646914820000000&media=https://dlajgvw9htjpb.cloudfront.net/cms/edf0aef2-60bf-4628-b9bf-9c2b1aa56e09/224013238/6723470592745031762.jpg&description="",""https://www.linkedin.com/sharing/share-offsite/?url=https:///blog/1208-neil-avenue-columbus-oh-43201-223037588&media=https://dlajgvw9htjpb.cloudfront.net/cms/edf0aef2-60bf-4628-b9bf-9c2b1aa56e09/223037588/-4830300692134809444.jpg&description=""]","[""https://www.facebook.com/JosephSpeakmanRealtor/"",""https://www.facebook.com/sharer/sharer.php?u=https://josephspeakman.realtor/properties/178-buttles-avenue-columbus-oh-43215-20240923201949215965000000"",""https://www.facebook.com/sharer/sharer.php?u=https://josephspeakman.realtor/properties/348-w-second-avenue-columbus-oh-43201-20250103041223063847000000"",""https://www.facebook.com/sharer/sharer.php?u=https://josephspeakman.realtor/properties/61-w-2nd-avenue-columbus-oh-43201-223026172"",""https://www.facebook.com/sharer/sharer.php?u=https://josephspeakman.realtor/properties/1061-harrison-park-place-columbus-oh-43201-20250204170539365458000000"",""https://www.facebook.com/sharer/sharer.php?u=https://josephspeakman.realtor/properties/976-neil-avenue-columbus-oh-43201-223018934"",""https://www.facebook.com/sharer/sharer.php?u=https://josephspeakman.realtor/properties/1047-perry-street-columbus-oh-43201-222027028"",""https://www.facebook.com/sharer/sharer.php?u=https://josephspeakman.realtor/properties/1161-n-4th-street-columbus-oh-43201-223006668"",""https://www.facebook.com/sharer/sharer.php?u=https://josephspeakman.realtor/properties/981-delaware-avenue-columbus-oh-43201-20240409124820359778000000"",""https://www.facebook.com/sharer/sharer.php?u=https://josephspeakman.realtor/properties/87-w-2nd-avenue-columbus-oh-43201-222036055"",""https://www.facebook.com/sharer/sharer.php?u=https://josephspeakman.realtor/properties/321-tappan-street-columbus-oh-43201-223021067"",""https://www.facebook.com/sharer/sharer.php?u=https://josephspeakman.realtor/properties/250-w-spring-street-811-columbus-oh-43215-20240702161514699597000000"",""https://www.facebook.com/sharer/sharer.php?u=https://josephspeakman.realtor/properties/155-e-4th-avenue-columbus-oh-43202-223014676"",""https://www.facebook.com/sharer/sharer.php?u=https://josephspeakman.realtor/properties/621-gibbard-avenue-columbus-oh-43201-223003043"",""https://www.facebook.com/sharer/sharer.php?u=https://josephspeakman.realtor/properties/91-w-2nd-avenue-columbus-oh-43201-222040446"",""https://www.facebook.com/sharer/sharer.php?u=https://josephspeakman.realtor/properties/319-w-2nd-avenue-columbus-oh-43201-221011603"",""https://www.facebook.com/sharer/sharer.php?u=https://josephspeakman.realtor/properties/853-poppy-hills-drive-blacklick-oh-43004-222024278"",""https://www.facebook.com/sharer/sharer.php?u=https://josephspeakman.realtor/properties/94-n-6th-street-g48-columbus-oh-43215-222008151"",""https://www.facebook.com/sharer/sharer.php?u=https://josephspeakman.realtor/properties/1153-michigan-avenue-columbus-oh-43201-223013239"",""https://www.facebook.com/sharer/sharer.php?u=https://josephspeakman.realtor/properties/77-w-2nd-avenue-columbus-oh-43201-20240429195646914820000000"",""https://www.facebook.com/sharer/sharer.php?u=https://josephspeakman.realtor/properties/1208-neil-avenue-columbus-oh-43201-223037588"",""https://www.facebook.com/tr?id=852476168417571&ev=PageView&noscript=1""]","[""https://www.instagram.com/SpeakmanRealEstate/?fbclid=IwAR3trJNSx0rxlCEEAjsUfKqilbByT4Gspb12Hqf8tL4YVffwnS4thdlRNSo"",""https://www.instagram.com/SpeakmanRealEstate/"",""https://www.instagram.com/SpeakmanRealEstate/?fbclid&#x3D;IwAR3trJNSx0rxlCEEAjsUfKqilbByT4Gspb12Hqf8tL4YVffwnS4thdlRNSo""]"
Ohiorealestatebroker,https://ohiorealestatebroker.com/,"[""david.ayers@theagencyre.com"",""realtormelary@gmail.com"",""oh.broker@exprealty.net""]","[""https://www.linkedin.com/sharing/share-offsite/?url=https%3A//www.ohiorealestatebroker.com/""]","[""https://www.facebook.com/tr?id=883109217643679&amp;ev=PageView&amp;noscript=1"",""https://www.facebook.com/sharer/sharer.php?u=https%3A//www.ohiorealestatebroker.com/""]",
Therainesgroup,https://www.therainesgroup.com/t?source_string=google-business-page&page_url=/,"[""info@therainesgroup.com"",""iphone3@2x.png""]","[""https://www.linkedin.com/company/9203170/admin/""]","[""https://www.facebook.com/therainesgroup"",""https://www.facebook.com/tr?id=1814850938577842&ev=PageView""]","[""https://www.instagram.com/therainesgroupOH/""]"
Josesellshomes,http://www.josesellshomes.com/,"[""joanne@josesellshomes.com""]",,,
Cambridgepremierrealty,https://www.cambridgepremierrealty.com/,"[""cambridgepremierrealty96@gmail.com""]",,"[""https://www.facebook.com/cambridgepremier/""]",
Jlcore,http://www.jlcore.com/,,,"[""https://www.facebook.com/JLCoREboston/"",""https://www.facebook.com/jlcoreboston""]","[""https://www.instagram.com/jlcore""]"
Realty20,http://realty20.com/,"[""support@realty20.com""]",,,
Sellinboston,https://sellinboston.com/,"[""seth@sellinboston.com""]",,"[""https://www.facebook.com/SW02152""]","[""https://www.instagram.com/sell_in_boston/"",""https://instagram.com/sell_in_boston""]"
Ricardoboston,http://www.ricardoboston.com/,"[""ricardo.rodriguez@nemoves.com""]","[""https://www.linkedin.com/in/ricardo-rodriguez-48b3b6a"",""https://www.linkedin.com/in/ricardo-rodriguez-48b3b6a/""]","[""https://www.facebook.com/RRABoston/""]","[""https://www.instagram.com/rraboston/?hl=en"",""https://www.instagram.com/reels/DUsvEGSjzsz/"",""https://www.instagram.com/reel/DSXyBm5ET-n/?utm_source=ig_web_copy_link&amp;igsh=MzRlODBiNWFlZA=="",""https://www.instagram.com/rraboston/?hl&#x3D;en""]"
Encoreliving,http://www.encoreliving.com/,"[""info@encoreliving.com"",""info@allaccessboston.com""]","[""http://www.linkedin.com/company/encore-living""]","[""http://www.facebook.com/2008/fbml"",""http://www.facebook.com/encorelivingboston""]",
Nextgenrealty,http://www.nextgenrealty.com/,"[""amy@carlislegrouprealestate.com"",""user@domain.com""]",,"[""https://www.facebook.com/CarlisleGroupBoston/""]","[""https://www.instagram.com/carlislerealestate/"",""https://www.instagram.com/p/DZdeHK6ErlK/"",""https://www.instagram.com/p/DZaiHS4GseN/"",""https://www.instagram.com/p/DZYCXW_vMFT/"",""https://www.instagram.com/reel/DZLgwJHSUE9/embed/&quot;&gt;&lt;/iframe&gt;"",""https://www.instagram.com/p/DZIwhXTEudU/"",""https://www.instagram.com/reel/DZGBySavKiM/embed/&quot;&gt;&lt;/iframe&gt;"",""https://www.instagram.com/p/DZDl6ozkp4E/"",""https://www.instagram.com/p/DZDV8ayMkvU/"",""https://www.instagram.com/reel/DY5xBmyPqxV/embed/&quot;&gt;&lt;/iframe&gt;"",""https://www.instagram.com/p/DY5vv1cGRfL/"",""https://www.instagram.com/p/DY2TJPsmxhG/"",""https://www.instagram.com/reel/DY0LU39SyHw/embed/&quot;&gt;&lt;/iframe&gt;""]"
Carlislegrouprealestate,https://www.carlislegrouprealestate.com/,,,"[""https://www.facebook.com/AndrewMcKinneyRE/""]","[""https://www.instagram.com/mckinney.realestate/""]"
Linktr Ee/Mikeurban,https://linktr.ee/mikeurban,,,,
Nicolemblanchard,http://nicolemblanchard.com/,"[""nicknahid@nicknahid.com""]","[""https://www.linkedin.com/in/nicknahid/""]","[""https://www.facebook.com/nick.nahid""]","[""http://instagram.com/nicknahid""]"
Cabotandcompany,https://cabotandcompany.com/,"[""brokers@cabotandcompany.com""]",,"[""https://www.facebook.com/cabotandcompany""]","[""https://www.instagram.com/cabotandco/""]"
Bostoncityproperties,http://www.bostoncityproperties.com/,,"[""https://www.linkedin.com/company/boston-city-properties""]","[""https://www.facebook.com/BostonCityProperties""]","[""https://instagram.com/bostoncityproperties""]"
Remmesco,http://remmesco.com/,"[""support@agentfire.com""]","[""https://www.linkedin.com/company/remmes-co""]","[""https://www.facebook.com/RemmesCo/""]","[""https://www.instagram.com/remmes.co/?hl=en""]"
Downtownbostonrealty,https://www.downtownbostonrealty.com/,,,"[""https://www.facebook.com/downtownbostonrealty/""]","[""https://www.instagram.com/downtownbostonrealty/""]"
Stevencohenteam,http://www.stevencohenteam.com/,"[""info@stevencohenteam.com""]","[""https://www.linkedin.com/company/the-steven-cohen-team-at-keller-williams"",""https://www.linkedin.com/company/the-steven-cohen-team-at-keller-williams/""]","[""https://www.facebook.com/stevencohenteam/"",""https://www.facebook.com/stevencohenteamrealty/""]","[""https://www.instagram.com/stevencohenteam"",""https://instagram.com/stevencohenteam""]"